PC1,PC2,PC3,PC4,PC5,PC6,PC7,PC8,PC9,PC10
0.5774354928394677,-0.5642423203023971,0.3134757558985108,1.1681457869092597,-0.9305984737015927,0.0535631717984874,-0.24566670772355895,1.9779439642080996,-0.7661349180692385,0.09307880407268763
0.513880488238033,-1.3692845156727729,0.4402494901734617,0.8453306642537115,-0.9107699030785316,-0.046353020939666915,-0.599427660515823,1.6426496346513884,-0.8045473311991009,-0.23946910277418001
1.1642956404414546,-1.6567439613391097,2.2049162958651816,-1.2031538867965197,0.7766967506678571,-0.36886540945512647,-1.6740219604185038,1.6069593237340662,-0.9143984238386281,-0.05357387665932603
0.3461633875390925,-0.7805076900611969,1.0132776073831085,0.5150591268560255,-1.0937997324156676,0.5184309523308029,-0.15862747408714536,1.6423119209156776,-0.964026755948241,0.4297084432894364
-0.019161629933345834,-0.8933051360817214,1.2890256169629721,0.03104872536241013,-0.83132062184214,0.3335496524691141,-0.36431228162270957,1.545290808503279,-0.672406901139308,0.18261155545375166
0.44213320640334786,-1.1149502313775077,0.7974945404107997,0.9653126305336516,-0.4969841669673239,0.4080017716246819,-0.2517813672297983,1.6727054272351998,-0.7372520827262711,0.08749449159167391
-0.8539522445541203,-0.4132374647170508,1.0319051128860384,-0.5138415641181162,-2.017374949165775,0.2530264672622381,-1.0078520873538677,1.5688074561011882,-0.8006955542722435,0.33405599328470703
-1.029053576382393,-0.22086201876798064,1.0226153559859443,0.2235463452405489,-1.2561383730285989,0.04780626485328112,-0.20633702243604085,1.6783837727247743,-0.9010004182185583,0.25811553979573193
-0.297157355109318,-0.9052284016475857,2.856632042577195,-1.3429994682572468,1.352966870096007,1.4953831218426143,-1.4982057469628078,2.0173813701028047,0.33142194983261436,-0.2827591186642209
-1.3290833524244936,-0.7018811546179602,2.309563384058662,-0.6112806017745626,-0.014254851882206052,0.5650311504377694,-0.1075262339896339,1.4246256854688988,-0.63942353585187,0.46857194745685604
-1.1758996044617354,-1.4626611466207187,3.6093086798079907,-1.0454010783106364,0.5609068820654242,1.5965549503768146,0.40020907900751096,0.8776786463520428,-0.8557759531434724,0.43177408475876855
-1.062820496568535,-0.49779680244369606,2.643353998656775,0.2733385121634977,-0.2890129247753512,0.7653434088945391,1.0793209725796264,0.7967030656224222,-1.3297923275328283,0.7533472285426517
-1.0966988634938644,-0.8015486508693592,3.160403919395725,-0.2030506505486237,0.4209095610616515,0.7557010732448913,0.7508543421436114,0.8306541883592973,-0.8426664380761912,0.223265599183314
-1.2107796284450967,-2.5065728986925606,5.48477165978755,-0.9419208605238562,0.1803843794983076,0.6900771723865894,1.7734032525974168,-2.098468422498887,-1.7626170585303533,-1.192036437550426
-0.3923249703391013,-0.6708486878971813,5.767669334472127,-0.6197178422688808,-0.03088583549303908,1.4749901354448887,1.3192917926749435,-1.721038171316669,-2.105619252235034,-0.3364464198265355
-1.534088579082687,0.13594822798656456,4.789446063080238,0.5804205695956464,-1.3430803503775057,0.21307914800789857,2.3570933555645293,-2.2749407741162035,-1.5569208121829001,-0.3571570592462164
-0.7891057782035586,-0.003576928904316151,4.8825441443545055,0.6478862894740308,-0.11896909812334398,0.583774961451023,1.5187914297313607,-1.84298124687845,-0.7178760148751436,-1.142508372720984
-0.23423054277143804,-1.8129695621974393,7.406950851753039,-0.5812134015435994,1.8020210927000795,2.7029188161233,1.7380015356913565,-2.81302616898714,0.06412072568965219,0.09732748225479226
0.12437139176092668,0.49320635510988803,2.7322122126491952,1.7025975714273043,-0.5945022035125889,0.15077370172551427,0.9718460115155542,-0.482892225614728,0.45323874783614965,1.273469522440393
-0.5279542651175931,-0.832913412459154,2.465306651079409,1.1514066832186676,-0.42976374111772,-0.48487621666783226,0.49912829438632234,-0.6674783799979277,0.9722477197943161,0.881370364636603
-0.340819878622516,0.3003122535025551,2.438407854960814,1.3907184069967873,-0.6451577549004458,0.34063367462775207,0.06306525954508943,-0.34402059502813404,1.6165921083389565,1.407677374491727
-0.6694906469777364,0.1619439276111012,1.8466432605257843,1.5231413982237496,-1.3533988094886802,-0.6766589503388803,0.0029597671303371103,-0.24513938761234016,1.2433465285108534,0.5407365334187659
-0.6907966636212413,0.24610828782134694,1.7997563652484898,1.2156986641991567,-1.0537097417562398,-0.6564208457888475,-0.6423952530201392,-0.18133752805510434,1.2749191255913614,0.28989576696087066
-0.8272338250609205,0.9259321292327545,1.7023549728269205,1.6170406143228584,-1.1618516974175201,-0.5931446609131016,-0.09489700576815027,-0.44815393981622864,1.2558916108061922,0.46383646556514707
-0.7034919318532324,1.0570716640227813,1.4235507714529303,1.8098810276982507,-0.8218075166252995,-0.9153772742464787,0.15490546465707453,-0.10619402789810208,1.7736609267426384,0.41365930667238615
-1.0096499443552902,-0.7304537856794187,2.3317154326306975,0.8112915612212049,0.4218811119869142,-0.33498232604262723,-0.3413477045718606,-0.048603971119650605,2.241864362240387,-0.018639113616664836
-1.6979021165338628,0.4431461114855801,1.903453594190147,0.9649982918587396,-0.8284441726461228,-0.5765118596004294,0.07312592249620435,-0.0644472298101228,1.4730528142157924,0.8579196774826434
-1.275189089304153,1.0434391136930443,1.4209685087319794,0.9657790660732314,-0.07273940107583635,-0.4153047665565416,0.07831435789578563,-0.19170480164117093,1.6284539447652242,0.3661630342304718
-1.4359417525973361,0.4859020145258263,1.3048522990592646,0.21470777896957205,0.6703127357966313,-0.027213849181685762,-0.3189351413425982,-0.9419567375232298,1.7769346931345218,0.38035138956915016
-1.538303531375665,0.45475856918377966,0.6544840572656904,1.7731011942134742,-0.8968547494557931,-1.1866703195961803,0.7084494542148977,-0.41332988265445103,0.9572041472647193,0.8290589986040431
-1.06391127171152,0.170554780005629,1.072855044218585,1.324417911305136,0.02312847117583273,-0.7005669089268047,-0.029687084210748362,-0.5146765217958782,1.525246251320697,0.20990437083493876
-0.7462477442150873,-0.49279722427482375,1.245905910756836,1.4738789060479245,0.4744582361095553,-0.22810921726620434,-0.2539648928092876,-0.3880958729600685,1.8215310546713925,-0.026663232908855392
-0.41158043524264537,-0.20847474041972772,0.543411545599512,2.275116564941154,0.037402951795599486,-0.7859235435778757,0.0704737268048159,-0.4841534462456935,1.4405269179049205,0.2639729273136835
-0.6379501544794677,-0.1964420326678072,1.106427179937559,1.1662899670251092,-0.5615818454498509,-0.7734624819057233,-0.7669752240478811,-0.5892801338185405,1.4665959781777893,0.3263775766416989
-1.2964075459463764,-0.08567045271179966,0.38864515611426315,0.8876254704913271,-0.8550674671234535,-0.6928085790385139,-0.056056844411508065,-1.8533472076170145,0.7192865952455949,-0.29108643836255027
-1.2281372837223292,-0.06909376555345274,1.7421048146567557,0.042194562675366205,0.1396939784284993,0.3791424471313871,-1.0373461118929577,-1.2103431255068329,1.8287033346220323,-0.8141364119535489
-0.6303461489660476,0.16122040183340736,0.6428306715838925,1.7145124283284825,-0.6699100739402601,-0.6677524241558099,0.5248693197916422,-1.0269970951162173,0.2185265396836866,0.3262150858477519
-0.6968357718297602,-0.011373808604360632,0.6820192156562472,1.3719287803568012,-0.7353234202202662,-0.5638441365785243,0.2802492312504749,-0.9237769605484581,0.6755791319574815,-0.2457345570068388
-0.30144094401922733,-0.4777174577566895,1.002966077715498,1.6587519140642515,-0.22129034759056684,-0.5725471902806382,0.07222336812020212,-0.4053709674371949,1.093755310994798,-0.6818555547380009
-0.12318243893787852,0.46160011154136305,1.0333222693919322,0.9166050990058681,-0.40815765600751347,-0.27374190604026416,-0.3905837030943483,0.20871983553887796,1.5965217127274067,-0.5233062376954465
-0.7520230193633894,-0.20700637032513206,1.012371525119895,0.7183394371853944,-0.8440990699794623,-0.8987117109626988,-0.1686277030926378,-0.03415452957314791,0.9939808201318812,-0.5650870224970247
-0.410780586409138,-0.28983656081406733,1.243604716523052,1.1116047832533564,-0.5981038247751994,-0.3029825544403277,0.046860979173056025,-0.16363157367370051,0.7849708203885578,-0.21078353314531167
-0.8608854991719929,0.447025147530197,1.0583407006180618,0.9079477700949425,-1.4287539418205928,-1.0394260182641042,-0.18819556164791973,-0.4220710144728258,0.7668340107450506,-0.37107458315493363
-0.387216242101237,0.3721138851412115,0.5862241441942694,0.8024508686017496,-0.1331769783913986,-0.20470637987033777,-0.7917651908647538,0.965767974233973,-0.3863632464102668,-0.7566205008467247
-0.7756873983890583,0.0674528745772727,0.20490133654794557,0.9300721397709742,-0.7094933096411428,-0.3753874174687082,-0.22521549122521187,0.9201107376880046,-0.9901356303673055,0.01836981434006419
-0.36816591498183565,-0.5643208566983678,0.2800445051157649,0.17359479190108026,0.6842143670108205,0.13435872109063274,-0.5223522139445035,0.8530039254104702,-0.36940009610550606,-0.6921557901782395
-0.634756856548262,-0.06465727606266279,0.4633149528909354,0.43090819474721387,-0.6043451964861134,-0.6589663180153095,-0.4579615069446547,1.3091917428452624,-0.6762045464839498,-0.23702932240360963
-0.7977817672102459,-0.011708066650689908,0.759507867057607,-0.10906732189915928,-0.004125420525127112,-0.31421450586926186,-1.2134834777189507,1.3745477807385076,-0.11939124838292835,-0.41933353819252667
-1.1872217773670788,-0.12567893079427492,0.5861989260540603,0.5815807600937877,-0.24808636196050385,-0.2971472949399271,-0.25712219154711186,1.1538577525198501,-0.6159313907836015,0.3177582259878059
-0.7945448367493407,-0.30579613053554694,0.7661341431787483,0.7865125156259057,0.11217317125840659,0.08429626038051012,-0.5372963135015308,0.9992467942791229,-0.4742872130166205,-0.0012990879445942947
-1.487620311491928,0.1220844185950713,0.8197948802144303,0.1468432878185715,-0.5714941857340391,0.17942595768619432,-0.7172727145977524,0.9948900387087443,-0.38941241290438966,0.1628384208387203
-1.354639050014406,0.3241293374309188,0.820146560131172,0.45702189895553635,-0.4498533986771848,-0.04531782824343618,-0.38180211940075304,1.194279176198092,-0.7250570601185049,0.49005359300097867
-0.8804945372614257,-0.17806269142532724,0.9074384971670427,0.6364778726161492,0.5634221493882724,0.05933409066967188,-0.37867243919708854,1.345028340938132,-0.22692184934742,-0.01161995411676675
-0.7254804886186329,-0.22392519424654447,0.6239438458943429,1.0123014855186026,-0.02583565865701902,0.1274063578391534,-0.08446862329755642,1.2744400319532432,-0.5332468790200116,0.3973636958546401
-0.6455316588581174,-0.6973545462568846,0.5797520380915904,0.9940675365536484,-0.041332038499940014,-0.19581303966936392,-0.3190793621211418,1.0047786728145875,-0.398456596675052,0.2502840140918875
-0.3862766042075222,-0.11576424367987753,-0.2144571172063971,1.1669929768477207,-0.04528540345632524,0.04466935469133078,-0.48488356630798374,0.829719074346701,-0.3637229954473135,0.07316664511114358
-0.13766429532928487,-0.40582810669110847,-0.00791023518422216,0.9147691298847899,0.07885802016861651,0.17329535825072578,-0.6531805151598107,0.8872660345772524,-0.19743422294681454,-0.07827752009415659
-0.9461971671516881,-0.21191464230273244,0.13013235222751326,0.018927757494605343,-0.9184028508049012,0.2393128577733393,-1.0024121911351824,0.49317036601350883,-0.3478905777630053,0.14194813588938313
-0.7365741104811816,-0.006396530870184798,-0.2839049343520569,0.860681193937247,-0.902010589149757,-0.20675375524087206,-0.5034537383603376,0.5736999196318794,-0.8085984229541744,0.28037150301152797
-0.2823743799506489,-1.0501987045072834,1.685037525869353,-0.9826450830526133,1.496384155564087,1.3322187154453795,-1.8463542181253478,0.845790375796391,0.7931515146103851,-0.5445278444477265
-0.3941874547718056,-0.8334692261994591,1.9201815262549695,-0.9161844914015314,1.112738953629076,1.6105990625462834,-1.0434752776342702,0.8014484144807885,-0.2249230230680616,0.7523471141887492
-0.932199287312471,0.7279442540548046,0.14578927240303707,0.19854684459803337,-0.06754090425890202,-0.9576803130786135,-0.22247679183596916,0.41177733904253155,-1.1953393710619227,0.912655380039518
-1.7573363412868859,0.5527723334808808,0.03169243389802366,0.20581533147206224,0.09300939422143512,-0.13101275598285214,-0.4305487268371942,0.7037141386335275,-0.13333689972074622,0.3962630627093898
-2.3091229246243428,0.7808961795228309,-0.2598983423454784,-0.2624501485587261,0.3689311037674908,0.06385614268269336,-0.4717107309577252,0.4015399427472168,0.17559157901855799,0.19069946821850467
-1.7257703046555932,1.024593354387938,-0.9510760570257121,1.0244546371818388,0.18902194763168562,-0.49687630637300656,0.07338715964605286,0.37516208997903,-0.4026332119976975,0.4490085896019169
-1.477558227349976,0.9551146833173613,-0.3473099676863057,-0.3128523658295027,0.7264958419197329,0.29206291713263166,-1.0835208843166604,0.61713924685443,0.2618877040312813,-0.2075331070364522
-1.7732352194612373,0.4699140570887316,-1.1729609221739932,1.1336162864299542,0.4918043388372056,-0.7543561435900034,0.4365203099456486,-0.434282050140131,-0.6349974498333479,0.12300775046281932
-0.9368802849783165,0.2550071088842759,-0.3445968688953607,1.5232099548153701,0.6313016247564401,-0.13647870397125647,0.06047784003894299,0.4013822668223831,-0.01524243516342039,-0.36949649598832435
-0.7591100947940956,-0.11854056663553644,-0.3666175245845119,1.4053617818027218,0.4315307956981725,-0.2576763058727711,-0.24559770841686027,0.2712333393588794,-0.42705535703331654,-0.026705935009278835
-0.4584289842169251,0.12315890551805321,-0.5450297665163172,1.5833772061145992,-0.15640340037647418,-0.30105779948324385,-0.3930617623764515,0.2633997344799002,-0.6393259541253382,0.2225958750264694
0.1091413755026222,0.07240354083740123,-0.33889366641151153,1.1308209691883064,0.2482059315808919,-0.00622630560283214,-1.233456625991498,0.07001826523334541,-0.22655619545440422,-0.30183413957172617
-0.6060364159250311,0.13267809023657492,-0.9792052281254117,1.2296987965186719,-0.9007742717409031,-0.9593932399384172,-0.80482467489014,0.05442551885696025,-1.009470383359315,0.4477288329075307
-0.44907865810939074,0.032295399780294345,-1.0593071697514513,1.2988914259650486,-0.7945079940899142,-0.4333685941760696,-1.0483703059892258,0.06073455607646138,-0.4402683824633607,-0.11045031633022516
0.14032785269118828,-0.48763371772512815,-0.5724717816663438,1.1628697218903745,0.30941193686335544,-0.2609375574321472,-1.287184295116168,0.41539997083054153,-0.24487314206378563,-0.16813258922678898
0.09687766220028703,-0.3698748204734886,-0.22403065042343995,0.5720165169244121,0.289038935870908,-0.40171649509184526,-1.3109131948160355,0.44785453387578616,-0.36166530599613034,-0.23723954669558464
-0.11843008724105171,-0.26339515719032497,-0.8003538342164384,1.0570988598595084,0.19698660912538457,-0.03684619280861992,-0.9167881055273981,0.3486984202429239,-0.47884176172751997,-0.10099875200160295
-0.4705918278570141,0.15662978806300917,-0.9053119083925976,0.7350325916582996,-0.5895876197516391,-0.2430988079158366,-0.8241266985816922,0.5612987289507948,-0.647390304927379,0.21653496246693982
-0.06125140276144626,-0.1550236270235654,-1.010967713051044,0.9326513333214691,0.04756659592137984,-0.1556954064457836,-0.8230417816404798,0.6956439543141104,-0.2867407150072491,-0.305340392798924
0.18813971509252775,-0.3735684324563152,-0.24664890335659162,-0.057181437311337235,0.36161180553172956,0.7569121902765548,-1.5992424312968094,0.9470268820188497,-0.2058816049961798,-0.05757975399882814
0.05422042492542703,-0.4760763223894457,-0.9519129746297721,1.0245460645843147,-0.35181909547218027,-0.15599302138443621,-0.7535257974083807,0.8304570534681731,-0.9896557503582479,0.4717284678998077
0.34245383823121,-0.6415449875916376,-0.5365537082604045,0.21556054313189715,0.257802878988843,0.3986789357427861,-1.393877207825006,1.0516402216758294,-0.3127644812019338,-0.27844988955684447
0.44324436063241635,-0.8557856747178875,-1.0351346808702313,0.9089655611270703,-0.08071255844509351,0.14440528188252846,-0.7001123163267096,0.8254410278352472,-0.6993440093206883,0.059642692799638616
0.05623101811575511,-1.4017900334217448,0.5570947438687666,0.12333499667928939,-0.47381169883161145,-0.8998740359993546,0.25361478466435844,-0.9887304085591299,-1.789596658840858,-1.2060053640533326
1.3580886840274156,1.4901869293168253,0.6349607333361763,0.8818659467536035,-0.7298689316235276,0.5299564945520645,0.17473276297864376,-0.6672791791460528,-1.5038128845996441,-0.9069457401277785
2.3525465457485577,3.605699841673688,1.1847857172211926,-0.2310761693217148,-0.2606776766056929,-0.2018487724336435,-0.11092031666133365,-0.6556246935781247,-1.0733032732585508,-1.0175020429530082
2.1087494301042766,2.777813762722537,0.7088201303108878,0.36083179776716445,-0.17091035241615848,-1.3236670491335343,0.6338459542497208,-0.8054718254985088,-1.1100493987198068,-0.7071135976935227
1.100395823462412,0.8238561415313165,0.7512673729443358,-0.18294956611640445,0.20185634960822807,-1.4264929896776175,0.37991645440667365,-0.8256573990760319,-0.851701728334265,-0.8533274971567456
1.76824201223672,1.6814624921911796,-0.18902189754792834,-0.3393650312946811,0.17295408592224637,-1.5148220469441596,-0.34185812171856544,0.3197745108544329,0.5238944202715111,-0.1454019125159531
1.1133422726593662,0.7136983495420609,-0.5082055489378497,-0.1167887846481025,0.030764750172366115,-1.0837508349348264,0.13711110421481304,0.3159615881770157,0.6703342589829722,0.013415868682341146
2.1500499791523855,2.0234960082812905,-0.11464271186280008,-0.3147029336067709,0.5641923041231807,-0.16965909527240994,-0.47381290929010933,0.6604720182556278,0.9014492268710416,0.06501665134606942
0.722947421019473,0.471020521083511,-0.8717514442190903,-0.2892499398916935,-0.5857956985141314,-1.1301314636013944,0.12664675071247275,0.2660868778293497,0.11582581916310944,-0.10309993762307408
0.5847132153220315,0.20147541296591057,-0.7648671189411536,-0.6950356984442575,-0.6013414480436282,-1.0421291927083796,-0.02967037351254052,-0.033539715235976895,0.12532813912062432,-0.71224144289287
0.3793667467689266,-0.7207183612109631,-0.9193317721167651,-0.06175273051341447,-0.6399364180901453,-1.189825614716656,0.3981832015998949,0.29695915231726755,-0.07744579355588073,-0.544726883289038
1.2473005434360123,0.4887700941720902,-0.5368130471511534,-0.09763760704801361,-0.5210550095082543,-0.7609476659693712,0.09181242360313391,0.720158384559115,0.19801812732870275,-0.4949434405958984
0.9803347269356933,-1.7112348456993958,-0.7854126272051104,0.4725355113229138,0.12555838982688386,-0.5224283294473494,0.18345166898118465,0.5826682901993034,0.5060359783686653,-0.82086923241876
1.2587614030746812,-0.1198827000335092,-0.8170333646404486,0.18024804538785866,-0.9585579713678016,-0.19398529213600407,0.033992609297400535,0.6122193217278599,0.22200973811255098,-0.4654989508491899
0.6569050791863916,-1.6114861064396182,-0.8827047219730806,-0.0029174705943649914,-0.5360417669768964,-0.877297769352675,0.49438924553316993,-0.2182700256890842,-0.2718793749466614,-1.5200857577991962
1.8672061357949201,0.39199492105997974,-0.39537775509761103,0.824713825730725,-0.7446028201308681,0.1460947665004027,0.32131593757234483,0.09778947730496429,-0.22838489571245424,-0.8070376169405082
1.331915980385718,-0.8968577942427732,-0.20946630820093745,0.15962580092883266,-0.557562808019303,-0.5457269344482857,-0.31553902031974523,-0.1901379482749686,-0.12267580401230686,-0.8166281691822882
4.415552295846026,3.081754689191295,0.48201454554105444,0.31282752562534544,0.2181303127540954,0.07290671733494439,-0.17525020160366034,-0.05329208823792113,-0.32127636557034095,-0.18687980050686145
4.3327668660392895,2.9872975111193822,0.8878170721175813,-1.505639752671414,0.19721384193737668,-2.6832574738370814,-0.7104174189716533,-0.4239140858068031,-0.752292896019677,-0.08559204989608282
1.5035110493414938,-1.7394842894525753,-0.5179048484885334,-0.5956665655498852,0.11191231361399846,-2.039070826078628,0.03496675690801285,-0.08019221115048938,0.763756858372428,0.17339469938012847
3.3593743905618734,0.8622610935067656,-0.27935702670597223,0.20811333916544567,-0.1664877269339602,-0.12065359214238265,0.26356315342480074,0.1999627584099515,0.62092622085381,0.025312019985916503
3.946428362999566,2.115931825255222,0.11154916692230207,-0.5080648880826756,0.05397622768000068,0.05722994161438649,-0.23416784115997308,0.19939742611330777,0.9787770536323147,0.3772215751707618
1.2335182048961844,-1.0427120448715193,-0.9309617969290267,-0.4398178037479945,-1.297604713811023,-1.6955197835385907,0.5001732483896465,-0.09321867875300757,0.23629894880484853,0.36215506427923544
2.7933515668602276,1.5380652768972145,-1.0333215555877504,0.855606128737715,-0.8854133550472842,-0.38548660355530345,0.6374567315875989,0.19929695728045305,0.385731522152274,0.10514968605856563
1.8105991967253354,-1.5330683509736105,-0.35717509510261514,-1.111094232114412,-0.019375075196050834,-1.0856223921334853,-0.2588094164186474,0.0841633157597609,0.9420548383603102,-1.3986142500263274
4.087660829363791,2.685677177601939,-0.28022074457200585,-0.19051290740660795,-0.7826356515837731,-0.4008956127917367,0.3757792475370445,0.24928821468242449,0.10197436309388132,-0.5639880988393805
2.4106005015763556,-1.888645389190942,-0.7997706427614129,-0.023821320223981587,0.20695994749617783,-1.2483288904672944,0.18014160697520662,0.23186147204093266,0.8094064183684678,0.030206379654019993
1.5929748310767262,-2.3249738957567385,0.014755674309719325,-0.7154243913419155,-0.7176162428413815,-0.37330090915035347,0.6414030292001138,-0.5608385930195607,-0.0025736393659663123,-1.0961022599478811
2.4010582471031663,0.9584633747775104,0.6321998266726293,-1.4017211952025832,-1.1498377383598908,0.5368389168821684,0.0901460951088813,-0.25684189371736815,0.1557164889750672,-1.3873722701206808
1.7522814201939463,-0.8821778383656318,0.14586675611897182,-0.45438843970699927,-0.7171100567569744,-1.0830221765955708,0.8022582586992555,-0.3010699149604591,-0.47725003577310815,0.052191826956439105
2.743148956424286,-0.49865852893226503,0.9056976878200391,-1.366161429154579,0.7085003174074995,1.1606654096754008,-0.4649250269597487,0.5892735029797359,-0.41094810331231474,-1.3012858196571278
13.085865412567578,14.848046307383783,2.638973826472239,-1.8014798297968866,1.9452455988952408,1.7734706960194864,0.8846333161957917,0.6218919753933179,-0.2559178572944393,0.7344540598069251
3.852901227168926,-7.384460743603519,2.9800499419566586,-8.779213465267073,4.676279903275338,-7.7018823207093945,-1.4978535376513569,-0.48943189864845915,-0.313710954473567,1.1028046332290378
2.655345473076983,-1.682889818404104,-0.7729511505046873,-1.856720356588348,-1.007626871688604,-0.9067404648289156,2.942899004458613,-0.09880052952570298,-0.2957681517936857,2.6308823510789376
3.0535386725615585,-1.0845848093081893,-0.6617883916048116,-1.8397276279106343,-0.5891082304499883,-0.648750301339123,2.3019389300223527,0.05596816179113001,0.5744524848438533,1.8753748388722866
3.1342508024342313,-1.6620516330258277,-1.0754678787542193,-1.5819510427966619,-1.0691523894520985,-1.0509068870763707,2.270360930683798,-0.34018801197478504,0.43551146416644754,1.1924611195879056
2.175915375042863,-2.5980264326990876,-0.845043816981502,-0.815845955005433,-0.30565933206168255,1.9144014478416778,0.25305261084894975,0.394023299369398,0.8492281762815217,-0.09530814368809903
1.8240589673995806,-2.716699104353699,-1.3503230579396341,-0.7519997411385672,-0.8198884148041259,1.6164515667977424,0.5991346819569747,0.027522122831863893,0.517029369191028,-0.03102363796923693
0.6906932155693688,-4.038610155170362,-3.342920302851972,-0.03427293443339547,-2.948250677192847,-0.911409414734622,2.265058682334349,-0.9607500554084777,-1.0521418213713816,-3.0975099339623036
2.091891302699979,-1.2192760576265143,-2.7297616286649107,0.16779125828114191,-1.5742493206651738,0.5715961287877581,1.0241209476223685,-0.37506444375757503,0.5078146405679914,-0.253285181493626
2.197279901227254,-2.04779006381459,-1.9622398278210722,-0.7263059051924612,-0.6136410434864777,1.582702461977885,0.2896105123400505,-0.3244324765080621,1.1509408947473936,-0.6548271419037307
2.163769437668117,-1.9398094333728664,-1.9938493984568497,-0.12636190223790958,-1.6187637880128463,0.9659894992436285,1.0969044075017023,-0.019621196433780387,0.21943215657274479,0.037991626254641864
2.433134919161958,-1.3553837672334457,-1.7925534756041386,-0.014707924104476763,-1.4809493068214685,0.9510015814475757,0.7779684245302899,0.26889062991035634,0.4756077435575693,-0.4037782137155136
2.1885233334155445,-1.3379332954756777,-2.6077926135280043,-0.10939494976815907,-1.4635434765707047,0.6809829351599346,1.1325682497720104,-0.1544115834902276,0.3855501057800827,-0.36414706267654984
-3.9641431720100635,2.989826224041082,-1.530418897222985,-6.633518517623858,-5.855659340599228,0.7462476131903052,-0.9084554121419254,-0.4999556753104257,0.9670799032922914,-0.8887776773434726
-0.9654649362674023,0.34101402186505303,-1.7253995345315845,-1.2375916566974912,0.6416804349674848,0.7977605429050597,2.5497972157084705,1.1267234129983636,0.5071334826695334,-0.47363537390225147
-1.1524246220124772,0.3661777048905883,-2.196820674009347,-0.9156565395424843,0.17215526215209673,-0.027054928945596985,2.822484199186209,1.042272083519302,0.16226592497764772,-0.5002105765723353
-1.119852929577559,-1.0281058817477289,-0.6824697741468777,-2.1418555389919085,1.9061979436485783,2.077793745696192,1.4837048928954242,1.298756496590475,1.974012994853901,-0.9852587768959927
-0.9600969846100618,-0.9805449028932018,-0.2977741263073985,-2.0157110970049894,1.1941621041728674,1.984138628022887,2.382715253867631,1.2324076382824614,0.6081593815187417,0.6023339614820208
-0.9046584744070092,0.09368866150768336,-1.2452392226494047,-1.4018116181000189,0.7011281934186416,0.9011020222469941,2.3785912601153476,1.022533984139848,0.3979679795832745,0.01618434137928543
-1.1592997415891424,-0.16025991041864565,-1.4033748479424413,-1.0919575604184417,0.3432099570805083,0.571888858172608,2.5766067851791625,1.3516300946321549,0.2451022965496265,0.30506057666349684
0.6935053116233919,-1.3726065044995046,-1.8286819095933255,-0.12566158171893807,-0.14478785508897107,0.9888012782081935,0.3529660326741235,-0.29042680407095717,0.3890507422455818,0.8975230897218789
0.9673745148354076,-1.155616527935439,-1.5522608350441052,-0.1430892225709118,-0.19194852384924074,0.9411482438297084,0.2183719362399678,-0.183055274485186,0.4972145227488453,0.2779116795451607
1.02149174776774,-1.9802546606860054,-0.6772529952049606,-0.8855565413825379,0.4331652238070227,2.0285287901295157,-0.019092631509609954,-0.039139345996127325,0.43704121511892313,1.023208898811065
0.9023245437416059,-1.379754178159143,-1.319815550288998,-0.23054579700927577,-0.05075966421186159,1.2142437598833353,0.13833555397902358,-0.12292552218503759,0.7573555695460109,0.23567118531097805
0.5572727729947123,-1.3004510226144386,-2.0232461834702473,0.21236146970046846,-0.6737257494259226,0.9060748321783325,1.0073067476858286,-0.6066875991134736,0.12876012280832022,1.2506829133392208
0.8725558080957296,-1.1847091895763842,-1.267113744927007,-0.24219314083102833,0.15479180916082336,1.2281569507627497,-0.01338345551571562,-0.24442473095811226,0.8924620572574421,0.12395509326466472
1.0015194774918779,-1.6732140485985036,-1.0840280265855975,-1.3647898875273268,1.2565403012151621,2.208967433989196,-0.5836658702165561,-0.8219083965006813,0.36186930790047434,-0.08734435348238041
0.7828064576568741,-1.2460193866469669,-2.4553919654256338,-0.3185621531108034,-0.22500748099885706,1.1514856606169606,0.6409683102936242,-0.9942787686407639,-0.7622784322162733,0.8982837497342165
1.0904240882179763,-1.1211483159914677,-1.9663741425852506,-0.6465666797603069,0.3120831437968331,1.619511032918506,0.12122436389963023,-0.8912688281454895,-0.07692598739981808,0.22085057842684283
1.0245952320932157,-1.201293980958858,-2.2106496373583484,-0.7027501017806023,0.424606160928675,1.647420485622987,0.060993429642347545,-0.9987663440060959,-0.0009596792673791263,0.21183044742224924
-0.827770111676872,-3.570085229152172,-2.0642717220129905,-0.39479809976047026,0.5174535461530577,2.1662555429448846,0.2551409649656568,-1.269412572978126,-1.515464283114617,3.1647522242117376
0.4266193669773958,-0.5933888082476092,-2.3556450289343127,0.46801306086279854,0.14815723829897795,0.14304653253623936,-0.8960315457190761,-0.7144896672894308,-1.3420078699450158,0.29269600065500756
1.0868226890454438,-2.8366724463652644,0.7506731935729133,-2.6401352613294793,3.72693728069978,3.535235900775501,-3.4019056683723434,-0.4849508082440874,1.2566837044211767,-1.2354169445050818
0.2966249815673115,-0.6976829170700483,-1.7900250071487385,0.2578270015685918,0.3033141517195831,0.7791035236855915,-0.447681196014195,-1.3754499470532398,-1.4553102272786567,0.8688024830829857
0.9466222803802303,-0.2251254117663816,-1.3998661072685459,-0.046157410868648586,0.7117804252877811,1.055199619250667,-0.9094138630644394,-0.9777969689089867,-1.2635697357373497,0.5770489518946396
1.1193603623779182,0.7601239009777819,-2.222641065430066,0.5035085100369547,0.28669939438925884,0.3264560950175153,-0.6368244493372852,-1.104815303459367,-1.249049509684874,0.32955266272683453
0.9863220213280324,-0.7092123134266844,-1.459833678096357,-0.6303874701631202,1.5653269179652258,1.0892447311070224,-1.7387243412229303,-0.9114717837956767,-0.04817074968643528,-0.6431514614269844
-8.280826585575667,6.057552028602484,0.3147881460822667,-9.011426068077126,-6.4302669780994375,0.8115479163769784,-3.3160624138593753,-1.503370693361759,-0.08706149646616262,0.946977036388391
-4.885705785049536,2.353649409588734,-0.9013934713696691,-0.9508262442954158,2.309604389625424,-0.4848691500810898,1.7599535934788002,0.5059731157529193,-0.42510207456031934,0.7089461960336444
-5.060633258269381,3.984934952996356,-1.2439404478812282,-0.8196972890026296,1.983522953420643,-0.8217097760641005,1.615667109480706,0.6871144817322707,0.11624248768548029,-0.026783493341351
-5.475569489209749,3.714063599075723,-1.2801421395455905,-0.621834880710461,2.1859237220917307,-1.218365150567312,1.8866687939575733,0.9365504497925656,-0.03134308018444323,0.05720292262431512
-5.375328111387214,2.8678779396161715,-1.322319442012941,-1.143392623143364,3.799743658957722,-0.22863270784255868,1.5224050274428962,0.7715954462165474,0.8317674882738705,-0.9228111085665045
-5.8047917449317445,2.7846423798079907,-1.6332676128248098,-0.9050327871798918,3.054612469173726,-0.9428896713478249,2.2142766325208596,0.5119886045128853,-0.22341547917207494,-0.34437383812822076
-4.562206441012654,2.0651231032502073,-1.6436073706988068,-1.4026979209960242,2.131360657433576,-0.5711807908310547,2.933126621790009,0.46453694528502615,-0.44371590251131676,-1.65441638385297
-1.4953614158143809,1.3505535911019835,-1.8024304939497793,0.3135396031869384,1.2339559351526204,0.34547558413392027,-0.0769260988538705,-1.7311821940559415,-0.51801953613207,-0.6332984733500799
-1.5715170109308243,0.7365593142920687,-1.374140324926685,0.7214613304524348,0.9983141896733223,-0.1075815841177216,0.04453320521984271,-1.6233751492117297,-0.8167439628129303,0.04618255096474108
-1.2005114433822937,1.0522124738315428,-1.6276729612642415,0.8861863725941054,0.773269600085885,-0.21415467163473,-0.3516839457828354,-1.5798643352298651,-0.8860834516967226,-0.3136759474736038
-0.9196442057040277,0.428255368437588,-1.2387435513641183,0.4419034504869148,1.459671894795064,0.31852399316280433,-1.061788155872796,-1.505220889856063,-0.4941312909984053,-0.47984690004268565
-0.37445496755042534,1.2939668229129477,-1.5172958133593777,0.5573022755646447,1.5143944396129436,0.22107391195509132,-1.2686507488356686,-1.0222061320625133,0.19298832666019058,0.06293494124898467
-0.9842467660922695,0.6725948862939651,-1.9880073910965277,0.8767866459665273,0.884707174312163,-0.7644364775057336,-0.7354042778200707,-1.3233426218795048,-0.5262717590564393,0.8200494673577059
-0.6035779010300226,1.7558259149775102,-2.241051517463372,1.179897852985685,0.7560988800617601,-0.4311964830934588,-0.7509389125846947,-1.440574346640703,-0.37009316839610473,0.8192995672554932
-0.5798076289417601,0.912599094944697,-1.804950941406749,0.3984966024816889,1.654197075327909,0.0018681861043379835,-1.5494856959330132,-1.4524230764681367,0.5128746401023667,-0.19739738769340942
-0.446187109733861,0.502622213637069,-1.3228430249932304,-0.15160448851413547,2.2184971012601933,0.7261798835472615,-1.909568929141833,-1.345924239814921,0.5914793196233389,-0.013639600693915928
-1.1214326536252908,0.10623389369636421,-1.8887491433680184,0.4255577946118727,1.1659323579696712,-0.3101714717321708,-1.0748983905806935,-1.5894234635053057,-0.5982501029964246,0.6825424261800229
-0.7612068767515386,0.9162183096561438,-2.0423458142528115,1.1197137719311818,0.9595552659997918,-0.24653626240189055,-0.7587611277740506,-1.4847638679719977,-0.45531133184749134,0.5895061984702624
-0.980009140113943,1.0544239874873684,-2.0180232267851212,0.7145781721958391,0.8795096314090991,-0.4430543900764256,-1.0914308419891137,-1.4967735844988705,-0.13649001789876145,0.03299982273162231
-0.09098473860706556,2.304797932269823,-1.7015591138555208,0.7605094396839718,1.1606467489563999,-0.2631391977043862,-1.133407760843517,-1.1284099136084556,-0.21984293391185167,0.29277312061303923
