stablecoin,hit_date,PC,z_score,close_price,matched_depeg_date,lead_time_days,is_matched
DAI,2021-04-04,PC1,3.44162794402304,1.00671266,2021-04-08,4.0,True
DAI,2021-04-08,PC1,3.372841225395754,1.00611501,,,False
DAI,2021-11-10,PC1,-3.472487997923387,0.9877538364,2021-11-11,1.0,True
DAI,2021-11-10,PC6,6.509323407123144,0.9877538364,2021-11-11,1.0,True
DAI,2021-11-10,PC7,4.219966039398825,0.9877538364,2021-11-11,1.0,True
DAI,2021-11-11,PC10,-3.829890929376981,1.0053536445,,,False
DAI,2021-11-11,PC6,3.9922579319981177,1.0053536445,,,False
DAI,2021-11-11,PC7,4.336199473817681,1.0053536445,,,False
DAI,2021-11-12,PC1,-3.025792841416875,1.0018698681,2021-11-19,7.0,True
DAI,2021-11-12,PC6,5.281989690233261,1.0018698681,2021-11-19,7.0,True
DAI,2021-11-12,PC7,4.19428407543428,1.0018698681,2021-11-19,7.0,True
DAI,2021-11-13,PC6,4.065889596945628,1.0013494909,2021-11-19,6.0,True
DAI,2021-11-13,PC7,4.414444346279805,1.0013494909,2021-11-19,6.0,True
DAI,2021-11-14,PC1,-3.0628757060494416,1.0007289899,2021-11-19,5.0,True
DAI,2021-11-14,PC4,-3.382355773758491,1.0007289899,2021-11-19,5.0,True
DAI,2021-11-14,PC6,4.005439629248811,1.0007289899,2021-11-19,5.0,True
DAI,2021-11-14,PC7,4.593447079187769,1.0007289899,2021-11-19,5.0,True
DAI,2021-11-15,PC3,-3.5114366209720123,1.0001597113,2021-11-19,4.0,True
DAI,2021-11-15,PC6,5.95390242572721,1.0001597113,2021-11-19,4.0,True
DAI,2021-11-15,PC7,3.2014775990064166,1.0001597113,2021-11-19,4.0,True
DAI,2021-11-16,PC1,-11.977151835311629,1.0011561072,2021-11-19,3.0,True
DAI,2021-11-16,PC10,-30.506666969506117,1.0011561072,2021-11-19,3.0,True
DAI,2021-11-16,PC2,-12.832906180040593,1.0011561072,2021-11-19,3.0,True
DAI,2021-11-16,PC3,17.96237928653475,1.0011561072,2021-11-19,3.0,True
DAI,2021-11-16,PC4,-12.73737320892668,1.0011561072,2021-11-19,3.0,True
DAI,2021-11-16,PC5,-33.11455638464144,1.0011561072,2021-11-19,3.0,True
DAI,2021-11-16,PC6,27.94506248802095,1.0011561072,2021-11-19,3.0,True
DAI,2021-11-16,PC7,-30.768853005452527,1.0011561072,2021-11-19,3.0,True
DAI,2021-11-16,PC8,40.08896308720926,1.0011561072,2021-11-19,3.0,True
DAI,2021-11-16,PC9,36.171306881890985,1.0011561072,2021-11-19,3.0,True
DAI,2021-11-17,PC1,7.953395877469337,1.0030699995,2021-11-19,2.0,True
DAI,2021-11-17,PC10,-8.424696218269801,1.0030699995,2021-11-19,2.0,True
DAI,2021-11-17,PC2,-4.425365845710781,1.0030699995,2021-11-19,2.0,True
DAI,2021-11-17,PC5,-9.551558137249804,1.0030699995,2021-11-19,2.0,True
DAI,2021-11-17,PC6,13.607465323238682,1.0030699995,2021-11-19,2.0,True
DAI,2021-11-17,PC7,19.429270662377142,1.0030699995,2021-11-19,2.0,True
DAI,2021-11-17,PC8,11.023934250682318,1.0030699995,2021-11-19,2.0,True
DAI,2021-11-17,PC9,-12.627189712300558,1.0030699995,2021-11-19,2.0,True
DAI,2021-11-18,PC10,-3.2998423007905013,0.9964562056,2021-11-19,1.0,True
DAI,2021-11-18,PC3,5.478837697083096,0.9964562056,2021-11-19,1.0,True
DAI,2021-11-18,PC6,7.758849976292188,0.9964562056,2021-11-19,1.0,True
DAI,2021-11-19,PC1,4.531744027124359,1.0048333304,2021-11-20,1.0,True
DAI,2021-11-19,PC3,6.466385679538715,1.0048333304,2021-11-20,1.0,True
DAI,2021-11-19,PC6,7.986146011258441,1.0048333304,2021-11-20,1.0,True
DAI,2021-11-20,PC1,-5.352069685476897,1.0074067795,2021-11-23,3.0,True
DAI,2021-11-20,PC3,7.023975987043055,1.0074067795,2021-11-23,3.0,True
DAI,2021-11-20,PC6,8.436768161297179,1.0074067795,2021-11-23,3.0,True
DAI,2021-11-20,PC7,-3.200366471509244,1.0074067795,2021-11-23,3.0,True
DAI,2021-11-21,PC3,3.9394099828337628,0.9969374162,2021-11-23,2.0,True
DAI,2021-11-21,PC4,5.439072276779986,0.9969374162,2021-11-23,2.0,True
DAI,2021-11-21,PC5,6.656936392319114,0.9969374162,2021-11-23,2.0,True
DAI,2021-11-21,PC6,-4.101388843940385,0.9969374162,2021-11-23,2.0,True
DAI,2021-11-21,PC9,3.1144930773534876,0.9969374162,2021-11-23,2.0,True
DAI,2021-11-22,PC1,-3.904044037858057,0.9967034445,2021-11-23,1.0,True
DAI,2021-11-22,PC3,3.685050351900648,0.9967034445,2021-11-23,1.0,True
DAI,2021-11-22,PC4,5.300416145583722,0.9967034445,2021-11-23,1.0,True
DAI,2021-11-22,PC5,6.282201846907718,0.9967034445,2021-11-23,1.0,True
DAI,2021-11-22,PC6,5.34230991774806,0.9967034445,2021-11-23,1.0,True
DAI,2021-11-22,PC9,3.4394087396633997,0.9967034445,2021-11-23,1.0,True
DAI,2021-11-23,PC1,-6.602126241103921,1.0075260721,2021-11-24,1.0,True
DAI,2021-11-23,PC3,-3.3517009099084376,1.0075260721,2021-11-24,1.0,True
DAI,2021-11-23,PC4,-6.747922615249837,1.0075260721,2021-11-24,1.0,True
DAI,2021-11-23,PC5,6.624782791116245,1.0075260721,2021-11-24,1.0,True
DAI,2021-11-23,PC6,-4.039494862878352,1.0075260721,2021-11-24,1.0,True
DAI,2021-11-23,PC9,3.8300365235599045,1.0075260721,2021-11-24,1.0,True
DAI,2021-11-24,PC1,-5.611026918840951,1.0047285533,2021-11-29,5.0,True
DAI,2021-11-24,PC4,-7.387065294452441,1.0047285533,2021-11-29,5.0,True
DAI,2021-11-24,PC5,7.307487475693506,1.0047285533,2021-11-29,5.0,True
DAI,2021-11-24,PC6,-3.629953079757997,1.0047285533,2021-11-29,5.0,True
DAI,2021-11-24,PC9,3.5299858092575143,1.0047285533,2021-11-29,5.0,True
DAI,2021-11-25,PC1,-4.83166511148479,1.0016640228,2021-11-29,4.0,True
DAI,2021-11-25,PC4,-7.725548247977673,1.0016640228,2021-11-29,4.0,True
DAI,2021-11-25,PC5,7.154163926985165,1.0016640228,2021-11-29,4.0,True
DAI,2021-11-25,PC6,-3.2445293286153207,1.0016640228,2021-11-29,4.0,True
DAI,2021-11-26,PC1,-3.9239763187440455,0.9992012427,2021-11-29,3.0,True
DAI,2021-11-26,PC3,-6.545584744221365,0.9992012427,2021-11-29,3.0,True
DAI,2021-11-26,PC4,4.181248007749149,0.9992012427,2021-11-29,3.0,True
DAI,2021-11-26,PC5,5.382952677292118,0.9992012427,2021-11-29,3.0,True
DAI,2021-11-26,PC6,5.384361804352469,0.9992012427,2021-11-29,3.0,True
DAI,2021-11-26,PC7,3.185632249406713,0.9992012427,2021-11-29,3.0,True
DAI,2021-11-27,PC1,-3.1115114814172076,1.0004002577,2021-11-29,2.0,True
DAI,2021-11-27,PC3,-7.068556063182394,1.0004002577,2021-11-29,2.0,True
DAI,2021-11-27,PC4,5.17833694792535,1.0004002577,2021-11-29,2.0,True
DAI,2021-11-27,PC5,5.650664726588288,1.0004002577,2021-11-29,2.0,True
DAI,2021-11-27,PC7,3.4982082067155087,1.0004002577,2021-11-29,2.0,True
DAI,2021-11-28,PC3,-6.825337944052083,1.0005169904,2021-11-29,1.0,True
DAI,2021-11-28,PC4,7.586408969071134,1.0005169904,2021-11-29,1.0,True
DAI,2021-11-28,PC6,4.455697489198581,1.0005169904,2021-11-29,1.0,True
DAI,2021-11-29,PC1,-5.001686544582855,1.0046998648,2021-12-06,7.0,True
DAI,2021-11-29,PC3,7.631466905631383,1.0046998648,2021-12-06,7.0,True
DAI,2021-11-29,PC4,6.102757590805292,1.0046998648,2021-12-06,7.0,True
DAI,2021-11-29,PC9,-4.214863955624964,1.0046998648,2021-12-06,7.0,True
DAI,2021-11-30,PC10,-3.625003917915077,1.0002122889,2021-12-06,6.0,True
DAI,2021-11-30,PC2,-3.5398355431324835,1.0002122889,2021-12-06,6.0,True
DAI,2021-11-30,PC3,6.883117416160791,1.0002122889,2021-12-06,6.0,True
DAI,2021-11-30,PC4,5.704716259555402,1.0002122889,2021-12-06,6.0,True
DAI,2021-11-30,PC9,3.237325637153404,1.0002122889,2021-12-06,6.0,True
DAI,2021-12-01,PC10,-4.628104270283637,0.9979849611,2021-12-06,5.0,True
DAI,2021-12-01,PC2,4.445220988673212,0.9979849611,2021-12-06,5.0,True
DAI,2021-12-01,PC3,6.008276559937426,0.9979849611,2021-12-06,5.0,True
DAI,2021-12-01,PC5,5.805807891334575,0.9979849611,2021-12-06,5.0,True
DAI,2021-12-02,PC2,-5.66271039884126,0.9974584753,2021-12-06,4.0,True
DAI,2021-12-02,PC3,4.442580697868481,0.9974584753,2021-12-06,4.0,True
DAI,2021-12-02,PC5,5.812288547706209,0.9974584753,2021-12-06,4.0,True
DAI,2021-12-02,PC9,-4.002131482389407,0.9974584753,2021-12-06,4.0,True
DAI,2021-12-03,PC2,-6.300173698880711,0.9966161525,2021-12-06,3.0,True
DAI,2021-12-03,PC4,7.391296544887207,0.9966161525,2021-12-06,3.0,True
DAI,2021-12-03,PC9,-4.119465603489344,0.9966161525,2021-12-06,3.0,True
DAI,2021-12-04,PC2,-5.806588046258227,1.0007645864,2021-12-06,2.0,True
DAI,2021-12-04,PC4,7.231257691947546,1.0007645864,2021-12-06,2.0,True
DAI,2021-12-05,PC2,-5.9273560294823415,0.9990486749,2021-12-06,1.0,True
DAI,2021-12-05,PC4,8.324637508854623,0.9990486749,2021-12-06,1.0,True
DAI,2021-12-06,PC1,6.10253827343677,1.0098407603,,,False
DAI,2021-12-06,PC2,-6.171008806632575,1.0098407603,,,False
DAI,2021-12-06,PC3,4.187085868411728,1.0098407603,,,False
DAI,2021-12-06,PC4,8.689102995529595,1.0098407603,,,False
DAI,2021-12-14,PC1,-11.634200842658586,0.9994511007,2021-12-17,3.0,True
DAI,2021-12-14,PC2,16.503382872182094,0.9994511007,2021-12-17,3.0,True
DAI,2021-12-14,PC4,-4.039685175650949,0.9994511007,2021-12-17,3.0,True
DAI,2021-12-14,PC5,-4.564958895010282,0.9994511007,2021-12-17,3.0,True
DAI,2021-12-14,PC9,-3.9142035765912393,0.9994511007,2021-12-17,3.0,True
DAI,2021-12-15,PC1,-6.5393485113338965,0.9976650101,2021-12-17,2.0,True
DAI,2021-12-15,PC10,-10.561606223338186,0.9976650101,2021-12-17,2.0,True
DAI,2021-12-15,PC2,13.707061576463003,0.9976650101,2021-12-17,2.0,True
DAI,2021-12-15,PC4,3.857536360108924,0.9976650101,2021-12-17,2.0,True
DAI,2021-12-15,PC9,3.9610994596860483,0.9976650101,2021-12-17,2.0,True
DAI,2021-12-16,PC1,-6.8846919348923095,0.9984210202,2021-12-17,1.0,True
DAI,2021-12-16,PC10,-10.024412002176087,0.9984210202,2021-12-17,1.0,True
DAI,2021-12-16,PC2,13.484617642949658,0.9984210202,2021-12-17,1.0,True
DAI,2021-12-16,PC3,-3.2645161592944114,0.9984210202,2021-12-17,1.0,True
DAI,2021-12-16,PC4,-4.020268464867106,0.9984210202,2021-12-17,1.0,True
DAI,2021-12-16,PC5,3.4486492593519973,0.9984210202,2021-12-17,1.0,True
DAI,2021-12-16,PC9,3.5861093450338877,0.9984210202,2021-12-17,1.0,True
DAI,2021-12-17,PC1,-6.504200485181668,0.9957391158,2021-12-21,4.0,True
DAI,2021-12-17,PC10,-10.171870064930172,0.9957391158,2021-12-21,4.0,True
DAI,2021-12-17,PC2,12.571167930428134,0.9957391158,2021-12-21,4.0,True
DAI,2021-12-17,PC3,-4.510989707629672,0.9957391158,2021-12-21,4.0,True
DAI,2021-12-17,PC5,4.771581661600352,0.9957391158,2021-12-21,4.0,True
DAI,2021-12-17,PC9,3.1020702753959126,0.9957391158,2021-12-21,4.0,True
DAI,2021-12-18,PC1,-7.726680194970971,1.0008749366,2021-12-21,3.0,True
DAI,2021-12-18,PC10,-9.819234280418963,1.0008749366,2021-12-21,3.0,True
DAI,2021-12-18,PC2,12.23450725004054,1.0008749366,2021-12-21,3.0,True
DAI,2021-12-18,PC3,-5.829653192248221,1.0008749366,2021-12-21,3.0,True
DAI,2021-12-18,PC4,-4.267280940195593,1.0008749366,2021-12-21,3.0,True
DAI,2021-12-18,PC5,3.6593383966833253,1.0008749366,2021-12-21,3.0,True
DAI,2021-12-18,PC6,3.8772385825324056,1.0008749366,2021-12-21,3.0,True
DAI,2021-12-18,PC7,-3.744640456563736,1.0008749366,2021-12-21,3.0,True
DAI,2021-12-18,PC9,3.05909267384786,1.0008749366,2021-12-21,3.0,True
DAI,2021-12-19,PC1,-7.613435255915272,0.9993519847,2021-12-21,2.0,True
DAI,2021-12-19,PC10,-9.21710534104232,0.9993519847,2021-12-21,2.0,True
DAI,2021-12-19,PC2,10.602814642315915,0.9993519847,2021-12-21,2.0,True
DAI,2021-12-19,PC3,-7.70993493844947,0.9993519847,2021-12-21,2.0,True
DAI,2021-12-19,PC5,-3.8312906578096326,0.9993519847,2021-12-21,2.0,True
DAI,2021-12-19,PC6,-7.4211100091149,0.9993519847,2021-12-21,2.0,True
DAI,2021-12-19,PC7,-3.0013601275008797,0.9993519847,2021-12-21,2.0,True
DAI,2021-12-20,PC1,-8.638918869996722,1.0015705966,2021-12-21,1.0,True
DAI,2021-12-20,PC10,-5.8326230106545,1.0015705966,2021-12-21,1.0,True
DAI,2021-12-20,PC2,9.29752036485491,1.0015705966,2021-12-21,1.0,True
DAI,2021-12-20,PC3,-10.173157192210958,1.0015705966,2021-12-21,1.0,True
DAI,2021-12-20,PC6,4.5820554571847305,1.0015705966,2021-12-21,1.0,True
DAI,2021-12-20,PC7,-12.837287507366899,1.0015705966,2021-12-21,1.0,True
DAI,2021-12-20,PC9,-7.088419943882409,1.0015705966,2021-12-21,1.0,True
DAI,2021-12-21,PC3,-4.106972718331546,1.0045096463,2021-12-23,2.0,True
DAI,2021-12-22,PC3,-4.401163617194808,0.9988737505,2021-12-23,1.0,True
DAI,2021-12-23,PC3,-5.486294228996719,1.0045804053,2021-12-28,5.0,True
DAI,2021-12-24,PC3,-7.861226702076375,1.0015655931,2021-12-28,4.0,True
DAI,2021-12-25,PC10,3.7431551755503842,1.0024053941,2021-12-28,3.0,True
DAI,2021-12-25,PC3,-21.905746299628227,1.0024053941,2021-12-28,3.0,True
DAI,2021-12-25,PC4,14.62352519945334,1.0024053941,2021-12-28,3.0,True
DAI,2021-12-25,PC9,4.88762292546342,1.0024053941,2021-12-28,3.0,True
DAI,2023-03-11,PC1,13.898874792999761,0.973868652,2023-03-12,1.0,True
DAI,2023-03-11,PC10,6.480358019988664,0.973868652,2023-03-12,1.0,True
DAI,2023-03-11,PC2,-10.220539569483117,0.973868652,2023-03-12,1.0,True
DAI,2023-03-11,PC4,22.435175803058616,0.973868652,2023-03-12,1.0,True
DAI,2023-03-11,PC5,3.9714899889024022,0.973868652,2023-03-12,1.0,True
DAI,2023-03-11,PC6,-11.812952999527981,0.973868652,2023-03-12,1.0,True
DAI,2023-03-11,PC7,-5.961635541538319,0.973868652,2023-03-12,1.0,True
DAI,2023-03-12,PC1,10.17823078011929,0.9925845914,,,False
DAI,2023-03-12,PC10,5.136673384850971,0.9925845914,,,False
DAI,2023-03-12,PC3,-4.772921033901092,0.9925845914,,,False
DAI,2023-03-12,PC4,7.050352251891672,0.9925845914,,,False
DAI,2023-03-12,PC5,6.822665433907325,0.9925845914,,,False
DAI,2023-03-12,PC6,-4.366759953917331,0.9925845914,,,False
DAI,2023-03-13,PC1,3.5136127660416983,0.9989164101,,,False
PAX,2021-06-17,PC7,3.0397264645568387,1.00074261,,,False
PAX,2021-09-07,PC1,-8.809819859890792,0.99200516,2021-09-08,1.0,True
PAX,2021-09-07,PC10,17.86354979664503,0.99200516,2021-09-08,1.0,True
PAX,2021-09-07,PC2,7.560796136982326,0.99200516,2021-09-08,1.0,True
PAX,2021-09-07,PC3,-16.6336900976005,0.99200516,2021-09-08,1.0,True
PAX,2021-09-07,PC4,-3.5040810883967866,0.99200516,2021-09-08,1.0,True
PAX,2021-09-07,PC5,14.289905125155832,0.99200516,2021-09-08,1.0,True
PAX,2021-09-07,PC6,10.001829924779697,0.99200516,2021-09-08,1.0,True
PAX,2021-09-07,PC7,-3.516107031198658,0.99200516,2021-09-08,1.0,True
PAX,2021-09-07,PC8,19.597804539548996,0.99200516,2021-09-08,1.0,True
PAX,2021-09-07,PC9,-3.7575468792058584,0.99200516,2021-09-08,1.0,True
PAX,2021-09-08,PC1,-6.98530503954003,0.99258059,2021-09-09,1.0,True
PAX,2021-09-08,PC10,-9.336715129449164,0.99258059,2021-09-09,1.0,True
PAX,2021-09-08,PC2,12.375541602319153,0.99258059,2021-09-09,1.0,True
PAX,2021-09-08,PC3,-14.770866622383679,0.99258059,2021-09-09,1.0,True
PAX,2021-09-08,PC4,17.6824724724885,0.99258059,2021-09-09,1.0,True
PAX,2021-09-08,PC5,10.732081336652836,0.99258059,2021-09-09,1.0,True
PAX,2021-09-08,PC6,12.83625886773867,0.99258059,2021-09-09,1.0,True
PAX,2021-09-08,PC7,7.20910102150733,0.99258059,2021-09-09,1.0,True
PAX,2021-09-08,PC8,-17.40862042854351,0.99258059,2021-09-09,1.0,True
PAX,2021-09-08,PC9,13.638166141470276,0.99258059,2021-09-09,1.0,True
PAX,2021-09-09,PC1,-8.188791206711716,0.99070497,,,False
PAX,2021-09-09,PC10,-23.671389881097227,0.99070497,,,False
PAX,2021-09-09,PC2,16.331518154462415,0.99070497,,,False
PAX,2021-09-09,PC3,-19.782959031282875,0.99070497,,,False
PAX,2021-09-09,PC4,21.765450588019956,0.99070497,,,False
PAX,2021-09-09,PC5,14.71892890303793,0.99070497,,,False
PAX,2021-09-09,PC6,19.46759469190918,0.99070497,,,False
PAX,2021-09-09,PC7,10.371340678243971,0.99070497,,,False
PAX,2021-09-09,PC8,21.979021595076198,0.99070497,,,False
PAX,2021-09-09,PC9,18.523477864946265,0.99070497,,,False
PAX,2021-09-10,PC1,4.907671767216039,1.000064,,,False
PAX,2021-09-11,PC1,3.57548386387685,1.00120284,,,False
PAX,2021-09-14,PC7,-3.425575230699043,1.0001929546,,,False
PAX,2021-09-25,PC7,3.223534766132477,1.0000951531,,,False
PAX,2022-02-04,PC1,-3.4126134684941567,0.9957309922,,,False
PAX,2022-02-05,PC1,-3.29509975602734,0.9954101896,,,False
PAX,2022-02-11,PC1,-3.515544597877794,0.9930209701,,,False
PAX,2022-02-12,PC2,3.135391921539607,0.9992907509,,,False
PAX,2022-03-17,PC6,4.298834623622294,1.0018953048,,,False
PAX,2022-05-12,PC2,3.315769701542522,1.0022638889,,,False
PAX,2022-09-26,PC2,3.4035942512503237,1.0003909072,,,False
PAX,2022-12-29,PC1,4.896656223933843,0.9987726285,,,False
PAX,2023-02-13,PC5,3.020247773989352,1.0001206902,,,False
PAX,2023-03-11,PC1,4.3510894767336215,0.9941528197,,,False
PAX,2023-04-14,PC1,6.351752240018842,1.0030581252,2023-04-20,6.0,True
PAX,2023-04-14,PC10,5.51165751719656,1.0030581252,2023-04-20,6.0,True
PAX,2023-04-14,PC2,-9.15782089916723,1.0030581252,2023-04-20,6.0,True
PAX,2023-04-14,PC9,5.459617764537238,1.0030581252,2023-04-20,6.0,True
PAX,2023-04-15,PC1,5.1886066387872605,1.0001098711,2023-04-20,5.0,True
PAX,2023-04-15,PC2,-4.510344645700467,1.0001098711,2023-04-20,5.0,True
PAX,2023-04-15,PC5,8.299473785786125,1.0001098711,2023-04-20,5.0,True
PAX,2023-04-15,PC6,3.63804559689972,1.0001098711,2023-04-20,5.0,True
PAX,2023-04-16,PC1,4.958496311988033,1.0004636853,2023-04-20,4.0,True
PAX,2023-04-16,PC2,-4.413509954120583,1.0004636853,2023-04-20,4.0,True
PAX,2023-04-16,PC5,7.582318147286699,1.0004636853,2023-04-20,4.0,True
PAX,2023-04-17,PC1,4.864847036085836,1.0016888232,2023-04-20,3.0,True
PAX,2023-04-17,PC2,4.85116997038445,1.0016888232,2023-04-20,3.0,True
PAX,2023-04-17,PC5,7.833653502525303,1.0016888232,2023-04-20,3.0,True
PAX,2023-04-18,PC1,4.736507755142723,1.0009373522,2023-04-20,2.0,True
PAX,2023-04-18,PC2,4.775285903136681,1.0009373522,2023-04-20,2.0,True
PAX,2023-04-18,PC5,8.444510787267093,1.0009373522,2023-04-20,2.0,True
PAX,2023-04-19,PC1,3.5808210586665745,0.995678748,2023-04-20,1.0,True
PAX,2023-04-19,PC2,3.4908143694711296,0.995678748,2023-04-20,1.0,True
PAX,2023-04-19,PC5,7.994720395526621,0.995678748,2023-04-20,1.0,True
PAX,2023-04-20,PC2,3.4643254097556637,0.9921187676,,,False
PAX,2023-04-20,PC5,7.658651502936121,0.9921187676,,,False
PAX,2023-05-03,PC1,4.492178200717328,0.9991464952,2023-05-04,1.0,True
PAX,2023-05-03,PC3,-18.002857674674992,0.9991464952,2023-05-04,1.0,True
PAX,2023-05-03,PC4,8.102909984111673,0.9991464952,2023-05-04,1.0,True
PAX,2023-05-03,PC6,4.326015519224281,0.9991464952,2023-05-04,1.0,True
PAX,2023-05-03,PC8,7.242446597168294,0.9991464952,2023-05-04,1.0,True
PAX,2023-05-03,PC9,-16.540334224877338,0.9991464952,2023-05-04,1.0,True
PAX,2023-05-04,PC1,4.451885491670493,0.9919868031,,,False
PAX,2023-05-04,PC10,5.367324845637994,0.9919868031,,,False
PAX,2023-05-04,PC2,-4.471415367265307,0.9919868031,,,False
PAX,2023-05-04,PC3,-8.411769315165216,0.9919868031,,,False
PAX,2023-05-04,PC4,10.465308547551695,0.9919868031,,,False
PAX,2023-05-04,PC5,13.110118431796094,0.9919868031,,,False
PAX,2023-05-04,PC6,7.021644085348222,0.9919868031,,,False
PAX,2023-05-04,PC8,3.0039167126042057,0.9919868031,,,False
PAX,2023-05-04,PC9,-8.801769355909467,0.9919868031,,,False
PAX,2023-05-11,PC1,-3.177611265686565,0.9932086869,,,False
PAX,2023-07-01,PC7,4.881140196952913,1.0010555194,2023-07-03,2.0,True
PAX,2023-07-01,PC9,6.534833140962643,1.0010555194,2023-07-03,2.0,True
PAX,2023-07-03,PC10,4.0494337510910245,1.0083889442,,,False
PAX,2023-07-10,PC1,3.1290097249227857,0.9930111773,2023-07-14,4.0,True
PAX,2023-07-11,PC1,3.4365070524663013,0.9973898615,2023-07-14,3.0,True
PAX,2023-07-12,PC1,4.012305707434886,0.9944777097,2023-07-14,2.0,True
PAX,2023-07-13,PC1,3.6466042035458304,0.9977173751,2023-07-14,1.0,True
PAX,2023-08-27,PC10,4.975120246548783,0.9967794774,2023-09-01,5.0,True
PAX,2023-08-27,PC6,-3.0974610246600265,0.9967794774,2023-09-01,5.0,True
PAX,2023-12-16,PC7,3.6531100429598156,0.991410496,,,False
PAX,2024-01-23,PC10,5.451746721538775,0.9928758675,,,False
PAX,2024-01-23,PC2,-3.1057675488284797,0.9928758675,,,False
PAX,2024-01-23,PC4,4.444762072573101,0.9928758675,,,False
PAX,2024-01-23,PC8,4.356630147902767,0.9928758675,,,False
PAX,2024-02-13,PC2,4.0948239671929265,1.0010629346,,,False
PAX,2024-04-12,PC3,5.5486259180327995,1.0107611274,,,False
PAX,2024-04-12,PC7,5.130991063199232,1.0107611274,,,False
PAX,2024-07-01,PC1,3.120533440809015,1.0070242796,,,False
PAX,2024-07-01,PC10,3.8736598010143584,1.0070242796,,,False
PAX,2024-07-01,PC2,6.015164608103516,1.0070242796,,,False
PAX,2024-07-01,PC3,5.821499589920026,1.0070242796,,,False
PAX,2024-07-01,PC4,6.593677972591056,1.0070242796,,,False
PAX,2024-07-01,PC5,6.912574954763631,1.0070242796,,,False
PAX,2024-07-01,PC7,19.797363383619754,1.0070242796,,,False
PAX,2024-07-01,PC8,11.917933476432575,1.0070242796,,,False
PAX,2024-07-01,PC9,-10.192323751911989,1.0070242796,,,False
PAX,2024-07-02,PC1,3.387212643689903,1.002246209,,,False
PAX,2024-08-01,PC7,-3.8015833931235807,1.0001553596,,,False
PAX,2024-10-03,PC2,4.31671532114782,1.0058934676,,,False
PAX,2025-04-24,PC1,3.0548301585673228,0.9995528488,,,False
PAX,2025-09-18,PC7,-3.926674331575233,0.9998276286,,,False
PAX,2025-10-10,PC7,-3.031304523818273,1.0000973304,,,False
PAX,2025-11-17,PC1,3.0510501097597724,0.9978472305,,,False
PAX,2025-11-21,PC1,3.0435851108593095,0.9971071017,,,False
PAX,2025-11-25,PC2,-3.4775796224813265,0.998708481,,,False
USDC,2021-03-19,PC3,3.0034828082857916,1.0024375,2021-03-20,1.0,True
USDC,2021-04-17,PC3,3.274311202045431,1.01049621,,,False
USDC,2023-03-11,PC1,5.459264974399862,0.9715,2023-03-12,1.0,True
USDC,2023-03-11,PC10,17.731547097855103,0.9715,2023-03-12,1.0,True
USDC,2023-03-11,PC2,-32.11939882278297,0.9715,2023-03-12,1.0,True
USDC,2023-03-11,PC3,-15.900224371232481,0.9715,2023-03-12,1.0,True
USDC,2023-03-11,PC4,17.805734475822195,0.9715,2023-03-12,1.0,True
USDC,2023-03-11,PC5,19.920753276604664,0.9715,2023-03-12,1.0,True
USDC,2023-03-11,PC6,3.035105539609347,0.9715,2023-03-12,1.0,True
USDC,2023-03-11,PC7,8.819815363003126,0.9715,2023-03-12,1.0,True
USDC,2023-03-11,PC8,-20.514624434259474,0.9715,2023-03-12,1.0,True
USDC,2023-03-11,PC9,-8.337179934535452,0.9715,2023-03-12,1.0,True
USDC,2023-03-12,PC10,15.609493236962551,0.9920691726,2023-03-13,1.0,True
USDC,2023-03-12,PC2,-14.920867548059013,0.9920691726,2023-03-13,1.0,True
USDC,2023-03-12,PC3,-8.548555615190612,0.9920691726,2023-03-13,1.0,True
USDC,2023-03-12,PC5,17.9195573063444,0.9920691726,2023-03-13,1.0,True
USDC,2023-03-12,PC6,4.486362926436902,0.9920691726,2023-03-13,1.0,True
USDC,2023-03-12,PC7,13.445484798390325,0.9920691726,2023-03-13,1.0,True
USDC,2023-03-12,PC8,-18.29888717955545,0.9920691726,2023-03-13,1.0,True
USDC,2023-03-12,PC9,3.54146971737762,0.9920691726,2023-03-13,1.0,True
USDC,2023-03-13,PC10,15.612602275386866,0.998946756,2023-03-20,7.0,True
USDC,2023-03-13,PC2,-12.429516512652409,0.998946756,2023-03-20,7.0,True
USDC,2023-03-13,PC3,-7.1415676744111405,0.998946756,2023-03-20,7.0,True
USDC,2023-03-13,PC4,5.0169186412207445,0.998946756,2023-03-20,7.0,True
USDC,2023-03-13,PC5,17.67078492253884,0.998946756,2023-03-20,7.0,True
USDC,2023-03-13,PC6,-5.088295946958804,0.998946756,2023-03-20,7.0,True
USDC,2023-03-13,PC8,-16.259917966148024,0.998946756,2023-03-20,7.0,True
USDC,2023-03-13,PC9,4.085651261809955,0.998946756,2023-03-20,7.0,True
USDC,2023-03-14,PC1,3.7104576762696415,0.9991785646,2023-03-20,6.0,True
USDC,2023-03-14,PC10,13.712610926190477,0.9991785646,2023-03-20,6.0,True
USDC,2023-03-14,PC2,-11.193995826708944,0.9991785646,2023-03-20,6.0,True
USDC,2023-03-14,PC3,6.666078415260621,0.9991785646,2023-03-20,6.0,True
USDC,2023-03-14,PC4,4.2731827319872355,0.9991785646,2023-03-20,6.0,True
USDC,2023-03-14,PC5,10.436703529451503,0.9991785646,2023-03-20,6.0,True
USDC,2023-03-14,PC6,20.70008509042192,0.9991785646,2023-03-20,6.0,True
USDC,2023-03-14,PC7,12.444200110764514,0.9991785646,2023-03-20,6.0,True
USDC,2023-03-14,PC8,-3.481927357434128,0.9991785646,2023-03-20,6.0,True
USDC,2023-03-15,PC1,4.298550706914609,1.0001843997,2023-03-20,5.0,True
USDC,2023-03-15,PC10,10.115951283045796,1.0001843997,2023-03-20,5.0,True
USDC,2023-03-15,PC2,-10.81511706857148,1.0001843997,2023-03-20,5.0,True
USDC,2023-03-15,PC4,17.140348695562764,1.0001843997,2023-03-20,5.0,True
USDC,2023-03-15,PC5,8.606510328208724,1.0001843997,2023-03-20,5.0,True
USDC,2023-03-15,PC6,18.372990640261044,1.0001843997,2023-03-20,5.0,True
USDC,2023-03-15,PC7,19.435659401057645,1.0001843997,2023-03-20,5.0,True
USDC,2023-03-15,PC9,-3.104178468923229,1.0001843997,2023-03-20,5.0,True
USDC,2023-03-16,PC1,10.506249815128701,0.9999612189,2023-03-20,4.0,True
USDC,2023-03-16,PC2,-3.462053440436478,0.9999612189,2023-03-20,4.0,True
USDC,2023-03-16,PC3,16.305640404944533,0.9999612189,2023-03-20,4.0,True
USDC,2023-03-16,PC4,13.793795498822883,0.9999612189,2023-03-20,4.0,True
USDC,2023-03-16,PC5,11.839345004412452,0.9999612189,2023-03-20,4.0,True
USDC,2023-03-16,PC6,9.633818504848739,0.9999612189,2023-03-20,4.0,True
USDC,2023-03-16,PC7,-13.934911955387589,0.9999612189,2023-03-20,4.0,True
USDC,2023-03-16,PC8,-7.12500414741722,0.9999612189,2023-03-20,4.0,True
USDC,2023-03-16,PC9,18.246642536420705,0.9999612189,2023-03-20,4.0,True
USDC,2023-03-17,PC1,12.405457972122514,1.0000446277,2023-03-20,3.0,True
USDC,2023-03-17,PC10,3.336477774599498,1.0000446277,2023-03-20,3.0,True
USDC,2023-03-17,PC3,17.97948599477085,1.0000446277,2023-03-20,3.0,True
USDC,2023-03-17,PC4,14.269236952106803,1.0000446277,2023-03-20,3.0,True
USDC,2023-03-17,PC5,12.300029253059813,1.0000446277,2023-03-20,3.0,True
USDC,2023-03-17,PC6,7.443268297285313,1.0000446277,2023-03-20,3.0,True
USDC,2023-03-17,PC7,-12.105023281089496,1.0000446277,2023-03-20,3.0,True
USDC,2023-03-17,PC8,-7.953621752847744,1.0000446277,2023-03-20,3.0,True
USDC,2023-03-17,PC9,21.50459093882253,1.0000446277,2023-03-20,3.0,True
USDC,2023-03-18,PC1,12.549672195919824,0.9995019398,2023-03-20,2.0,True
USDC,2023-03-18,PC3,8.472217190454877,0.9995019398,2023-03-20,2.0,True
USDC,2023-03-18,PC4,12.282162238604721,0.9995019398,2023-03-20,2.0,True
USDC,2023-03-18,PC5,13.048509881709984,0.9995019398,2023-03-20,2.0,True
USDC,2023-03-18,PC6,7.687287991874448,0.9995019398,2023-03-20,2.0,True
USDC,2023-03-18,PC7,-10.72490479052493,0.9995019398,2023-03-20,2.0,True
USDC,2023-03-18,PC8,-18.352016501271596,0.9995019398,2023-03-20,2.0,True
USDC,2023-03-18,PC9,22.926905222820523,0.9995019398,2023-03-20,2.0,True
USDC,2023-03-19,PC1,16.873577745158457,0.9998449095,2023-03-20,1.0,True
USDC,2023-03-19,PC10,-15.735374944599892,0.9998449095,2023-03-20,1.0,True
USDC,2023-03-19,PC2,-5.3111987503950004,0.9998449095,2023-03-20,1.0,True
USDC,2023-03-19,PC3,7.838659025312823,0.9998449095,2023-03-20,1.0,True
USDC,2023-03-19,PC4,13.354234971517656,0.9998449095,2023-03-20,1.0,True
USDC,2023-03-19,PC5,-6.051802413482233,0.9998449095,2023-03-20,1.0,True
USDC,2023-03-19,PC6,-14.13009260519024,0.9998449095,2023-03-20,1.0,True
USDC,2023-03-19,PC7,14.53709513963502,0.9998449095,2023-03-20,1.0,True
USDC,2023-03-19,PC8,9.815133232869531,0.9998449095,2023-03-20,1.0,True
USDC,2023-03-19,PC9,-17.959636439412233,0.9998449095,2023-03-20,1.0,True
USDC,2023-03-20,PC1,19.770725422854078,0.9979803872,2023-03-21,1.0,True
USDC,2023-03-20,PC10,19.112961324819153,0.9979803872,2023-03-21,1.0,True
USDC,2023-03-20,PC2,-6.407511998851481,0.9979803872,2023-03-21,1.0,True
USDC,2023-03-20,PC4,11.062655788751199,0.9979803872,2023-03-21,1.0,True
USDC,2023-03-20,PC5,-5.5166236152785855,0.9979803872,2023-03-21,1.0,True
USDC,2023-03-20,PC6,-16.044450825480645,0.9979803872,2023-03-21,1.0,True
USDC,2023-03-20,PC7,13.374373968590053,0.9979803872,2023-03-21,1.0,True
USDC,2023-03-20,PC8,9.492655017610401,0.9979803872,2023-03-21,1.0,True
USDC,2023-03-21,PC1,21.042107825437633,0.998525846,,,False
USDC,2023-03-21,PC10,7.391294195560402,0.998525846,,,False
USDC,2023-03-21,PC2,-5.556343166405215,0.998525846,,,False
USDC,2023-03-21,PC3,14.704233062784526,0.998525846,,,False
USDC,2023-03-21,PC4,15.675502749446286,0.998525846,,,False
USDC,2023-03-21,PC5,-6.250247986363194,0.998525846,,,False
USDC,2023-03-21,PC6,17.224969944415385,0.998525846,,,False
USDC,2023-03-21,PC7,11.790628533506418,0.998525846,,,False
USDC,2023-03-21,PC8,-9.702841996306166,0.998525846,,,False
USDC,2023-03-21,PC9,4.355669892398492,0.998525846,,,False
USDT,2021-04-17,PC1,3.117150505985922,1.01152966,,,False
USDT,2021-04-17,PC2,3.003054298760562,1.01152966,,,False
USDT,2022-05-11,PC1,-26.467934533154722,0.9958721391,2022-05-12,1.0,True
USDT,2022-05-11,PC10,-11.923439074441518,0.9958721391,2022-05-12,1.0,True
USDT,2022-05-11,PC2,-19.99087204150375,0.9958721391,2022-05-12,1.0,True
USDT,2022-05-11,PC3,24.75833464467325,0.9958721391,2022-05-12,1.0,True
USDT,2022-05-11,PC4,20.429077449062397,0.9958721391,2022-05-12,1.0,True
USDT,2022-05-11,PC5,17.922493331581343,0.9958721391,2022-05-12,1.0,True
USDT,2022-05-11,PC6,-26.73811559058464,0.9958721391,2022-05-12,1.0,True
USDT,2022-05-11,PC7,28.860614448837094,0.9958721391,2022-05-12,1.0,True
USDT,2022-05-11,PC8,-18.269649239430098,0.9958721391,2022-05-12,1.0,True
USDT,2022-05-11,PC9,-12.527122219563834,0.9958721391,2022-05-12,1.0,True
USDT,2022-05-12,PC1,-17.07399544816311,0.997609369,,,False
USDT,2022-05-12,PC10,-33.667590691167774,0.997609369,,,False
USDT,2022-05-12,PC2,-15.883192738520766,0.997609369,,,False
USDT,2022-05-12,PC3,32.53343210721068,0.997609369,,,False
USDT,2022-05-12,PC4,27.546481294303433,0.997609369,,,False
USDT,2022-05-12,PC5,37.344748670097495,0.997609369,,,False
USDT,2022-05-12,PC6,-15.22689307344444,0.997609369,,,False
USDT,2022-05-12,PC7,16.37808423492822,0.997609369,,,False
USDT,2022-05-12,PC8,31.648342192672008,0.997609369,,,False
USDT,2022-05-12,PC9,-38.562002541859876,0.997609369,,,False
USDT,2022-05-13,PC1,3.3921094940669008,0.9982388361,,,False
USDT,2022-11-09,PC1,-3.0608608339100534,0.9986002893,2022-11-10,1.0,True
USDT,2022-11-09,PC2,-3.740123476080553,0.9986002893,2022-11-10,1.0,True
USDT,2022-11-09,PC8,3.1235891604808965,0.9986002893,2022-11-10,1.0,True
USDT,2022-11-09,PC9,-5.353648261515538,0.9986002893,2022-11-10,1.0,True
USDT,2022-11-10,PC1,-14.83895623278794,0.9978350052,,,False
USDT,2022-11-10,PC10,-21.91853588106686,0.9978350052,,,False
USDT,2022-11-10,PC2,-12.299520210587817,0.9978350052,,,False
USDT,2022-11-10,PC3,-8.357853797614018,0.9978350052,,,False
USDT,2022-11-10,PC4,21.564804164385595,0.9978350052,,,False
USDT,2022-11-10,PC5,6.271389630870994,0.9978350052,,,False
USDT,2022-11-10,PC6,-26.602998852562617,0.9978350052,,,False
USDT,2022-11-10,PC7,-14.859173232405105,0.9978350052,,,False
USDT,2022-11-10,PC8,-17.174369010150812,0.9978350052,,,False
USDT,2022-11-10,PC9,-5.364216915034265,0.9978350052,,,False
USDT,2023-03-10,PC2,5.6114298150733894,1.0030472207,2023-03-11,1.0,True
USDT,2023-03-11,PC1,-3.721241012795421,1.00769,2023-03-12,1.0,True
USDT,2023-03-11,PC2,18.875459174177195,1.00769,2023-03-12,1.0,True
USDT,2023-03-11,PC6,4.14547389036127,1.00769,2023-03-12,1.0,True
USDT,2023-03-11,PC8,-4.055377536031092,1.00769,2023-03-12,1.0,True
USDT,2023-03-12,PC1,-3.3077853690240078,1.0071485791,2023-03-13,1.0,True
USDT,2023-03-12,PC2,13.811441190728964,1.0071485791,2023-03-13,1.0,True
USDT,2023-03-12,PC6,-3.5937728061384893,1.0071485791,2023-03-13,1.0,True
USDT,2023-03-12,PC7,3.433913795422864,1.0071485791,2023-03-13,1.0,True
USDT,2023-03-12,PC8,4.73986754900741,1.0071485791,2023-03-13,1.0,True
USDT,2023-03-13,PC1,-3.7485274192370404,1.0038696981,2023-03-14,1.0,True
USDT,2023-03-13,PC2,8.124709365047897,1.0038696981,2023-03-14,1.0,True
USDT,2023-03-13,PC8,-3.4483125917265163,1.0038696981,2023-03-14,1.0,True
USDT,2023-03-14,PC1,-4.089282492901909,1.0032473032,2023-03-15,1.0,True
USDT,2023-03-14,PC2,6.928054103233559,1.0032473032,2023-03-15,1.0,True
USDT,2023-03-14,PC8,-3.4418227277593285,1.0032473032,2023-03-15,1.0,True
USDT,2023-03-15,PC1,-4.95082413527661,1.0039460745,2023-03-16,1.0,True
USDT,2023-03-15,PC2,7.6429499836548045,1.0039460745,2023-03-16,1.0,True
USDT,2023-03-15,PC8,-3.828319200093016,1.0039460745,2023-03-16,1.0,True
USDT,2023-03-16,PC1,-4.915410150772412,1.002133873,2023-03-17,1.0,True
USDT,2023-03-16,PC2,3.35519727616661,1.002133873,2023-03-17,1.0,True
USDT,2023-03-16,PC4,-3.561252552306837,1.002133873,2023-03-17,1.0,True
USDT,2023-03-16,PC7,-6.769400258424007,1.002133873,2023-03-17,1.0,True
USDT,2023-03-16,PC9,3.142522402492925,1.002133873,2023-03-17,1.0,True
USDT,2023-03-17,PC1,-4.724899651770369,1.0023259243,2023-03-18,1.0,True
USDT,2023-03-17,PC2,3.004415550534228,1.0023259243,2023-03-18,1.0,True
USDT,2023-03-17,PC7,6.654019651792728,1.0023259243,2023-03-18,1.0,True
USDT,2023-03-18,PC1,-4.670705573897159,1.0023366906,2023-03-19,1.0,True
USDT,2023-03-18,PC7,6.87922791080427,1.0023366906,2023-03-19,1.0,True
USDT,2023-03-19,PC1,-4.364020048737926,1.0030073377,,,False
USDT,2023-03-19,PC7,-7.037409640316271,1.0030073377,,,False
UST,2021-05-23,PC2,4.137249225931951,0.94569207,2021-05-24,1.0,True
UST,2021-05-23,PC9,3.192085726468406,0.94569207,2021-05-24,1.0,True
UST,2021-11-13,PC2,3.4968883709799674,1.0077274139,2021-11-14,1.0,True
UST,2021-11-14,PC2,4.216593379857815,1.0067272363,,,False
UST,2021-11-14,PC3,3.0354880715916757,1.0067272363,,,False
UST,2022-05-09,PC1,11.54217827436686,0.7933928223,2022-05-10,1.0,True
UST,2022-05-09,PC10,6.784514881897111,0.7933928223,2022-05-10,1.0,True
UST,2022-05-09,PC2,12.680055095546983,0.7933928223,2022-05-10,1.0,True
UST,2022-05-09,PC3,-7.132962251178661,0.7933928223,2022-05-10,1.0,True
UST,2022-05-09,PC4,11.509541104851815,0.7933928223,2022-05-10,1.0,True
UST,2022-05-09,PC5,-16.49252473784442,0.7933928223,2022-05-10,1.0,True
UST,2022-05-09,PC6,-19.669364148690303,0.7933928223,2022-05-10,1.0,True
UST,2022-05-09,PC7,10.413920565585332,0.7933928223,2022-05-10,1.0,True
UST,2022-05-09,PC8,17.143937095927786,0.7933928223,2022-05-10,1.0,True
UST,2022-05-09,PC9,9.913135999136708,0.7933928223,2022-05-10,1.0,True
UST,2022-05-10,PC1,16.403598578994075,0.7999187904,,,False
UST,2022-05-10,PC10,19.76721772267703,0.7999187904,,,False
UST,2022-05-10,PC2,13.47104666348229,0.7999187904,,,False
UST,2022-05-10,PC3,-18.56294525502312,0.7999187904,,,False
UST,2022-05-10,PC4,17.153460706885436,0.7999187904,,,False
UST,2022-05-10,PC5,-12.515097458437355,0.7999187904,,,False
UST,2022-05-10,PC6,-7.106951853427507,0.7999187904,,,False
UST,2022-05-10,PC7,18.188866684963862,0.7999187904,,,False
UST,2022-05-10,PC8,11.982265165235837,0.7999187904,,,False
UST,2022-05-10,PC9,-17.64776076764983,0.7999187904,,,False
