timeOpen;timeClose;timeHigh;timeLow;name;open;high;low;close;volume;marketCap;circulatingSupply;timestamp
"2023-01-31T00:00:00.000Z";"2023-01-31T23:59:59.999Z";"2023-01-31T22:52:00.000Z";"2023-01-31T21:19:00.000Z";"2781";1.0000206699;1.0004307564;0.9996504586;1.0000580659;2960609713.32;42405363468.75;42402901307.51;"2023-01-31T23:59:59.999Z"
"2023-01-30T00:00:00.000Z";"2023-01-30T23:59:59.999Z";"2023-01-30T21:13:00.000Z";"2023-01-30T19:13:00.000Z";"2781";1.0000747593;1.0003334967;0.9995034196;1.0001009658;3562976034.92;42712729289.76;42708417199.16;"2023-01-30T23:59:59.999Z"
"2023-01-29T00:00:00.000Z";"2023-01-29T23:59:59.999Z";"2023-01-29T19:17:00.000Z";"2023-01-29T02:10:00.000Z";"2781";1.0001135747;1.0003929436;0.9996547688;1.0000010326;2963258500.13;43086077902.99;43086033412.89;"2023-01-29T23:59:59.999Z"
"2023-01-28T00:00:00.000Z";"2023-01-28T23:59:59.999Z";"2023-01-28T00:49:00.000Z";"2023-01-28T20:58:00.000Z";"2781";0.9999816199;1.0002646238;0.9996351453;1.0001297874;2554816546.66;43093041224.96;43087449015.32;"2023-01-28T23:59:59.999Z"
"2023-01-27T00:00:00.000Z";"2023-01-27T23:59:59.999Z";"2023-01-27T14:52:00.000Z";"2023-01-27T01:39:00.000Z";"2781";0.9999798033;1.0003878725;0.9995799721;1.0000265842;3615689954.55;43085379436.97;43084234078.75;"2023-01-27T23:59:59.999Z"
"2023-01-26T00:00:00.000Z";"2023-01-26T23:59:59.999Z";"2023-01-26T00:46:00.000Z";"2023-01-26T14:55:00.000Z";"2781";1.0000285465;1.0003386924;0.9996284469;0.9999601858;3258930502.14;43297905509.31;43299629449.98;"2023-01-26T23:59:59.999Z"
"2023-01-25T00:00:00.000Z";"2023-01-25T23:59:59.999Z";"2023-01-25T22:04:00.000Z";"2023-01-25T01:27:00.000Z";"2781";0.9999327359;1.0005062022;0.9995004483;1.0000623988;4154869646.86;43491997137.64;43489283458.53;"2023-01-25T23:59:59.999Z"
"2023-01-24T00:00:00.000Z";"2023-01-24T23:59:59.999Z";"2023-01-24T02:21:00.000Z";"2023-01-24T22:29:00.000Z";"2781";0.9998259186;1.0003212036;0.9990892893;0.9999581854;3576076256.6;43614916486.19;43616740300.58;"2023-01-24T23:59:59.999Z"
"2023-01-23T00:00:00.000Z";"2023-01-23T23:59:59.999Z";"2023-01-23T14:54:00.000Z";"2023-01-23T15:01:00.000Z";"2781";0.9998365941;1.0004258998;0.9994233676;0.9998580394;3419783936.23;43485738354.43;43491912490.29;"2023-01-23T23:59:59.999Z"
"2023-01-22T00:00:00.000Z";"2023-01-22T23:59:59.999Z";"2023-01-22T12:49:00.000Z";"2023-01-22T20:54:00.000Z";"2781";0.9998605261;1.0003855003;0.9994306915;0.999976225;3227947507.01;43480831666.18;43481865446.09;"2023-01-22T23:59:59.999Z"
"2023-01-21T00:00:00.000Z";"2023-01-21T23:59:59.999Z";"2023-01-21T00:08:00.000Z";"2023-01-21T10:28:00.000Z";"2781";1.000298291;1.0005046216;0.9991431729;0.9998404762;3742948233.77;43349621955.78;43356538353.5;"2023-01-21T23:59:59.999Z"
"2023-01-20T00:00:00.000Z";"2023-01-20T23:59:59.999Z";"2023-01-20T21:06:00.000Z";"2023-01-20T06:17:00.000Z";"2781";1.0000416162;1.0006806853;0.9996666011;1.0002654042;3444375885.21;43107645804.63;43096207892.09;"2023-01-20T23:59:59.999Z"
"2023-01-19T00:00:00.000Z";"2023-01-19T23:59:59.999Z";"2023-01-19T15:08:00.000Z";"2023-01-19T12:49:00.000Z";"2781";0.9997963725;1.0003080212;0.9997432893;1.0000240661;3098920630.97;42879100827.88;42878068920.81;"2023-01-19T23:59:59.999Z"
"2023-01-18T00:00:00.000Z";"2023-01-18T23:59:59.999Z";"2023-01-18T17:08:00.000Z";"2023-01-18T16:31:00.000Z";"2781";0.9998081742;1.0006840245;0.9993915478;0.9998447964;4209476193.86;43088733130.48;43095421696.32;"2023-01-18T23:59:59.999Z"
"2023-01-17T00:00:00.000Z";"2023-01-17T23:59:59.999Z";"2023-01-17T14:56:00.000Z";"2023-01-17T01:14:00.000Z";"2781";1.0000082143;1.0003578637;0.9996184035;0.9998101268;2965132328.45;43562303528.13;43570576414.16;"2023-01-17T23:59:59.999Z"
"2023-01-16T00:00:00.000Z";"2023-01-16T23:59:59.999Z";"2023-01-16T19:08:00.000Z";"2023-01-16T08:11:00.000Z";"2781";0.9998996473;1.0004949277;0.9996269089;0.9999616359;2899726939.7;43851959331.21;43853641734.81;"2023-01-16T23:59:59.999Z"
"2023-01-15T00:00:00.000Z";"2023-01-15T23:59:59.999Z";"2023-01-15T15:15:00.000Z";"2023-01-15T00:34:00.000Z";"2781";1.0001052459;1.000313077;0.9995454716;0.9999262052;2635965361.28;43893297850.26;43896537187.42;"2023-01-15T23:59:59.999Z"
"2023-01-14T00:00:00.000Z";"2023-01-14T23:59:59.999Z";"2023-01-14T00:40:00.000Z";"2023-01-14T09:23:00.000Z";"2781";1.0001807789;1.0007850098;0.9993901055;1.0000837939;4297415658.48;43660587269.41;43656929087.12;"2023-01-14T23:59:59.999Z"
"2023-01-13T00:00:00.000Z";"2023-01-13T23:59:59.999Z";"2023-01-13T21:40:00.000Z";"2023-01-13T16:11:00.000Z";"2781";1.0000807124;1.0005384291;0.9996056127;1.0002467555;3509707746.17;43440525487.68;43429808943.96;"2023-01-13T23:59:59.999Z"
"2023-01-12T00:00:00.000Z";"2023-01-12T23:59:59.999Z";"2023-01-12T18:00:00.000Z";"2023-01-12T13:32:00.000Z";"2781";1.000114614;1.0004469175;0.9992766335;1.0000721496;4571366092.4;43926215655.03;43923046623.58;"2023-01-12T23:59:59.999Z"
"2023-01-11T00:00:00.000Z";"2023-01-11T23:59:59.999Z";"2023-01-11T23:36:00.000Z";"2023-01-11T13:42:00.000Z";"2781";1.0000078865;1.0003844194;0.9997021738;1.0001315675;2801305359.51;43846451900.12;43840683890.39;"2023-01-11T23:59:59.999Z"
"2023-01-10T00:00:00.000Z";"2023-01-10T23:59:59.999Z";"2023-01-10T16:00:00.000Z";"2023-01-10T02:41:00.000Z";"2781";1.0000046549;1.0002347241;0.9997058409;0.9999874673;2630571530.49;43655800464.3;43656347596.09;"2023-01-10T23:59:59.999Z"
"2023-01-09T00:00:00.000Z";"2023-01-09T23:59:59.999Z";"2023-01-09T01:40:00.000Z";"2023-01-09T23:09:00.000Z";"2781";1.0002375128;1.0003584478;0.9995876122;1.0000461006;3646138496.28;43583378611.65;43581369483.58;"2023-01-09T23:59:59.999Z"
"2023-01-08T00:00:00.000Z";"2023-01-08T23:59:59.999Z";"2023-01-08T23:58:00.000Z";"2023-01-08T00:58:00.000Z";"2781";0.9999453689;1.0003637545;0.9998327352;1.0001961164;1788498968.59;43950584710.06;43941966969.16;"2023-01-08T23:59:59.999Z"
"2023-01-07T00:00:00.000Z";"2023-01-07T23:59:59.999Z";"2023-01-07T01:01:00.000Z";"2023-01-07T16:58:00.000Z";"2781";1.0000145765;1.0003274044;0.9998776273;0.9999819088;1570732741.85;43796523902.41;43797316249.61;"2023-01-07T23:59:59.999Z"
"2023-01-06T00:00:00.000Z";"2023-01-06T23:59:59.999Z";"2023-01-06T21:41:00.000Z";"2023-01-06T05:15:00.000Z";"2781";1.0000080859;1.0003429748;0.9997960604;1.0000127356;2361812755.19;43662650871.26;43662094809.73;"2023-01-06T23:59:59.999Z"
"2023-01-05T00:00:00.000Z";"2023-01-05T23:59:59.999Z";"2023-01-05T21:10:00.000Z";"2023-01-05T09:48:00.000Z";"2781";1.0000112591;1.0002165403;0.9998055117;1.000020564;2080129329.75;43742033331.41;43741133839.49;"2023-01-05T23:59:59.999Z"
"2023-01-04T00:00:00.000Z";"2023-01-04T23:59:59.999Z";"2023-01-04T03:08:00.000Z";"2023-01-04T15:10:00.000Z";"2781";1.0001090261;1.0003017345;0.9997380507;1.0000035978;2402538600.07;44184922269.79;44184763301.4;"2023-01-04T23:59:59.999Z"
"2023-01-03T00:00:00.000Z";"2023-01-03T23:59:59.999Z";"2023-01-03T06:23:00.000Z";"2023-01-03T15:34:00.000Z";"2781";1.000009539;1.0002514014;0.9997089764;1.0000981088;2006189065.16;44165267146.31;44160934569.9;"2023-01-03T23:59:59.999Z"
"2023-01-02T00:00:00.000Z";"2023-01-02T23:59:59.999Z";"2023-01-02T09:07:00.000Z";"2023-01-02T01:09:00.000Z";"2781";1.0000140923;1.000216644;0.999848455;0.9999886989;1562545140.01;44700249571.44;44700754740.18;"2023-01-02T23:59:59.999Z"
"2023-01-01T00:00:00.000Z";"2023-01-01T23:59:59.999Z";"2023-01-01T06:20:00.000Z";"2023-01-01T00:44:00.000Z";"2781";1.0000221275;1.0003623683;0.9998542078;0.9999932734;1197927575.87;44584840756.22;44585140660.46;"2023-01-01T23:59:59.999Z"
"2022-12-31T00:00:00.000Z";"2022-12-31T23:59:59.999Z";"2022-12-31T07:55:00.000Z";"2022-12-31T01:05:00.000Z";"2781";1.000196047;1.0003410496;0.9998770287;1.0000285996;1329559200.18;44540806740.11;44539532928.94;"2022-12-31T23:59:59.999Z"
"2022-12-30T00:00:00.000Z";"2022-12-30T23:59:59.999Z";"2022-12-30T15:21:00.000Z";"2022-12-30T07:33:00.000Z";"2781";1.0001016663;1.0002956926;0.9998519194;1.0001208866;1879667313.61;44497509139.59;44492130637.34;"2022-12-30T23:59:59.999Z"
"2022-12-29T00:00:00.000Z";"2022-12-29T23:59:59.999Z";"2022-12-29T09:25:00.000Z";"2022-12-29T02:11:00.000Z";"2781";1.0001565627;1.0003311891;0.9997828525;1.0001384377;1972864412.97;44512703404.46;44506542020.4;"2022-12-29T23:59:59.999Z"
"2022-12-28T00:00:00.000Z";"2022-12-28T23:59:59.999Z";"2022-12-28T14:36:00.000Z";"2022-12-28T03:12:00.000Z";"2781";1.0001275175;1.0002443502;0.9997706419;1.0001851921;2210122747.13;44392174543.11;44383954984.95;"2022-12-28T23:59:59.999Z"
"2022-12-27T00:00:00.000Z";"2022-12-27T23:59:59.999Z";"2022-12-27T00:02:00.000Z";"2022-12-27T15:04:00.000Z";"2781";1.0001036083;1.0002722413;0.999697949;1.0001687711;1696141536.5;44187349388.82;44179893097.53;"2022-12-27T23:59:59.999Z"
"2022-12-26T00:00:00.000Z";"2022-12-26T23:59:59.999Z";"2022-12-26T23:56:00.000Z";"2022-12-26T13:13:00.000Z";"2781";1.0001097101;1.0001960864;0.9998540292;1.0001027859;1442718611.75;44458548786.9;44453979543.71;"2022-12-26T23:59:59.999Z"
"2022-12-25T00:00:00.000Z";"2022-12-25T23:59:59.999Z";"2022-12-25T21:55:00.000Z";"2022-12-25T19:09:00.000Z";"2781";1.0000293671;1.0002153045;0.9997551945;1.0000823125;1380163674.19;44348890607.38;44345240439.98;"2022-12-25T23:59:59.999Z"
"2022-12-24T00:00:00.000Z";"2022-12-24T23:59:59.999Z";"2022-12-24T15:14:00.000Z";"2022-12-24T09:36:00.000Z";"2781";1.0000129979;1.0002339329;0.999917695;1.0000461797;915340746.41;44217845875.15;44215804001.75;"2022-12-24T23:59:59.999Z"
"2022-12-23T00:00:00.000Z";"2022-12-23T23:59:59.999Z";"2022-12-23T03:07:00.000Z";"2022-12-23T13:31:00.000Z";"2781";1.0001199451;1.0002710139;0.999785763;1.0000341741;1885345751.06;44121016268.08;44119508522.5;"2022-12-23T23:59:59.999Z"
"2022-12-22T00:00:00.000Z";"2022-12-22T23:59:59.999Z";"2022-12-22T20:31:00.000Z";"2022-12-22T14:34:00.000Z";"2781";1.0000400826;1.0003426529;0.9995059111;1.0001103515;1850998745.45;44195695676.45;44190819151.86;"2022-12-22T23:59:59.999Z"
"2022-12-21T00:00:00.000Z";"2022-12-21T23:59:59.999Z";"2022-12-21T08:55:00.000Z";"2022-12-21T00:16:00.000Z";"2781";0.9999872141;1.0002702035;0.9997361733;1.0000956844;1950566711.63;44279860042.43;44275623554.62;"2022-12-21T23:59:59.999Z"
"2022-12-20T00:00:00.000Z";"2022-12-20T23:59:59.999Z";"2022-12-20T01:36:00.000Z";"2022-12-20T16:07:00.000Z";"2781";1.0001903617;1.0004428697;0.9997627156;0.9999911153;2562520189.76;44463257142.9;44463652191.31;"2022-12-20T23:59:59.999Z"
"2022-12-19T00:00:00.000Z";"2022-12-19T23:59:59.999Z";"2022-12-19T21:28:00.000Z";"2022-12-19T22:34:00.000Z";"2781";0.9997918722;1.0002498731;0.9993460202;1.0001911676;2366552622.42;44615147690.52;44606620348.05;"2022-12-19T23:59:59.999Z"
"2022-12-18T00:00:00.000Z";"2022-12-18T23:59:59.999Z";"2022-12-18T04:24:00.000Z";"2022-12-18T09:34:00.000Z";"2781";1.0000192669;1.0002663845;0.9996330437;0.9997614746;1068964229.21;44963115133.34;44973842538.92;"2022-12-18T23:59:59.999Z"
"2022-12-17T00:00:00.000Z";"2022-12-17T23:59:59.999Z";"2022-12-17T23:01:00.000Z";"2022-12-17T02:28:00.000Z";"2781";0.9998987953;1.0004097875;0.9994025904;1.0000199984;2160638040.57;44936687161.15;44935788515.94;"2022-12-17T23:59:59.999Z"
"2022-12-16T00:00:00.000Z";"2022-12-16T23:59:59.999Z";"2022-12-16T14:33:00.000Z";"2022-12-16T09:08:00.000Z";"2781";1.000006078;1.0002461008;0.9993431135;0.9999013569;3154403231.43;44971380863.62;44975817415.83;"2022-12-16T23:59:59.999Z"
"2022-12-15T00:00:00.000Z";"2022-12-15T23:59:59.999Z";"2022-12-15T00:16:00.000Z";"2022-12-15T01:55:00.000Z";"2781";1.0000397425;1.0002489837;0.9995704779;1.0000154917;2460794465.57;45091709113.19;45091010575.51;"2022-12-15T23:59:59.999Z"
"2022-12-14T00:00:00.000Z";"2022-12-14T23:59:59.999Z";"2022-12-14T16:52:00.000Z";"2022-12-15T01:55:00.000Z";"2781";1.0001354712;1.0002809519;0.9995704779;0.9997852382;3172325581.61;45179088027.91;45186035609.64;"2022-12-14T23:59:59.999Z"
"2022-12-13T00:00:00.000Z";"2022-12-13T23:59:59.999Z";"2022-12-13T13:33:00.000Z";"2022-12-13T07:20:00.000Z";"2781";1.0000959608;1.0005168325;0.9996337187;1.0001340649;3884992734.52;44456385164.6;44450425923.13;"2022-12-13T23:59:59.999Z"
"2022-12-12T00:00:00.000Z";"2022-12-12T23:59:59.999Z";"2022-12-12T21:26:00.000Z";"2022-12-12T06:53:00.000Z";"2781";0.9999972822;1.0002877957;0.9997262292;1.0000958264;2410188440.92;42539382220.03;42535306212.71;"2022-12-12T23:59:59.999Z"
"2022-12-11T00:00:00.000Z";"2022-12-11T23:59:59.999Z";"2022-12-11T00:58:00.000Z";"2022-12-11T22:53:00.000Z";"2781";1.0000693047;1.0003404834;0.9997398064;0.9999957645;1330942018.06;42753610681.17;42753791764.54;"2022-12-11T23:59:59.999Z"
"2022-12-10T00:00:00.000Z";"2022-12-10T23:59:59.999Z";"2022-12-10T15:42:00.000Z";"2022-12-10T00:13:00.000Z";"2781";1.0000380279;1.0002198504;0.9999127664;1.0000722815;1280687558.32;42748698048.42;42745608330.96;"2022-12-10T23:59:59.999Z"
"2022-12-09T00:00:00.000Z";"2022-12-09T23:59:59.999Z";"2022-12-09T12:42:00.000Z";"2022-12-09T18:04:00.000Z";"2781";1.0000334423;1.0003072475;0.9997610407;1.0000425085;2120225426.28;42815415274.43;42813595334.79;"2022-12-09T23:59:59.999Z"
"2022-12-08T00:00:00.000Z";"2022-12-08T23:59:59.999Z";"2022-12-08T18:37:00.000Z";"2022-12-08T01:20:00.000Z";"2781";1.0000347705;1.0004422428;0.9998061706;1.00002863;2170271743.09;42776562427.97;42775337768.45;"2022-12-08T23:59:59.999Z"
"2022-12-07T00:00:00.000Z";"2022-12-07T23:59:59.999Z";"2022-12-07T22:47:00.000Z";"2022-12-07T07:14:00.000Z";"2781";1.000098816;1.000199152;0.9994976527;1.0000273657;2274813215.87;42822351294.62;42821179463.69;"2022-12-07T23:59:59.999Z"
"2022-12-06T00:00:00.000Z";"2022-12-06T23:59:59.999Z";"2022-12-06T23:23:00.000Z";"2022-12-06T11:51:00.000Z";"2781";1.0000185662;1.0002554993;0.9996702733;1.0000903281;2226009115.82;43031808748.52;43027922117.11;"2022-12-06T23:59:59.999Z"
"2022-12-05T00:00:00.000Z";"2022-12-05T23:59:59.999Z";"2022-12-05T18:20:00.000Z";"2022-12-05T15:10:00.000Z";"2781";1.0001183866;1.0003967557;0.999679035;1.0000207452;2283841749.47;43154450166.61;43153554939.34;"2022-12-05T23:59:59.999Z"
"2022-12-04T00:00:00.000Z";"2022-12-04T23:59:59.999Z";"2022-12-04T00:43:00.000Z";"2022-12-04T14:23:00.000Z";"2781";0.9999657523;1.0002527722;0.999810308;1.0000158105;1702758188.92;43408651648.57;43407965347.71;"2022-12-04T23:59:59.999Z"
"2022-12-03T00:00:00.000Z";"2022-12-03T23:59:59.999Z";"2022-12-03T22:55:00.000Z";"2022-12-03T02:15:00.000Z";"2781";1.0000646701;1.0002446469;0.9997416327;0.9999623936;1795238577.16;43297629508.29;43299257835.65;"2022-12-03T23:59:59.999Z"
"2022-12-02T00:00:00.000Z";"2022-12-02T23:59:59.999Z";"2022-12-02T23:04:00.000Z";"2022-12-02T13:34:00.000Z";"2781";1.0000120683;1.0002949071;0.9996952889;1.0000507401;2490597771.56;43173589502.63;43171398982.66;"2022-12-02T23:59:59.999Z"
"2022-12-01T00:00:00.000Z";"2022-12-01T23:59:59.999Z";"2022-12-01T13:35:00.000Z";"2022-12-01T14:05:00.000Z";"2781";1.0000149721;1.000261143;0.9995612526;1.0000027774;2503961406.67;43049959265.84;43049839699.56;"2022-12-01T23:59:59.999Z"
"2022-11-30T00:00:00.000Z";"2022-11-30T23:59:59.999Z";"2022-11-30T00:51:00.000Z";"2022-11-30T18:31:00.000Z";"2781";1.0000786778;1.0006075183;0.9996464026;1.000008383;3389698193.81;43214397959.67;43214035695.44;"2022-11-30T23:59:59.999Z"
"2022-11-29T00:00:00.000Z";"2022-11-29T23:59:59.999Z";"2022-11-29T05:05:00.000Z";"2022-11-29T16:11:00.000Z";"2781";1.0002530084;1.0004438132;0.9999430455;1.0000756515;2909572697.36;43274212887.43;43270939376.2;"2022-11-29T23:59:59.999Z"
"2022-11-28T00:00:00.000Z";"2022-11-28T23:59:59.999Z";"2022-11-28T16:48:00.000Z";"2022-11-28T01:38:00.000Z";"2781";1.0001761147;1.0006230784;0.9996778907;1.0002012338;2949046302.63;43686634355.07;43677844896.42;"2022-11-28T23:59:59.999Z"
"2022-11-27T00:00:00.000Z";"2022-11-27T23:59:59.999Z";"2022-11-27T15:20:00.000Z";"2022-11-27T23:04:00.000Z";"2781";1.0001652431;1.0003538774;0.9998376925;1.0001409812;2289589937.07;44238097613.99;44231861753.05;"2022-11-27T23:59:59.999Z"
"2022-11-26T00:00:00.000Z";"2022-11-26T23:59:59.999Z";"2022-11-26T01:22:00.000Z";"2022-11-26T22:49:00.000Z";"2781";1.0000808978;1.0006389898;0.9998687511;1.0001509445;2436483647.37;44056847001.74;44050197867.39;"2022-11-26T23:59:59.999Z"
"2022-11-25T00:00:00.000Z";"2022-11-25T23:59:59.999Z";"2022-11-25T11:18:00.000Z";"2022-11-25T16:58:00.000Z";"2781";1.0001674951;1.0003160309;0.9998925119;1.0000569956;2547890809.86;43883957510.19;43881456460.69;"2022-11-25T23:59:59.999Z"
"2022-11-24T00:00:00.000Z";"2022-11-24T23:59:59.999Z";"2022-11-24T02:04:00.000Z";"2022-11-24T10:48:00.000Z";"2781";1.0003291985;1.0006349391;0.9999647312;1.0002148209;3455771498.78;44032562708.15;44023105624.73;"2022-11-24T23:59:59.999Z"
"2022-11-23T00:00:00.000Z";"2022-11-23T23:59:59.999Z";"2022-11-23T03:49:00.000Z";"2022-11-23T12:49:00.000Z";"2781";1.0004796088;1.0007865814;1.0000139759;1.0003272834;4043753925.76;43965435107.68;43951050656.37;"2022-11-23T23:59:59.999Z"
"2022-11-22T00:00:00.000Z";"2022-11-22T23:59:59.999Z";"2022-11-22T13:53:00.000Z";"2022-11-22T08:19:00.000Z";"2781";1.000251588;1.0007223671;0.999969044;1.0004189373;4058680570.87;44095238057.84;44076772653.48;"2022-11-22T23:59:59.999Z"
"2022-11-21T00:00:00.000Z";"2022-11-21T23:59:59.999Z";"2022-11-21T13:24:00.000Z";"2022-11-21T01:40:00.000Z";"2781";1.0002094831;1.0007792972;0.999807543;1.0003301221;6600804024.24;44322091652.35;44307464777.43;"2022-11-21T23:59:59.999Z"
"2022-11-20T00:00:00.000Z";"2022-11-20T23:59:59.999Z";"2022-11-20T22:11:00.000Z";"2022-11-20T21:55:00.000Z";"2781";1.0001672011;1.0004987762;0.9998317224;1.0002138382;2631891750.08;44459023733.63;44449518729.89;"2022-11-20T23:59:59.999Z"
"2022-11-19T00:00:00.000Z";"2022-11-19T23:59:59.999Z";"2022-11-19T05:35:00.000Z";"2022-11-19T02:19:00.000Z";"2781";1.0002257657;1.0004604305;0.9999966503;1.0001563343;2142545662.92;44407654908.12;44400713552.37;"2022-11-19T23:59:59.999Z"
"2022-11-18T00:00:00.000Z";"2022-11-18T23:59:59.999Z";"2022-11-18T10:31:00.000Z";"2022-11-18T17:04:00.000Z";"2781";1.0001598924;1.0004878283;1.0000386878;1.0002475179;2638924708.11;44004117363.12;43993228251.61;"2022-11-18T23:59:59.999Z"
"2022-11-17T00:00:00.000Z";"2022-11-17T23:59:59.999Z";"2022-11-17T18:39:00.000Z";"2022-11-17T04:07:00.000Z";"2781";1.0001993516;1.0005262992;0.9997691158;1.0001621022;2882973153.33;44107545211.29;44100396439.7;"2022-11-17T23:59:59.999Z"
"2022-11-16T00:00:00.000Z";"2022-11-16T23:59:59.999Z";"2022-11-16T02:34:00.000Z";"2022-11-16T09:31:00.000Z";"2781";1.0003559638;1.0005125186;0.9997886912;1.0001856334;3988959847.34;44417678195.87;44409434322.43;"2022-11-16T23:59:59.999Z"
"2022-11-15T00:00:00.000Z";"2022-11-15T23:59:59.999Z";"2022-11-15T02:16:00.000Z";"2022-11-15T18:30:00.000Z";"2781";1.0006180483;1.0008052615;0.9998823134;1.0003448982;3132740777.54;44454062719.88;44438735878.14;"2022-11-15T23:59:59.999Z"
"2022-11-14T00:00:00.000Z";"2022-11-14T23:59:59.999Z";"2022-11-14T07:30:00.000Z";"2022-11-14T13:52:00.000Z";"2781";1.0001351834;1.0009874468;0.9997785373;1.0005864169;4017714642.48;44288579896.05;44262623543.98;"2022-11-14T23:59:59.999Z"
"2022-11-13T00:00:00.000Z";"2022-11-13T23:59:59.999Z";"2022-11-13T21:25:00.000Z";"2022-11-13T07:02:00.000Z";"2781";1.0001780025;1.000620306;0.99994774;1.00013634;2374782584.68;44075987661.41;44069979160.37;"2022-11-13T23:59:59.999Z"
"2022-11-12T00:00:00.000Z";"2022-11-12T23:59:59.999Z";"2022-11-12T07:25:00.000Z";"2022-11-12T05:50:00.000Z";"2781";1.0007578061;1.0009348501;0.9999994866;1.0002235038;2456430569.19;44157589321.49;44147722137.76;"2022-11-12T23:59:59.999Z"
"2022-11-11T00:00:00.000Z";"2022-11-11T23:59:59.999Z";"2022-11-11T04:16:00.000Z";"2022-11-11T14:20:00.000Z";"2781";1.0006599395;1.0013275993;0.9996463289;1.0007342891;4591678573.45;43825134483.69;43792977776.13;"2022-11-11T23:59:59.999Z"
"2022-11-10T00:00:00.000Z";"2022-11-10T23:59:59.999Z";"2022-11-10T12:28:00.000Z";"2022-11-10T00:05:00.000Z";"2781";1.0003588341;1.0073301553;0.9998570184;1.00069176;9392844548.13;43584112291.18;43553983389.09;"2022-11-10T23:59:59.999Z"
"2022-11-09T00:00:00.000Z";"2022-11-09T23:59:59.999Z";"2022-11-09T12:04:00.000Z";"2022-11-09T11:43:00.000Z";"2781";1.0001320805;1.0012065097;0.9991563728;1.0003421024;10733960294.84;42938513018.94;42923828673.15;"2022-11-09T23:59:59.999Z"
"2022-11-08T00:00:00.000Z";"2022-11-08T23:59:59.999Z";"2022-11-08T16:09:00.000Z";"2022-11-08T19:32:00.000Z";"2781";1.0002972381;1.0013234513;0.9987104065;0.9999817544;9481272661.12;42805884317.86;42806665352.42;"2022-11-08T23:59:59.999Z"
"2022-11-07T00:00:00.000Z";"2022-11-07T23:59:59.999Z";"2022-11-07T19:52:00.000Z";"2022-11-07T21:33:00.000Z";"2781";0.999850912;1.0003878281;0.9996575097;1.0003233485;3478168774.14;43278043798.75;43264054429.75;"2022-11-07T23:59:59.999Z"
"2022-11-06T00:00:00.000Z";"2022-11-06T23:59:59.999Z";"2022-11-06T16:41:00.000Z";"2022-11-06T23:07:00.000Z";"2781";0.9999081693;1.0003108753;0.9995938555;0.999869271;2414704424.17;42187827667.81;42193343562.41;"2022-11-06T23:59:59.999Z"
"2022-11-05T00:00:00.000Z";"2022-11-05T23:59:59.999Z";"2022-11-05T16:08:00.000Z";"2022-11-05T23:13:00.000Z";"2781";1.00001844;1.0003148134;0.999762415;0.9999038655;2820629268.96;42000361913.39;42004399987.08;"2022-11-05T23:59:59.999Z"
"2022-11-04T00:00:00.000Z";"2022-11-04T23:59:59.999Z";"2022-11-04T14:32:00.000Z";"2022-11-04T12:32:00.000Z";"2781";1.0000408401;1.0004962852;0.9996690184;1.0000361223;4189794922.01;42186095522.96;42184571720.1;"2022-11-04T23:59:59.999Z"
"2022-11-03T00:00:00.000Z";"2022-11-03T23:59:59.999Z";"2022-11-03T14:16:00.000Z";"2022-11-03T12:38:00.000Z";"2781";1.0001336867;1.0006538034;0.999793672;1.0000648319;3480226567.77;42121440315.86;42118709681.96;"2022-11-03T23:59:59.999Z"
"2022-11-02T00:00:00.000Z";"2022-11-02T23:59:59.999Z";"2022-11-02T18:07:00.000Z";"2022-11-02T18:54:00.000Z";"2781";1.0000348725;1.0003813617;0.9995721131;1.0000965014;6343248163.79;42535914245.95;42531809865.84;"2022-11-02T23:59:59.999Z"
"2022-11-01T00:00:00.000Z";"2022-11-01T23:59:59.999Z";"2022-11-01T06:19:00.000Z";"2022-11-01T13:49:00.000Z";"2781";1.0000122811;1.0002535067;0.9997285287;1.000044479;3559235450.58;43049181261.2;43047266560.18;"2022-11-01T23:59:59.999Z"
"2022-10-31T00:00:00.000Z";"2022-10-31T23:59:59.999Z";"2022-10-31T09:48:00.000Z";"2022-10-31T14:01:00.000Z";"2781";1.0000857728;1.0003786761;0.9994522325;0.9999964054;5307443271.06;43537884267.33;43538040770.05;"2022-10-31T23:59:59.999Z"
"2022-10-30T00:00:00.000Z";"2022-10-30T23:59:59.999Z";"2022-10-30T19:49:00.000Z";"2022-10-30T13:46:00.000Z";"2781";1.0000522334;1.0002608672;0.9997758184;1.0001149035;3672657263.93;43701223013.97;43696202166.35;"2022-10-30T23:59:59.999Z"
"2022-10-29T00:00:00.000Z";"2022-10-29T23:59:59.999Z";"2022-10-29T14:12:00.000Z";"2022-10-29T10:28:00.000Z";"2781";0.9999178227;1.0004258764;0.9996990654;1.0000792588;4594883158.41;43731445119.37;43727979291.7;"2022-10-29T23:59:59.999Z"
"2022-10-28T00:00:00.000Z";"2022-10-28T23:59:59.999Z";"2022-10-28T15:13:00.000Z";"2022-10-28T14:14:00.000Z";"2781";0.9999525977;1.0002878308;0.9996857918;0.9999226827;4000469291.74;43766758332.56;43770142521.94;"2022-10-28T23:59:59.999Z"
"2022-10-27T00:00:00.000Z";"2022-10-27T23:59:59.999Z";"2022-10-27T12:37:00.000Z";"2022-10-27T10:44:00.000Z";"2781";1.0000223573;1.0002613275;0.9997305798;0.9999694728;4234666653.92;43890658314.59;43891998216;"2022-10-27T23:59:59.999Z"
"2022-10-26T00:00:00.000Z";"2022-10-26T23:59:59.999Z";"2022-10-26T14:20:00.000Z";"2022-10-26T15:50:00.000Z";"2781";0.999926268;1.0004252848;0.9997123725;1.0000274375;4575654707.5;43924087050.92;43922881917.01;"2022-10-26T23:59:59.999Z"
"2022-10-25T00:00:00.000Z";"2022-10-25T23:59:59.999Z";"2022-10-25T17:02:00.000Z";"2022-10-25T20:26:00.000Z";"2781";0.9999423727;1.0007322217;0.9997062213;0.9999656099;4523233355.52;43835589554.62;43837097116.61;"2022-10-25T23:59:59.999Z"
"2022-10-24T00:00:00.000Z";"2022-10-24T23:59:59.999Z";"2022-10-24T00:02:00.000Z";"2022-10-24T14:25:00.000Z";"2781";1.0000803012;1.0002604896;0.9997666624;0.9999804262;3031244247.34;43853276612.86;43854135003.92;"2022-10-24T23:59:59.999Z"
"2022-10-23T00:00:00.000Z";"2022-10-23T23:59:59.999Z";"2022-10-23T22:06:00.000Z";"2022-10-23T10:15:00.000Z";"2781";1.0000231325;1.0003160161;0.9997817497;1.000029691;2276952461.85;43948066114.09;43946761290.63;"2022-10-23T23:59:59.999Z"
"2022-10-22T00:00:00.000Z";"2022-10-22T23:59:59.999Z";"2022-10-22T00:43:00.000Z";"2022-10-22T05:27:00.000Z";"2781";1.0000194778;1.0001908222;0.9998096302;1.0000288137;1929650725.71;43928990213.04;43927724492.99;"2022-10-22T23:59:59.999Z"
"2022-10-21T00:00:00.000Z";"2022-10-21T23:59:59.999Z";"2022-10-21T13:04:00.000Z";"2022-10-21T09:10:00.000Z";"2781";0.9999860135;1.0004021181;0.9998387933;1.0000140422;3250082894.32;43884301898.06;43883685673.97;"2022-10-21T23:59:59.999Z"
"2022-10-20T00:00:00.000Z";"2022-10-20T23:59:59.999Z";"2022-10-20T05:12:00.000Z";"2022-10-20T18:10:00.000Z";"2781";1.0000393925;1.000401507;0.9997513246;0.9999996221;2679829482.01;43959091192.9;43959107806.5;"2022-10-20T23:59:59.999Z"
"2022-10-19T00:00:00.000Z";"2022-10-19T23:59:59.999Z";"2022-10-19T14:31:00.000Z";"2022-10-19T01:00:00.000Z";"2781";0.9999824216;1.0004034395;0.9997612627;1.000055418;2645576295.11;44378254288.1;44375795071.57;"2022-10-19T23:59:59.999Z"
"2022-10-18T00:00:00.000Z";"2022-10-18T23:59:59.999Z";"2022-10-18T17:35:00.000Z";"2022-10-18T18:46:00.000Z";"2781";0.9999908996;1.0003023593;0.9998480859;0.9999978497;2885568215.89;44654828930.91;44654924950.31;"2022-10-18T23:59:59.999Z"
"2022-10-17T00:00:00.000Z";"2022-10-17T23:59:59.999Z";"2022-10-17T11:17:00.000Z";"2022-10-17T02:01:00.000Z";"2781";0.9999606014;1.0002177858;0.9998538415;0.9999846815;2980936199.15;44824966349.6;44825653013.25;"2022-10-17T23:59:59.999Z"
"2022-10-16T00:00:00.000Z";"2022-10-16T23:59:59.999Z";"2022-10-16T20:02:00.000Z";"2022-10-16T22:41:00.000Z";"2781";0.9999061559;1.0002862916;0.9998317185;0.9999532245;2511992439.96;45001378931.41;45003483992.78;"2022-10-16T23:59:59.999Z"
"2022-10-15T00:00:00.000Z";"2022-10-15T23:59:59.999Z";"2022-10-15T14:41:00.000Z";"2022-10-15T08:35:00.000Z";"2781";0.999995887;1.0002354616;0.9998375481;0.9999295401;2551998130.44;45005916750.38;45009088086.57;"2022-10-15T23:59:59.999Z"
"2022-10-14T00:00:00.000Z";"2022-10-14T23:59:59.999Z";"2022-10-14T01:34:00.000Z";"2022-10-14T14:13:00.000Z";"2781";1.0000093467;1.0003235622;0.9997012387;0.9999945152;4058420603.52;45017271780.62;45017518694.83;"2022-10-14T23:59:59.999Z"
"2022-10-13T00:00:00.000Z";"2022-10-13T23:59:59.999Z";"2022-10-13T15:19:00.000Z";"2022-10-13T10:32:00.000Z";"2781";0.9999703922;1.0003507744;0.999546316;1.0000156014;4863475901.14;45816499986.23;45815785195.52;"2022-10-13T23:59:59.999Z"
"2022-10-12T00:00:00.000Z";"2022-10-12T23:59:59.999Z";"2022-10-12T05:48:00.000Z";"2022-10-12T13:09:00.000Z";"2781";1.000024075;1.0002554223;0.9998602928;0.9999617589;2920458911.59;45869723381.32;45871477556.81;"2022-10-12T23:59:59.999Z"
"2022-10-11T00:00:00.000Z";"2022-10-11T23:59:59.999Z";"2022-10-11T12:00:00.000Z";"2022-10-11T00:09:00.000Z";"2781";0.9999336974;1.0002731597;0.9997104882;1.0000249813;3635935331.83;46032675763.82;46031525836.98;"2022-10-11T23:59:59.999Z"
"2022-10-10T00:00:00.000Z";"2022-10-10T23:59:59.999Z";"2022-10-10T21:05:00.000Z";"2022-10-10T08:33:00.000Z";"2781";0.9999810118;1.0002427359;0.9997384924;0.999941187;3234465931.46;46058989926;46061698951.11;"2022-10-10T23:59:59.999Z"
"2022-10-09T00:00:00.000Z";"2022-10-09T23:59:59.999Z";"2022-10-09T19:47:00.000Z";"2022-10-09T19:41:00.000Z";"2781";1.0001505585;1.0002171838;0.9998540856;0.9999931031;2260430909.63;46061806382.75;46062124068.38;"2022-10-09T23:59:59.999Z"
"2022-10-08T00:00:00.000Z";"2022-10-08T23:59:59.999Z";"2022-10-08T03:19:00.000Z";"2022-10-08T21:52:00.000Z";"2781";0.9999929738;1.0001885911;0.9997663765;1.0001471784;2735745388.29;46068954345.97;46062174988.92;"2022-10-08T23:59:59.999Z"
"2022-10-07T00:00:00.000Z";"2022-10-07T23:59:59.999Z";"2022-10-07T21:25:00.000Z";"2022-10-07T12:51:00.000Z";"2781";0.9999879654;1.0002504743;0.9997313599;1.0000215212;3663387741.81;46123970674.18;46122978054.2;"2022-10-07T23:59:59.999Z"
"2022-10-06T00:00:00.000Z";"2022-10-06T23:59:59.999Z";"2022-10-06T00:54:00.000Z";"2022-10-06T14:10:00.000Z";"2781";1.0000059667;1.0002716018;0.9997127094;0.9999687174;4064924186.64;46255489868.42;46256936905.65;"2022-10-06T23:59:59.999Z"
"2022-10-05T00:00:00.000Z";"2022-10-05T23:59:59.999Z";"2022-10-05T16:13:00.000Z";"2022-10-05T08:19:00.000Z";"2781";0.9999429174;1.0002525951;0.9997095751;0.9999375715;3648372214.3;46425082108.39;46427980537.76;"2022-10-05T23:59:59.999Z"
"2022-10-04T00:00:00.000Z";"2022-10-04T23:59:59.999Z";"2022-10-04T08:09:00.000Z";"2022-10-04T16:51:00.000Z";"2781";0.9999155972;1.0002000157;0.9997878965;0.999931779;3702781171.08;46786928283.15;46790120349.72;"2022-10-04T23:59:59.999Z"
"2022-10-03T00:00:00.000Z";"2022-10-03T23:59:59.999Z";"2022-10-03T09:27:00.000Z";"2022-10-03T16:18:00.000Z";"2781";1.0000319369;1.000215102;0.9998157098;0.9999271191;4449830981.49;47192138929.67;47195578587.2;"2022-10-03T23:59:59.999Z"
"2022-10-02T00:00:00.000Z";"2022-10-02T23:59:59.999Z";"2022-10-02T19:12:00.000Z";"2022-10-02T23:07:00.000Z";"2781";1.0000132224;1.0003114184;0.9994424847;0.9999907187;2933405193.15;47325233841.02;47325673086.41;"2022-10-02T23:59:59.999Z"
"2022-10-01T00:00:00.000Z";"2022-10-01T23:59:59.999Z";"2022-10-01T02:29:00.000Z";"2022-10-01T07:09:00.000Z";"2781";1.0000424552;1.0001712123;0.9997983839;0.9999838351;3108134491.35;47256359715.9;47257123623.23;"2022-10-01T23:59:59.999Z"
"2022-09-30T00:00:00.000Z";"2022-09-30T23:59:59.999Z";"2022-09-30T13:59:00.000Z";"2022-09-30T17:47:00.000Z";"2781";0.9999719153;1.0003951502;0.9998012212;1.0000663579;4870470845.25;47377375041.04;47374231387.36;"2022-09-30T23:59:59.999Z"
"2022-09-29T00:00:00.000Z";"2022-09-29T23:59:59.999Z";"2022-09-29T14:54:00.000Z";"2022-09-29T13:47:00.000Z";"2781";1.000053627;1.0003190035;0.9996524681;1.0001242148;4102135594.44;48584261459.31;48578227324.21;"2022-09-29T23:59:59.999Z"
"2022-09-28T00:00:00.000Z";"2022-09-28T23:59:59.999Z";"2022-09-28T14:44:00.000Z";"2022-09-28T02:18:00.000Z";"2781";1.0000542163;1.0003437574;0.9997672606;1.0000109813;4650658917.99;48878962549.54;48878425798.81;"2022-09-28T23:59:59.999Z"
"2022-09-27T00:00:00.000Z";"2022-09-27T23:59:59.999Z";"2022-09-27T03:06:00.000Z";"2022-09-27T16:53:00.000Z";"2781";1.0002142284;1.0004121545;0.9997052412;1.0001226197;4795683665.03;49212281314.4;49206247659.8;"2022-09-27T23:59:59.999Z"
"2022-09-26T00:00:00.000Z";"2022-09-26T23:59:59.999Z";"2022-09-26T13:34:00.000Z";"2022-09-26T11:13:00.000Z";"2781";1.0000493699;1.0004206647;0.9997406637;1.0001647832;3999499289.02;49369158092.97;49361024224.15;"2022-09-26T23:59:59.999Z"
"2022-09-25T00:00:00.000Z";"2022-09-25T23:59:59.999Z";"2022-09-25T18:56:00.000Z";"2022-09-25T17:07:00.000Z";"2781";0.9999675084;1.0003009101;0.9998171268;0.9999683312;3878358168.17;49589400501.4;49590970990.05;"2022-09-25T23:59:59.999Z"
"2022-09-24T00:00:00.000Z";"2022-09-24T23:59:59.999Z";"2022-09-24T02:39:00.000Z";"2022-09-24T22:13:00.000Z";"2781";1.0000095254;1.0002427215;0.9996472915;0.999973367;3875334931.8;49713335644.33;49714659693.49;"2022-09-24T23:59:59.999Z"
"2022-09-23T00:00:00.000Z";"2022-09-23T23:59:59.999Z";"2022-09-23T22:29:00.000Z";"2022-09-23T13:59:00.000Z";"2781";0.9999456544;1.0003856072;0.9997198609;0.9999929256;5282910707.98;49740906430.96;49741258322.27;"2022-09-23T23:59:59.999Z"
"2022-09-22T00:00:00.000Z";"2022-09-22T23:59:59.999Z";"2022-09-22T02:58:00.000Z";"2022-09-22T14:54:00.000Z";"2781";1.0001344712;1.0004876621;0.9996129784;0.9999196186;5233558179.46;49906300345.75;49910312207.39;"2022-09-22T23:59:59.999Z"
"2022-09-21T00:00:00.000Z";"2022-09-21T23:59:59.999Z";"2022-09-21T18:43:00.000Z";"2022-09-21T18:08:00.000Z";"2781";0.9999154973;1.0006927856;0.9993490084;1.0001128235;5956755762.65;50010199691.32;50004558000.99;"2022-09-21T23:59:59.999Z"
"2022-09-20T00:00:00.000Z";"2022-09-20T23:59:59.999Z";"2022-09-20T15:10:00.000Z";"2022-09-20T03:22:00.000Z";"2781";0.9999020557;1.0003079119;0.9995998048;0.9999480835;4922676526.44;50213230569.4;50215837599.08;"2022-09-20T23:59:59.999Z"
"2022-09-19T00:00:00.000Z";"2022-09-19T23:59:59.999Z";"2022-09-19T13:52:00.000Z";"2022-09-19T02:25:00.000Z";"2781";0.9999940028;1.0004495119;0.9996675495;0.9998729615;5448220572.21;50015034269.87;50021388914.47;"2022-09-19T23:59:59.999Z"
"2022-09-18T00:00:00.000Z";"2022-09-18T23:59:59.999Z";"2022-09-18T07:28:00.000Z";"2022-09-18T21:28:00.000Z";"2781";1.0000812172;1.0002386606;0.9996511882;1.0000771547;4028540366.42;50190456315.35;50186584186.1;"2022-09-18T23:59:59.999Z"
"2022-09-17T00:00:00.000Z";"2022-09-17T23:59:59.999Z";"2022-09-17T16:11:00.000Z";"2022-09-17T12:18:00.000Z";"2781";1.0000769316;1.0002826886;0.9998557873;1.0000316673;3630797018.03;50212373449.25;50210783407.97;"2022-09-17T23:59:59.999Z"
"2022-09-16T00:00:00.000Z";"2022-09-16T23:59:59.999Z";"2022-09-16T00:58:00.000Z";"2022-09-16T09:01:00.000Z";"2781";1.000169658;1.0003358776;0.9997470662;1.0001183244;5765020468.27;50237341232.62;50231397630.46;"2022-09-16T23:59:59.999Z"
"2022-09-15T00:00:00.000Z";"2022-09-15T23:59:59.999Z";"2022-09-15T07:17:00.000Z";"2022-09-15T14:50:00.000Z";"2781";1.0000376868;1.000429855;0.9997438335;1.0001617903;7140693833.56;50365831402.49;50357684017.03;"2022-09-15T23:59:59.999Z"
"2022-09-14T00:00:00.000Z";"2022-09-14T23:59:59.999Z";"2022-09-14T18:28:00.000Z";"2022-09-14T18:12:00.000Z";"2781";0.9999649085;1.0002682571;0.9997701952;1.0000395218;5785823308.29;50834222718.82;50832213737.87;"2022-09-14T23:59:59.999Z"
"2022-09-13T00:00:00.000Z";"2022-09-13T23:59:59.999Z";"2022-09-13T14:04:00.000Z";"2022-09-13T12:55:00.000Z";"2781";1.0000224522;1.0002250262;0.9993640949;1.0001140618;7447771857.23;51370240179.25;51464014363.75;"2022-09-13T23:59:59.999Z"
"2022-09-12T00:00:00.000Z";"2022-09-12T23:59:59.999Z";"2022-09-12T19:14:00.000Z";"2022-09-12T03:34:00.000Z";"2781";0.9999598868;1.0001998706;0.9995160943;1.0000109948;6603561164.15;51430360844.23;51429795381.97;"2022-09-12T23:59:59.999Z"
"2022-09-11T00:00:00.000Z";"2022-09-11T23:59:59.999Z";"2022-09-11T16:56:00.000Z";"2022-09-11T06:35:00.000Z";"2781";0.9998608665;1.0002533724;0.9996299116;0.9999513646;5285353049.05;51601695543.86;51604205337.3;"2022-09-11T23:59:59.999Z"
"2022-09-10T00:00:00.000Z";"2022-09-10T23:59:59.999Z";"2022-09-10T16:52:00.000Z";"2022-09-10T07:50:00.000Z";"2781";0.9999451444;1.000224024;0.9996862766;0.9998627096;6034410916.24;51677959746.59;51685055609.94;"2022-09-10T23:59:59.999Z"
"2022-09-09T00:00:00.000Z";"2022-09-09T23:59:59.999Z";"2022-09-09T12:34:00.000Z";"2022-09-09T17:41:00.000Z";"2781";0.9999070881;1.0002202849;0.9996327988;0.9999450204;7486756055.43;51724537122.64;51727381074.31;"2022-09-09T23:59:59.999Z"
"2022-09-08T00:00:00.000Z";"2022-09-08T23:59:59.999Z";"2022-09-08T10:13:00.000Z";"2022-09-08T12:19:00.000Z";"2781";0.9999672212;1.0002594375;0.9996998604;0.9999142946;5599051310.72;51678540040.61;51682969547.78;"2022-09-08T23:59:59.999Z"
"2022-09-07T00:00:00.000Z";"2022-09-07T23:59:59.999Z";"2022-09-07T09:36:00.000Z";"2022-09-07T02:26:00.000Z";"2781";0.999804789;1.0003157787;0.9997099674;0.9999929523;5925798240.13;51689106056.97;51689470350.83;"2022-09-07T23:59:59.999Z"
"2022-09-06T00:00:00.000Z";"2022-09-06T23:59:59.999Z";"2022-09-06T12:10:00.000Z";"2022-09-06T17:13:00.000Z";"2781";0.9998997724;1.0003180515;0.9994568347;0.9998781511;7323352431.62;51591236187.12;51597523287.63;"2022-09-06T23:59:59.999Z"
"2022-09-05T00:00:00.000Z";"2022-09-05T23:59:59.999Z";"2022-09-05T00:04:00.000Z";"2022-09-05T05:25:00.000Z";"2781";1.0001212048;1.0002900098;0.9995924376;0.9998817741;6182567825.88;51856082836.62;51862214291.78;"2022-09-05T23:59:59.999Z"
"2022-09-04T00:00:00.000Z";"2022-09-04T23:59:59.999Z";"2022-09-04T12:02:00.000Z";"2022-09-04T12:12:00.000Z";"2781";1.0001164827;1.00025487;0.9997960531;1.0001068689;6332291605.54;51881772221.09;51876228265.06;"2022-09-04T23:59:59.999Z"
"2022-09-03T00:00:00.000Z";"2022-09-03T23:59:59.999Z";"2022-09-03T19:34:00.000Z";"2022-09-03T08:12:00.000Z";"2781";1.0001329099;1.0002943454;0.9996398031;1.0001262764;5057166377.59;51862761777.24;51856213559.98;"2022-09-03T23:59:59.999Z"
"2022-09-02T00:00:00.000Z";"2022-09-02T23:59:59.999Z";"2022-09-02T12:40:00.000Z";"2022-09-02T11:13:00.000Z";"2781";0.9999704525;1.0002784147;0.9997323984;1.0001008153;4800544391.84;51758902179.34;51753684615.44;"2022-09-02T23:59:59.999Z"
"2022-09-01T00:00:00.000Z";"2022-09-01T23:59:59.999Z";"2022-09-01T11:00:00.000Z";"2022-09-01T00:46:00.000Z";"2781";1.0000552213;1.0003973669;0.9996595801;0.9999764661;5070758690.02;52026303625.38;52027528034.37;"2022-09-01T23:59:59.999Z"
"2022-08-31T00:00:00.000Z";"2022-08-31T23:59:59.999Z";"2022-08-31T00:30:00.000Z";"2022-08-31T14:54:00.000Z";"2781";0.999978836;1.0003906515;0.9996815848;1.0000276003;5586800452.35;52361614842.28;52360169686.67;"2022-08-31T23:59:59.999Z"
"2022-08-30T00:00:00.000Z";"2022-08-30T23:59:59.999Z";"2022-08-30T19:22:00.000Z";"2022-08-30T16:43:00.000Z";"2781";0.9999803851;1.0005021661;0.999687285;1.0000064363;6564730413.31;52389264489.75;52388927297.33;"2022-08-30T23:59:59.999Z"
"2022-08-29T00:00:00.000Z";"2022-08-29T23:59:59.999Z";"2022-08-29T12:33:00.000Z";"2022-08-29T14:35:00.000Z";"2781";0.9999347845;1.0003660365;0.9998007861;0.9999665067;8146241733.02;52286365353.04;52288116655.18;"2022-08-29T23:59:59.999Z"
"2022-08-28T00:00:00.000Z";"2022-08-28T23:59:59.999Z";"2022-08-28T16:19:00.000Z";"2022-08-28T23:25:00.000Z";"2781";1.0000142858;1.0002396688;0.999726537;1.0000308623;6479740106.68;52200895875.09;52199284884.35;"2022-08-28T23:59:59.999Z"
"2022-08-27T00:00:00.000Z";"2022-08-27T23:59:59.999Z";"2022-08-27T06:10:00.000Z";"2022-08-27T15:40:00.000Z";"2781";0.9999214113;1.0003503455;0.9997011717;1.0000085984;12367955267.63;52247371780.88;52246922541.3;"2022-08-27T23:59:59.999Z"
"2022-08-26T00:00:00.000Z";"2022-08-26T23:59:59.999Z";"2022-08-26T13:04:00.000Z";"2022-08-26T15:19:00.000Z";"2781";0.999979302;1.0003175354;0.9995490577;0.9999742;9023777772.91;52231683583.77;52233031197.69;"2022-08-26T23:59:59.999Z"
"2022-08-25T00:00:00.000Z";"2022-08-25T23:59:59.999Z";"2022-08-25T06:19:00.000Z";"2022-08-25T15:25:00.000Z";"2781";0.9999208249;1.0001952756;0.9996711043;0.9999597619;7247298408.18;52124656171.99;52126753651.43;"2022-08-25T23:59:59.999Z"
"2022-08-24T00:00:00.000Z";"2022-08-24T23:59:59.999Z";"2022-08-24T11:31:00.000Z";"2022-08-24T00:38:00.000Z";"2781";0.9999988002;1.0002387672;0.9996470003;0.9998610934;7342467395.75;52274401409.57;52281663676.47;"2022-08-24T23:59:59.999Z"
"2022-08-23T00:00:00.000Z";"2022-08-23T23:59:59.999Z";"2022-08-23T08:19:00.000Z";"2022-08-23T20:34:00.000Z";"2781";1.0001360504;1.0003947358;0.9997045527;0.999982226;5446317940.5;52296995169.39;52297924713.7;"2022-08-23T23:59:59.999Z"
"2022-08-22T00:00:00.000Z";"2022-08-22T23:59:59.999Z";"2022-08-22T09:13:00.000Z";"2022-08-22T17:35:00.000Z";"2781";1.0001142855;1.0003636937;0.9997636065;1.0001381591;5446317940.5;52249298137.03;52242080416.54;"2022-08-22T23:59:59.999Z"
"2022-08-21T00:00:00.000Z";"2022-08-21T23:59:59.999Z";"2022-08-21T08:11:00.000Z";"2022-08-21T22:07:00.000Z";"2781";1.0001879502;1.0003968484;0.9997591816;1.0001408463;5446317940.5;52546676703.59;52539276742.1;"2022-08-21T23:59:59.999Z"
"2022-08-20T00:00:00.000Z";"2022-08-20T23:59:59.999Z";"2022-08-20T00:36:00.000Z";"2022-08-20T16:40:00.000Z";"2781";0.999954079;1.0004612016;0.9997373588;1.000210942;7104084896.47;52436961015.42;52425902192.42;"2022-08-20T23:59:59.999Z"
"2022-08-19T00:00:00.000Z";"2022-08-19T23:59:59.999Z";"2022-08-19T19:26:00.000Z";"2022-08-19T06:40:00.000Z";"2781";0.9999372093;1.0004001536;0.9994782275;1.0000276802;7104084896.47;52458216235.83;52456764223.79;"2022-08-19T23:59:59.999Z"
"2022-08-18T00:00:00.000Z";"2022-08-18T23:59:59.999Z";"2022-08-18T19:34:00.000Z";"2022-08-18T23:20:00.000Z";"2781";0.9999746475;1.00019171;0.9996252553;0.999907481;5259309739.23;52851395623.54;52856285836.09;"2022-08-18T23:59:59.999Z"
"2022-08-17T00:00:00.000Z";"2022-08-17T23:59:59.999Z";"2022-08-17T18:04:00.000Z";"2022-08-17T07:42:00.000Z";"2781";1.0000641598;1.0002611107;0.9994210192;0.9999545231;6429626031.43;53175025561.86;53177443908.87;"2022-08-17T23:59:59.999Z"
"2022-08-16T00:00:00.000Z";"2022-08-16T23:59:59.999Z";"2022-08-16T23:11:00.000Z";"2022-08-16T14:18:00.000Z";"2781";0.9999153017;1.0002323217;0.9996212148;1.0000611354;6162980451.29;53466912634.93;53463644114;"2022-08-16T23:59:59.999Z"
"2022-08-15T00:00:00.000Z";"2022-08-15T23:59:59.999Z";"2022-08-15T13:58:00.000Z";"2022-08-15T06:55:00.000Z";"2781";0.9998819494;1.0002610184;0.9994593052;0.999949345;7302904710.55;53486877329.59;53489586842.62;"2022-08-15T23:59:59.999Z"
"2022-08-14T00:00:00.000Z";"2022-08-14T23:59:59.999Z";"2022-08-14T21:28:00.000Z";"2022-08-14T17:02:00.000Z";"2781";0.9999522176;1.0001713555;0.9995576571;0.9998481746;4448890164.94;53593155481.32;53601293516.89;"2022-08-14T23:59:59.999Z"
"2022-08-13T00:00:00.000Z";"2022-08-13T23:59:59.999Z";"2022-08-13T06:07:00.000Z";"2022-08-13T19:29:00.000Z";"2781";1.0000414717;1.0001600176;0.9996706399;0.9999522066;5445129024.05;53812175801.21;53814747793.44;"2022-08-13T23:59:59.999Z"
"2022-08-12T00:00:00.000Z";"2022-08-12T23:59:59.999Z";"2022-08-12T15:25:00.000Z";"2022-08-12T00:18:00.000Z";"2781";0.9998838112;1.0002786731;0.9996505576;1.0000667217;6575377525.48;53828415473;53824824188.31;"2022-08-12T23:59:59.999Z"
"2022-08-11T00:00:00.000Z";"2022-08-11T23:59:59.999Z";"2022-08-11T12:31:00.000Z";"2022-08-11T15:07:00.000Z";"2781";1.0001358223;1.0002575367;0.9996422192;0.9999144433;8324806426.46;53885216633.14;53889827269.09;"2022-08-11T23:59:59.999Z"
"2022-08-10T00:00:00.000Z";"2022-08-10T23:59:59.999Z";"2022-08-10T12:47:00.000Z";"2022-08-10T03:10:00.000Z";"2781";0.9997715482;1.0003257051;0.9995323613;1.0001351917;7908008277.32;53936090863.89;53928800137.81;"2022-08-10T23:59:59.999Z"
"2022-08-09T00:00:00.000Z";"2022-08-09T23:59:59.999Z";"2022-08-09T18:18:00.000Z";"2022-08-09T10:01:00.000Z";"2781";1.0000798617;1.0002989098;0.9991454448;0.9997979909;6736005316.92;54074361689.62;54085287412.21;"2022-08-09T23:59:59.999Z"
"2022-08-08T00:00:00.000Z";"2022-08-08T23:59:59.999Z";"2022-08-08T21:00:00.000Z";"2022-08-08T16:31:00.000Z";"2781";0.9999375062;1.0004538859;0.9994424719;1.0000659224;6960679226.46;54114505483.92;54110938358.45;"2022-08-08T23:59:59.999Z"
"2022-08-07T00:00:00.000Z";"2022-08-07T23:59:59.999Z";"2022-08-07T04:06:00.000Z";"2022-08-07T00:58:00.000Z";"2781";0.9998484654;1.0003536332;0.9994912899;0.9999188403;3504912367.47;54275863425.54;54280268796.42;"2022-08-07T23:59:59.999Z"
"2022-08-06T00:00:00.000Z";"2022-08-06T23:59:59.999Z";"2022-08-06T06:55:00.000Z";"2022-08-06T11:42:00.000Z";"2781";1.0001212337;1.0002878503;0.999566087;0.9997057151;4013049169.83;54273899723.09;54289876412.87;"2022-08-06T23:59:59.999Z"
"2022-08-05T00:00:00.000Z";"2022-08-05T23:59:59.999Z";"2022-08-05T14:07:00.000Z";"2022-08-05T12:39:00.000Z";"2781";1.0000371847;1.0004181943;0.9994240687;1.0000875641;6033672422.25;54259900726.87;54255149922.06;"2022-08-05T23:59:59.999Z"
"2022-08-04T00:00:00.000Z";"2022-08-04T23:59:59.999Z";"2022-08-04T13:43:00.000Z";"2022-08-04T16:58:00.000Z";"2781";1.0000343005;1.0006864406;0.9996124654;1.0000364043;6265705594.98;54234240749.09;54232266462.76;"2022-08-04T23:59:59.999Z"
"2022-08-03T00:00:00.000Z";"2022-08-03T23:59:59.999Z";"2022-08-03T06:09:00.000Z";"2022-08-03T00:47:00.000Z";"2781";0.9999669666;1.0005124005;0.999564614;1.0000322063;7123782220.15;54342010865.19;54340260767.69;"2022-08-03T23:59:59.999Z"
"2022-08-02T00:00:00.000Z";"2022-08-02T23:59:59.999Z";"2022-08-02T14:31:00.000Z";"2022-08-02T02:34:00.000Z";"2781";0.9998555422;1.0005832979;0.9993477242;0.9999344297;8333966555.07;54447561090.85;54451131469.82;"2022-08-02T23:59:59.999Z"
"2022-08-01T00:00:00.000Z";"2022-08-01T23:59:59.999Z";"2022-08-01T14:55:00.000Z";"2022-08-01T10:48:00.000Z";"2781";0.9997583151;1.0004685836;0.9995228351;0.9998373709;8090652736.09;54386015942.88;54394862131.95;"2022-08-01T23:59:59.999Z"
"2022-07-31T00:00:00.000Z";"2022-07-31T23:59:59.999Z";"2022-07-31T18:27:00.000Z";"2022-07-31T22:28:00.000Z";"2781";0.9997476394;1.0003010263;0.9993162668;0.9997973384;7124030236.65;54455842443.43;54466880787.36;"2022-07-31T23:59:59.999Z"
"2022-07-30T00:00:00.000Z";"2022-07-30T23:59:59.999Z";"2022-07-30T00:11:00.000Z";"2022-07-30T22:12:00.000Z";"2781";0.9997201732;1.0004190328;0.9993755445;0.9998656658;6342886732.99;54450310040.21;54457625563.8;"2022-07-30T23:59:59.999Z"
"2022-07-29T00:00:00.000Z";"2022-07-29T23:59:59.999Z";"2022-07-29T19:50:00.000Z";"2022-07-29T16:13:00.000Z";"2781";1.0000244401;1.0005059369;0.9992096663;0.9996779527;8773001546.21;54596569310.23;54614157650.34;"2022-07-29T23:59:59.999Z"
"2022-07-28T00:00:00.000Z";"2022-07-28T23:59:59.999Z";"2022-07-28T14:46:00.000Z";"2022-07-28T21:22:00.000Z";"2781";1.0001405983;1.0004919884;0.9994190706;1.0000221017;9419521160.42;54705059373.55;54703850324.69;"2022-07-28T23:59:59.999Z"
"2022-07-27T00:00:00.000Z";"2022-07-27T23:59:59.999Z";"2022-07-27T18:38:00.000Z";"2022-07-27T03:37:00.000Z";"2781";1.0001614037;1.0006950033;0.9996347323;1.000114685;8262809031.24;55097211800.39;55090893701.5;"2022-07-27T23:59:59.999Z"
"2022-07-26T00:00:00.000Z";"2022-07-26T23:59:59.999Z";"2022-07-26T21:16:00.000Z";"2022-07-26T13:04:00.000Z";"2781";0.9997765704;1.0006686951;0.9995847771;1.0001418146;6871887569.22;55114570592.18;55106755650.88;"2022-07-26T23:59:59.999Z"
"2022-07-25T00:00:00.000Z";"2022-07-25T23:59:59.999Z";"2022-07-25T08:52:00.000Z";"2022-07-25T19:34:00.000Z";"2781";1.0000636594;1.0004849741;0.9993629922;0.9997423244;6431520470.8;55002566512.28;55016742986.06;"2022-07-25T23:59:59.999Z"
"2022-07-24T00:00:00.000Z";"2022-07-24T23:59:59.999Z";"2022-07-24T05:16:00.000Z";"2022-07-24T13:46:00.000Z";"2781";1.0000065642;1.0004752539;0.9995984568;1.0000838808;4866184511.06;55099824864.28;55095203434.16;"2022-07-24T23:59:59.999Z"
"2022-07-23T00:00:00.000Z";"2022-07-23T23:59:59.999Z";"2022-07-23T02:32:00.000Z";"2022-07-23T17:25:00.000Z";"2781";0.9999515123;1.0004080101;0.9994970836;1.0000136583;5287167944.62;55089683676.33;55088931254.71;"2022-07-23T23:59:59.999Z"
"2022-07-22T00:00:00.000Z";"2022-07-22T23:59:59.999Z";"2022-07-22T10:21:00.000Z";"2022-07-22T14:08:00.000Z";"2781";1.0000790941;1.0004469839;0.9992192073;1.0000173473;6285903772.82;54998691728.12;54997737667.37;"2022-07-22T23:59:59.999Z"
"2022-07-21T00:00:00.000Z";"2022-07-21T23:59:59.999Z";"2022-07-21T16:06:00.000Z";"2022-07-21T04:06:00.000Z";"2781";0.9998865853;1.0005489321;0.9994583197;1.000082252;7372587537.13;54954728530.24;54950208766.7;"2022-07-21T23:59:59.999Z"
"2022-07-20T00:00:00.000Z";"2022-07-20T23:59:59.999Z";"2022-07-20T10:24:00.000Z";"2022-07-20T00:16:00.000Z";"2781";0.9998734893;1.0005793424;0.9994501126;0.9999134283;8806753435.6;54814266868.59;54819012646.32;"2022-07-20T23:59:59.999Z"
"2022-07-19T00:00:00.000Z";"2022-07-19T23:59:59.999Z";"2022-07-19T06:32:00.000Z";"2022-07-19T15:22:00.000Z";"2781";0.9998715482;1.0005008014;0.999354453;0.9998931902;9504899153.44;54720683139.11;54726528466.47;"2022-07-19T23:59:59.999Z"
"2022-07-18T00:00:00.000Z";"2022-07-18T23:59:59.999Z";"2022-07-18T15:58:00.000Z";"2022-07-18T17:08:00.000Z";"2781";1.0002423122;1.0007703203;0.9995186647;1.0000776019;8456901936.01;54782196399.29;54777945525.5;"2022-07-18T23:59:59.999Z"
"2022-07-17T00:00:00.000Z";"2022-07-17T23:59:59.999Z";"2022-07-17T22:37:00.000Z";"2022-07-17T17:59:00.000Z";"2781";1.0001717274;1.0004404193;0.9994516839;1.0002490431;5540927849.8;54805466618.9;54791821095.83;"2022-07-17T23:59:59.999Z"
"2022-07-16T00:00:00.000Z";"2022-07-16T23:59:59.999Z";"2022-07-16T16:16:00.000Z";"2022-07-16T20:23:00.000Z";"2781";0.999945667;1.0008646518;0.9995888521;1.0001508993;5382938984.08;54822440364.86;54814168946.53;"2022-07-16T23:59:59.999Z"
"2022-07-15T00:00:00.000Z";"2022-07-15T23:59:59.999Z";"2022-07-15T20:28:00.000Z";"2022-07-15T00:27:00.000Z";"2781";1.0000092986;1.0004652303;0.9996001274;0.9999627813;5646216485.1;54833444056.68;54835484964.64;"2022-07-15T23:59:59.999Z"
"2022-07-14T00:00:00.000Z";"2022-07-14T23:59:59.999Z";"2022-07-14T15:13:00.000Z";"2022-07-14T22:21:00.000Z";"2781";1.0001641464;1.0004748905;0.9997080182;0.9999969819;5345559223.69;55262142341;55262309125.69;"2022-07-14T23:59:59.999Z"
"2022-07-13T00:00:00.000Z";"2022-07-13T23:59:59.999Z";"2022-07-13T17:04:00.000Z";"2022-07-13T12:41:00.000Z";"2781";0.99990976;1.0007881801;0.9995345918;1.0000470764;5445116046.65;55363386612.89;55360780424.18;"2022-07-13T23:59:59.999Z"
"2022-07-12T00:00:00.000Z";"2022-07-12T23:59:59.999Z";"2022-07-12T14:16:00.000Z";"2022-07-12T00:53:00.000Z";"2781";1.0001707003;1.0005741087;0.9996863873;0.9998533187;4780296209.28;55305921346.89;55314034882.12;"2022-07-12T23:59:59.999Z"
"2022-07-11T00:00:00.000Z";"2022-07-11T23:59:59.999Z";"2022-07-11T13:04:00.000Z";"2022-07-11T03:01:00.000Z";"2781";1.0000458595;1.000652318;0.9997256501;1.000168851;4843512116.86;55556318719.39;55546939563;"2022-07-11T23:59:59.999Z"
"2022-07-10T00:00:00.000Z";"2022-07-10T23:59:59.999Z";"2022-07-10T11:49:00.000Z";"2022-07-10T02:31:00.000Z";"2781";1.0000600989;1.0003869286;0.9997015103;1.0000291113;4439375697.55;55548556605.25;55546939563;"2022-07-10T23:59:59.999Z"
"2022-07-09T00:00:00.000Z";"2022-07-09T23:59:59.999Z";"2022-07-09T14:11:00.000Z";"2022-07-09T11:56:00.000Z";"2781";0.9999154546;1.0005246254;0.9998115578;1.0000455741;4905270939.96;55549471066.38;55546939563;"2022-07-09T23:59:59.999Z"
"2022-07-08T00:00:00.000Z";"2022-07-08T23:59:59.999Z";"2022-07-08T15:28:00.000Z";"2022-07-08T01:58:00.000Z";"2781";1.0001049774;1.0007109332;0.9996353814;0.9997782439;6142274118.03;55534621688.32;55546939563;"2022-07-08T23:59:59.999Z"
"2022-07-07T00:00:00.000Z";"2022-07-07T23:59:59.999Z";"2022-07-07T10:56:06.000Z";"2022-07-07T11:28:06.000Z";"2781";0.9998933328;1.0016969332;0.9984712066;1.0000915452;5521739580.6;55552024620.11;55546939563;"2022-07-07T23:59:59.999Z"
"2022-07-06T00:00:00.000Z";"2022-07-06T23:59:59.999Z";"2022-07-06T00:43:00.000Z";"2022-07-06T20:18:00.000Z";"2781";1.0001123281;1.0007813407;0.9997351882;0.9998794516;5406302049.86;55795878195.32;55802605112.72;"2022-07-06T23:59:59.999Z"
"2022-07-05T00:00:00.000Z";"2022-07-05T23:59:59.999Z";"2022-07-05T18:39:00.000Z";"2022-07-05T18:07:00.000Z";"2781";1.0003364173;1.0005821788;0.999809025;1.0000529332;6243487902.04;55805558925.62;55802605112.72;"2022-07-05T23:59:59.999Z"
"2022-07-04T00:00:00.000Z";"2022-07-04T23:59:59.999Z";"2022-07-04T09:48:00.000Z";"2022-07-04T02:27:00.000Z";"2781";1.0003566489;1.0007296014;0.9998117397;1.0003059333;5032411792.58;55819676986.38;55802605112.72;"2022-07-04T23:59:59.999Z"
"2022-07-03T00:00:00.000Z";"2022-07-03T23:59:59.999Z";"2022-07-03T20:27:00.000Z";"2022-07-03T00:36:00.000Z";"2781";0.9999603195;1.0006550396;0.999773318;1.0003717409;3614447153.74;55823349220.82;55802605112.72;"2022-07-03T23:59:59.999Z"
"2022-07-02T00:00:00.000Z";"2022-07-02T23:59:59.999Z";"2022-07-02T18:55:00.000Z";"2022-07-02T02:33:00.000Z";"2781";1.000216317;1.0006771183;0.9996776338;0.9999710314;3973778502.52;55800988591.05;55802605112.72;"2022-07-02T23:59:59.999Z"
"2022-07-01T00:00:00.000Z";"2022-07-01T23:59:59.999Z";"2022-07-01T01:55:00.000Z";"2022-07-01T09:12:00.000Z";"2781";1.0000900911;1.0006593032;0.9998116086;1.0001774372;5311122205.81;55812506572.96;55802605112.72;"2022-07-01T23:59:59.999Z"
"2022-06-30T00:00:00.000Z";"2022-06-30T23:59:59.999Z";"2022-06-30T23:51:00.000Z";"2022-06-30T06:31:00.000Z";"2781";1.0003925156;1.0007932074;0.9997438453;0.9999144296;5219514116.19;55797830063.86;55802605112.72;"2022-06-30T23:59:59.999Z"
"2022-06-29T00:00:00.000Z";"2022-06-29T23:59:59.999Z";"2022-06-29T19:52:00.000Z";"2022-06-29T15:24:00.000Z";"2781";1.0001211387;1.0006822615;0.9998367229;1.0003648244;5094612628.07;55822963264.6;55802605112.72;"2022-06-29T23:59:59.999Z"
"2022-06-28T00:00:00.000Z";"2022-06-28T23:59:59.999Z";"2022-06-28T11:33:00.000Z";"2022-06-28T14:33:00.000Z";"2781";1.0001225021;1.0006866141;0.9998149367;1.0001403925;4237935224.71;55810439381.76;55802605112.72;"2022-06-28T23:59:59.999Z"
"2022-06-27T00:00:00.000Z";"2022-06-27T23:59:59.999Z";"2022-06-27T20:34:00.000Z";"2022-06-27T00:40:00.000Z";"2781";1.0000090925;1.0006370009;0.9997734699;1.0001656887;3977297458.71;55811850973.26;55877977876.21;"2022-06-27T23:59:59.999Z"
"2022-06-26T00:00:00.000Z";"2022-06-26T23:59:59.999Z";"2022-06-26T11:37:00.000Z";"2022-06-26T22:28:00.000Z";"2781";1.0000831778;1.0007355383;0.9998122612;0.9998131118;3243270527.51;55876331532.72;55358945366.31;"2022-06-26T23:59:59.999Z"
"2022-06-25T00:00:00.000Z";"2022-06-25T23:59:59.999Z";"2022-06-25T05:34:00.000Z";"2022-06-25T12:22:00.000Z";"2781";0.9999203074;1.0006604131;0.9996618327;1.0001037896;3411506543.89;55887416457.46;55085023710.16;"2022-06-25T23:59:59.999Z"
"2022-06-24T00:00:00.000Z";"2022-06-24T23:59:59.999Z";"2022-06-24T14:03:00.000Z";"2022-06-24T07:16:00.000Z";"2781";1.0005604632;1.0006203412;0.9998069917;0.9998639466;5032854948.23;55790164168.69;54580307523.54;"2022-06-24T23:59:59.999Z"
"2022-06-23T00:00:00.000Z";"2022-06-23T23:59:59.999Z";"2022-06-23T19:29:00.000Z";"2022-06-23T05:10:00.000Z";"2781";1.0000925728;1.0007788172;0.999818529;1.0005388769;4598601365.18;55699388575.68;54247184776.39;"2022-06-23T23:59:59.999Z"
"2022-06-22T00:00:00.000Z";"2022-06-22T23:59:59.999Z";"2022-06-22T12:37:00.000Z";"2022-06-22T15:47:00.000Z";"2781";0.9999641313;1.0007912397;0.9996284733;1.0001075935;4567777097.39;55869774140.24;54072950645.98;"2022-06-22T23:59:59.999Z"
"2022-06-21T00:00:00.000Z";"2022-06-21T23:59:59.999Z";"2022-06-21T05:22:00.000Z";"2022-06-21T15:42:00.000Z";"2781";1.0001801947;1.0011090642;0.999839499;0.9999428106;4898540813.65;55824727400.55;55877977876.21;"2022-06-21T23:59:59.999Z"
"2022-06-20T00:00:00.000Z";"2022-06-20T23:59:59.999Z";"2022-06-20T09:12:00.000Z";"2022-06-20T18:00:00.000Z";"2781";1.000409237;1.0009827217;0.9998435642;1.0001518457;5394231916.64;55744749203.39;54072950645.98;"2022-06-20T23:59:59.999Z"
"2022-06-19T00:00:00.000Z";"2022-06-19T23:59:59.999Z";"2022-06-19T09:19:00.000Z";"2022-06-19T02:31:00.000Z";"2781";1.0002580943;1.0010957529;0.9998963079;1.0004040894;6073489273.35;55900557576.71;55877977878.156006;"2022-06-19T23:59:59.999Z"
"2022-06-18T00:00:00.000Z";"2022-06-18T23:59:59.999Z";"2022-06-18T21:42:00.000Z";"2022-06-18T06:56:00.000Z";"2781";1.0001510643;1.0013236603;0.9995873161;1.0003150078;7168140282.14;55376383864.93;54072950645.98;"2022-06-18T23:59:59.999Z"
"2022-06-17T00:00:00.000Z";"2022-06-17T23:59:59.999Z";"2022-06-17T06:50:00.000Z";"2022-06-17T14:07:00.000Z";"2781";1.0004493287;1.0010643503;0.9999218209;1.000208097;5283451774.43;55096486737.85;53844330185.98;"2022-06-17T23:59:59.999Z"
"2022-06-16T00:00:00.000Z";"2022-06-16T23:59:59.999Z";"2022-06-16T17:34:00.000Z";"2022-06-16T13:55:00.000Z";"2781";1.0007106727;1.0009087716;0.9997885513;1.0003675511;6216714653.5;54600368573.75;54072950645.98;"2022-06-16T23:59:59.999Z"
"2022-06-15T00:00:00.000Z";"2022-06-15T23:59:59.999Z";"2022-06-15T18:46:00.000Z";"2022-06-15T18:51:00.000Z";"2781";1.0006433313;1.0013402977;0.9997770335;1.0007043062;10865090031.78;54285391403.79;53844330185.98;"2022-06-15T23:59:59.999Z"
"2022-06-14T00:00:00.000Z";"2022-06-14T23:59:59.999Z";"2022-06-14T23:25:00.000Z";"2022-06-14T01:44:00.000Z";"2781";1.000503162;1.0012256781;0.9995924144;1.0007282619;9261666900.36;54112329915.45;54072950645.98;"2022-06-14T23:59:59.999Z"
"2022-06-13T00:00:00.000Z";"2022-06-13T23:59:59.999Z";"2022-06-13T13:52:00.000Z";"2022-06-13T02:55:00.000Z";"2781";0.9999737068;1.0011169834;0.9995008544;1.0004335005;13815639937.42;54295283677.74;54271756844.02;"2022-06-13T23:59:59.999Z"
"2022-06-12T00:00:00.000Z";"2022-06-12T23:59:59.999Z";"2022-06-12T15:19:00.000Z";"2022-06-12T02:28:00.000Z";"2781";1.0001951872;1.0009148224;0.9995265183;1.0000485422;6008997675.76;53994300101.34;53991679227.68;"2022-06-12T23:59:59.999Z"
"2022-06-11T00:00:00.000Z";"2022-06-11T23:59:59.999Z";"2022-06-11T18:40:00.000Z";"2022-06-11T16:19:00.000Z";"2781";1.0000884158;1.0010877307;0.9997381552;1.0000896887;4801662883.98;53849159413.65;53844330185.98;"2022-06-11T23:59:59.999Z"
"2022-06-10T00:00:00.000Z";"2022-06-10T23:59:59.999Z";"2022-06-10T18:09:00.000Z";"2022-06-10T12:34:00.000Z";"2781";1.0002082684;1.0004773357;0.9996976267;1.0000633742;4483108535.84;53876437572.68;53873023414.21;"2022-06-10T23:59:59.999Z"
"2022-06-09T00:00:00.000Z";"2022-06-09T23:59:59.999Z";"2022-06-09T14:37:00.000Z";"2022-06-09T18:48:00.000Z";"2781";1.0002116139;1.0006315759;0.9997468071;1.0002438175;3391661642.73;53858822347.83;53845693823.8;"2022-06-09T23:59:59.999Z"
"2022-06-08T00:00:00.000Z";"2022-06-08T23:59:59.999Z";"2022-06-08T13:56:00.000Z";"2022-06-08T23:46:00.000Z";"2781";1.0000441984;1.000830339;0.999794405;1.0002183289;4466105668.68;53788697783.07;53776956716.8;"2022-06-08T23:59:59.999Z"
"2022-06-07T00:00:00.000Z";"2022-06-07T23:59:59.999Z";"2022-06-07T20:19:00.000Z";"2022-06-07T02:28:00.000Z";"2781";1.0000890305;1.0008473064;0.9997417002;1.0001025525;5926284249.28;53852349677.87;53846827551.23;"2022-06-07T23:59:59.999Z"
"2022-06-06T00:00:00.000Z";"2022-06-06T23:59:59.999Z";"2022-06-06T01:27:00.000Z";"2022-06-06T13:40:00.000Z";"2781";1.0001401748;1.0008335423;0.9996637903;1.0000819661;4623471415.4;53715354692.21;53710952213.25;"2022-06-06T23:59:59.999Z"
"2022-06-05T00:00:00.000Z";"2022-06-05T23:59:59.999Z";"2022-06-05T16:07:00.000Z";"2022-06-05T09:38:00.000Z";"2781";1.0002052518;1.0009603081;0.9998823647;1.0001441809;3227635577.84;54094982708.32;54087184371.26;"2022-06-05T23:59:59.999Z"
"2022-06-04T00:00:00.000Z";"2022-06-04T23:59:59.999Z";"2022-06-04T08:22:00.000Z";"2022-06-04T12:52:00.000Z";"2781";1.0001746124;1.0007264487;0.9998280809;1.0002425456;3190396150.07;54082579265.59;54069464952.07;"2022-06-04T23:59:59.999Z"
"2022-06-03T00:00:00.000Z";"2022-06-03T23:59:59.999Z";"2022-06-03T21:52:00.000Z";"2022-06-03T11:06:00.000Z";"2781";1.0002716624;1.0007607075;0.9997649455;1.0001430202;4266590882.25;54022580107.69;54014854889.92;"2022-06-03T23:59:59.999Z"
"2022-06-02T00:00:00.000Z";"2022-06-02T23:59:59.999Z";"2022-06-02T08:22:00.000Z";"2022-06-02T13:32:00.000Z";"2781";1.0001396348;1.0008081484;0.9998236671;1.0002243918;4994899697.48;54096133447.34;54083997440.87;"2022-06-02T23:59:59.999Z"
"2022-06-01T00:00:00.000Z";"2022-06-01T23:59:59.999Z";"2022-06-01T23:27:00.000Z";"2022-06-01T17:21:00.000Z";"2781";1.0002158918;1.0007179926;0.9997115383;1.0001301564;6158677983.81;54048575673.05;54041541819.13;"2022-06-01T23:59:59.999Z"
"2022-05-31T00:00:00.000Z";"2022-05-31T23:59:59.999Z";"2022-05-31T16:04:00.000Z";"2022-05-31T14:07:00.000Z";"2781";1.0000799823;1.0007761317;0.999774485;1.0002097868;5896228359.58;53918517203.92;53907208182.92;"2022-05-31T23:59:59.999Z"
"2022-05-30T00:00:00.000Z";"2022-05-30T23:59:59.999Z";"2022-05-30T02:01:00.000Z";"2022-05-30T12:34:00.000Z";"2781";1.0005681265;1.0008705237;0.9995824093;1.0000994947;6484139842.04;53758684526.5;53753336355.33;"2022-05-30T23:59:59.999Z"
"2022-05-29T00:00:00.000Z";"2022-05-29T23:59:59.999Z";"2022-05-29T13:33:00.000Z";"2022-05-29T20:36:00.000Z";"2781";1.0001487467;1.0008255756;0.9998284437;1.000586164;3972282487.73;53728403269.24;53696928063.58;"2022-05-29T23:59:59.999Z"
"2022-05-28T00:00:00.000Z";"2022-05-28T23:59:59.999Z";"2022-05-28T00:18:00.000Z";"2022-05-28T07:48:00.000Z";"2781";1.0002512447;1.0008467955;0.9998375133;1.0001501366;4367920911.28;53699047371.94;53690986389.96;"2022-05-28T23:59:59.999Z"
"2022-05-27T00:00:00.000Z";"2022-05-27T23:59:59.999Z";"2022-05-27T12:37:00.000Z";"2022-05-27T05:45:00.000Z";"2781";0.9999638178;1.0012280512;0.9997046362;1.0004030403;6832701659.11;53562595189.69;53541016000.92;"2022-05-27T23:59:59.999Z"
"2022-05-26T00:00:00.000Z";"2022-05-26T23:59:59.999Z";"2022-05-26T21:07:00.000Z";"2022-05-26T12:11:00.000Z";"2781";0.999838121;1.0011716495;0.9997399615;0.9999300134;6850921932.3;53197144152.26;53200867502.62;"2022-05-26T23:59:59.999Z"
"2022-05-25T00:00:00.000Z";"2022-05-25T23:59:59.999Z";"2022-05-25T02:53:00.000Z";"2022-05-25T23:49:00.000Z";"2781";1.0001769972;1.0010070777;0.9997780234;0.9998211779;4580073336.35;53419227603.5;53428781852.67;"2022-05-25T23:59:59.999Z"
"2022-05-24T00:00:00.000Z";"2022-05-24T23:59:59.999Z";"2022-05-24T18:18:00.000Z";"2022-05-24T09:10:00.000Z";"2781";1.0001490804;1.0009071587;0.999738162;1.0001793313;4616931094.56;53292785641.72;53283230289.57;"2022-05-24T23:59:59.999Z"
"2022-05-23T00:00:00.000Z";"2022-05-23T23:59:59.999Z";"2022-05-23T07:25:00.000Z";"2022-05-23T19:05:00.000Z";"2781";1.0001150022;1.0009061436;0.9997278526;1.0001413039;5594245864.03;53322677856.51;53315144219.95;"2022-05-23T23:59:59.999Z"
"2022-05-22T00:00:00.000Z";"2022-05-22T23:59:59.999Z";"2022-05-22T09:42:00.000Z";"2022-05-22T07:54:00.000Z";"2781";1.0002552224;1.0008342596;0.9999366295;1.0000917083;3493584223.34;53139292857.27;53134419990.34;"2022-05-22T23:59:59.999Z"
"2022-05-21T00:00:00.000Z";"2022-05-21T23:59:59.999Z";"2022-05-21T17:26:00.000Z";"2022-05-21T00:04:00.000Z";"2781";0.9999439403;1.0008616721;0.9998656686;1.0002663583;3085866979.21;53061574510.82;53047444884.68;"2022-05-21T23:59:59.999Z"
"2022-05-20T00:00:00.000Z";"2022-05-20T23:59:59.999Z";"2022-05-20T19:57:00.000Z";"2022-05-20T16:41:00.000Z";"2781";1.0002784149;1.0008874449;0.9997868298;0.9999068522;5519038707.74;52925462319.99;52930392669.08;"2022-05-20T23:59:59.999Z"
"2022-05-19T00:00:00.000Z";"2022-05-19T23:59:59.999Z";"2022-05-19T12:00:00.000Z";"2022-05-19T00:00:00.000Z";"2781";0.9998097377;1.0008221586;0.9998097377;1.0002691188;6580258236.5;52731228912.23;52717041765.69;"2022-05-19T23:59:59.999Z"
"2022-05-18T00:00:00.000Z";"2022-05-18T23:59:59.999Z";"2022-05-18T16:35:00.000Z";"2022-05-18T23:59:00.000Z";"2781";1.0002190274;1.0007987041;0.9997713065;0.9997713065;5791540700.14;52254317671.08;52266270625.94;"2022-05-18T23:59:59.999Z"
"2022-05-17T00:00:00.000Z";"2022-05-17T23:59:59.999Z";"2022-05-17T13:34:00.000Z";"2022-05-17T18:25:00.000Z";"2781";1.0006234106;1.001045237;0.9999400633;1.0002193688;5271575139.67;52257410413.46;52245949280.05;"2022-05-17T23:59:59.999Z"
"2022-05-16T00:00:00.000Z";"2022-05-16T23:59:59.999Z";"2022-05-16T18:34:00.000Z";"2022-05-16T12:17:00.000Z";"2781";1.0001953352;1.000816237;0.9997395554;1.0005806574;6650512578.74;52005779139.96;51975599125.39;"2022-05-16T23:59:59.999Z"
"2022-05-15T00:00:00.000Z";"2022-05-15T23:59:59.999Z";"2022-05-15T00:28:00.000Z";"2022-05-15T02:17:00.000Z";"2781";1.0003677474;1.001026481;0.999863081;1.0001827571;4610661832.24;51148192672.29;51138846685.36;"2022-05-15T23:59:59.999Z"
"2022-05-14T00:00:00.000Z";"2022-05-14T23:59:59.999Z";"2022-05-14T18:22:00.000Z";"2022-05-14T16:13:00.000Z";"2781";1.0004182803;1.0009766469;0.9996950021;1.0003809572;5734214071.06;51108110209.88;51088647619.36;"2022-05-14T23:59:59.999Z"
"2022-05-13T00:00:00.000Z";"2022-05-13T23:59:59.999Z";"2022-05-13T02:28:00.000Z";"2022-05-13T16:36:00.000Z";"2781";1.0006012434;1.001900877;0.9996373022;1.000346567;8025797259.29;50579540928.38;50562017803.31;"2022-05-13T23:59:59.999Z"
"2022-05-12T00:00:00.000Z";"2022-05-12T23:59:59.999Z";"2022-05-12T07:45:00.000Z";"2022-05-12T18:07:00.000Z";"2781";1.0007771038;1.0114342362;0.9995314696;1.0006588844;18612052637.02;49597238718.09;49564581388.4;"2022-05-12T23:59:59.999Z"
"2022-05-11T00:00:00.000Z";"2022-05-11T23:59:59.999Z";"2022-05-11T23:47:00.000Z";"2022-05-11T07:08:00.000Z";"2781";0.9997851556;1.0013496105;0.9992531573;1.0007660664;15143285239.01;49009770946.84;48972254948.47;"2022-05-11T23:59:59.999Z"
"2022-05-10T00:00:00.000Z";"2022-05-10T23:59:59.999Z";"2022-05-10T18:43:00.000Z";"2022-05-10T00:11:00.000Z";"2781";0.9995756202;1.0006851813;0.9992778324;0.9998284843;8611992227.95;48444732861.08;48453043317.16;"2022-05-10T23:59:59.999Z"
"2022-05-09T00:00:00.000Z";"2022-05-09T23:59:59.999Z";"2022-05-09T20:15:00.000Z";"2022-05-09T18:10:00.000Z";"2781";0.9999943229;1.0006816696;0.9993762559;0.9995946975;8493986111.45;48710396541.75;48730146994.19;"2022-05-09T23:59:59.999Z"
"2022-05-08T00:00:00.000Z";"2022-05-08T23:59:59.999Z";"2022-05-08T06:54:00.000Z";"2022-05-08T20:49:00.000Z";"2781";0.9999178132;1.0006313825;0.9995477028;1.0000871054;5432001418.49;48681199304.73;48676959278.41;"2022-05-08T23:59:59.999Z"
"2022-05-07T00:00:00.000Z";"2022-05-07T23:59:59.999Z";"2022-05-07T14:55:00.000Z";"2022-05-07T04:36:00.000Z";"2781";1.0000645811;1.0004274693;0.9996171748;0.9999059404;3623126810.68;48561122684.4;48565690753.01;"2022-05-07T23:59:59.999Z"
"2022-05-06T00:00:00.000Z";"2022-05-06T23:59:59.999Z";"2022-05-06T20:13:00.000Z";"2022-05-06T11:33:00.000Z";"2781";0.9999468279;1.0006082282;0.9995232446;1.000072451;5376284196.83;48818135775.03;48814599110.05;"2022-05-06T23:59:59.999Z"
"2022-05-05T00:00:00.000Z";"2022-05-05T23:59:59.999Z";"2022-05-05T21:44:00.000Z";"2022-05-05T14:43:00.000Z";"2781";1.0000661792;1.0006046519;0.999381015;0.9999578033;5202645490.54;48847546127.07;48849607421.59;"2022-05-05T23:59:59.999Z"
"2022-05-04T00:00:00.000Z";"2022-05-04T23:59:59.999Z";"2022-05-04T07:53:00.000Z";"2022-05-04T18:00:00.000Z";"2781";1.000118102;1.0006475775;0.9996190708;1.0000773164;4446134899.79;48922769160.45;48918986918.51;"2022-05-04T23:59:59.999Z"
"2022-05-03T00:00:00.000Z";"2022-05-03T23:59:59.999Z";"2022-05-03T08:14:00.000Z";"2022-05-03T18:31:00.000Z";"2781";1.0000555909;1.000381453;0.9994757522;1.0001194404;3691702287.38;49044522714.04;49038665517.79;"2022-05-03T23:59:59.999Z"
"2022-05-02T00:00:00.000Z";"2022-05-02T23:59:59.999Z";"2022-05-02T14:52:00.000Z";"2022-05-02T11:16:00.000Z";"2781";1.0003614974;1.0005640699;0.9995001963;1.0000601302;3902762409.86;49153599585.43;49150644147.9;"2022-05-02T23:59:59.999Z"
"2022-05-01T00:00:00.000Z";"2022-05-01T23:59:59.999Z";"2022-05-01T16:50:00.000Z";"2022-05-01T18:38:00.000Z";"2781";1.0002791398;1.0008496255;0.9994869671;1.0003814201;3757508035.79;49298296906.65;49279500715.29;"2022-05-01T23:59:59.999Z"
"2022-04-30T00:00:00.000Z";"2022-04-30T23:59:59.999Z";"2022-04-30T02:21:00.000Z";"2022-04-30T23:08:00.000Z";"2781";1.0000084572;1.0004945561;0.9992804673;1.0002952834;3824993132.09;49363696084.79;49349124108.76;"2022-04-30T23:59:59.999Z"
"2022-04-29T00:00:00.000Z";"2022-04-29T23:59:59.999Z";"2022-04-29T23:37:00.000Z";"2022-04-29T11:16:00.000Z";"2781";1.0000072625;1.0004172463;0.9995416976;1.000022776;4076411418.36;49380238148.96;49379113491.24;"2022-04-29T23:59:59.999Z"
"2022-04-28T00:00:00.000Z";"2022-04-28T23:59:59.999Z";"2022-04-28T01:10:00.000Z";"2022-04-28T14:04:00.000Z";"2781";1.0003098771;1.0005051729;0.99950728;1.000028774;4611631886.23;49454880906.08;49453457931.44;"2022-04-28T23:59:59.999Z"
"2022-04-27T00:00:00.000Z";"2022-04-27T23:59:59.999Z";"2022-04-27T10:52:00.000Z";"2022-04-27T03:47:00.000Z";"2781";1.0001292648;1.0008387248;0.9995352802;1.0003206169;3849488650.91;49570925341.17;49555037159.37;"2022-04-27T23:59:59.999Z"
"2022-04-26T00:00:00.000Z";"2022-04-26T23:59:59.999Z";"2022-04-26T00:37:00.000Z";"2022-04-26T20:05:00.000Z";"2781";1.000191623;1.0018262307;0.9993629987;1.0001265831;4221564997.52;49496598055.57;49490333416.05;"2022-04-26T23:59:59.999Z"
"2022-04-25T00:00:00.000Z";"2022-04-25T23:59:59.999Z";"2022-04-25T19:46:00.000Z";"2022-04-25T06:09:00.000Z";"2781";0.9999604694;1.002027939;0.9993995879;1.0002184615;4720363070.31;49903250953.21;49892351394.14;"2022-04-25T23:59:59.999Z"
"2022-04-24T00:00:00.000Z";"2022-04-24T23:59:59.999Z";"2022-04-24T04:46:00.000Z";"2022-04-24T16:32:00.000Z";"2781";0.9997912335;1.0018438601;0.9994781643;0.9999634564;2649077080.06;49890528149.94;49892351394.14;"2022-04-24T23:59:59.999Z"
"2022-04-23T00:00:00.000Z";"2022-04-23T23:59:59.999Z";"2022-04-23T16:12:00.000Z";"2022-04-23T10:46:00.000Z";"2781";1.0002368717;1.0006281171;0.999494978;1.0000037872;2324060694.07;49892540348;49892351394.14;"2022-04-23T23:59:59.999Z"
"2022-04-22T00:00:00.000Z";"2022-04-22T23:59:59.999Z";"2022-04-22T16:21:00.000Z";"2022-04-22T15:05:00.000Z";"2781";1.0002473123;1.0006771738;0.9994625753;1.0001986469;3882678798.18;49902262354.91;49892351394.14;"2022-04-22T23:59:59.999Z"
"2022-04-21T00:00:00.000Z";"2022-04-21T23:59:59.999Z";"2022-04-21T12:09:00.000Z";"2022-04-21T22:31:00.000Z";"2781";0.9998393788;1.001758998;0.9994390078;1.0002816311;4474827384.92;49906402633.05;49892351394.14;"2022-04-21T23:59:59.999Z"
"2022-04-20T00:00:00.000Z";"2022-04-20T23:59:59.999Z";"2022-04-20T10:35:00.000Z";"2022-04-20T23:13:00.000Z";"2781";0.9999078902;1.0006326405;0.9993131899;0.9998469803;4170091754.97;49884716882.41;49892351394.14;"2022-04-20T23:59:59.999Z"
"2022-04-19T00:00:00.000Z";"2022-04-19T23:59:59.999Z";"2022-04-19T13:15:00.000Z";"2022-04-19T18:27:00.000Z";"2781";0.999882948;1.0006048236;0.9993199644;0.9998965787;3629844065.89;50049208463.92;50054385151.25;"2022-04-19T23:59:59.999Z"
"2022-04-18T00:00:00.000Z";"2022-04-18T23:59:59.999Z";"2022-04-18T17:19:00.000Z";"2022-04-18T04:25:00.000Z";"2781";0.9992733577;1.0005496285;0.9988292453;0.9998731569;4013104507.96;49918940263.91;49925272939.41;"2022-04-18T23:59:59.999Z"
"2022-04-17T00:00:00.000Z";"2022-04-17T23:59:59.999Z";"2022-04-17T11:30:00.000Z";"2022-04-17T18:16:00.000Z";"2781";1.0002023919;1.0003210866;0.9989048247;0.9992585444;2678573074.69;50008804043.12;50045910865.7;"2022-04-17T23:59:59.999Z"
"2022-04-16T00:00:00.000Z";"2022-04-16T23:59:59.999Z";"2022-04-16T23:43:00.000Z";"2022-04-16T15:16:00.000Z";"2781";0.9997340375;1.0004315465;0.9992695537;1.0002263562;2152278185.95;50106118276.87;50094779014.9;"2022-04-16T23:59:59.999Z"
"2022-04-15T00:00:00.000Z";"2022-04-15T23:59:59.999Z";"2022-04-15T15:07:00.000Z";"2022-04-15T13:52:00.000Z";"2781";0.9998312921;1.0005617819;0.9993855074;0.9997531048;3220618832.31;50172530768.33;50184921184.77;"2022-04-15T23:59:59.999Z"
"2022-04-14T00:00:00.000Z";"2022-04-14T23:59:59.999Z";"2022-04-14T13:07:00.000Z";"2022-04-14T15:39:00.000Z";"2781";0.9997251606;1.000333156;0.9990805113;0.9998394505;3957318705.92;50347096657.85;50355181154.82;"2022-04-14T23:59:59.999Z"
"2022-04-13T00:00:00.000Z";"2022-04-13T23:59:59.999Z";"2022-04-13T03:28:00.000Z";"2022-04-13T18:03:00.000Z";"2781";0.9998289353;1.0003904963;0.9991526083;0.9997452644;3725782044.4;50573406243.55;50586292373.58;"2022-04-13T23:59:59.999Z"
"2022-04-12T00:00:00.000Z";"2022-04-12T23:59:59.999Z";"2022-04-12T11:53:00.000Z";"2022-04-12T19:10:00.000Z";"2781";0.9998139267;1.0006244408;0.9992318701;0.999865423;4605505010.24;50634695378.39;50641510560.76;"2022-04-12T23:59:59.999Z"
"2022-04-11T00:00:00.000Z";"2022-04-11T23:59:59.999Z";"2022-04-11T04:58:00.000Z";"2022-04-11T09:43:00.000Z";"2781";0.9996955747;1.000304261;0.9990094685;0.9997319911;5102389284.77;50795899323.44;50809516725.36;"2022-04-11T23:59:59.999Z"
"2022-04-10T00:00:00.000Z";"2022-04-10T23:59:59.999Z";"2022-04-10T19:46:00.000Z";"2022-04-10T22:46:00.000Z";"2781";1.0000839966;1.0005027005;0.9991442941;0.999625866;2315716299.79;50992961339.02;51012046681.86;"2022-04-10T23:59:59.999Z"
"2022-04-09T00:00:00.000Z";"2022-04-09T23:59:59.999Z";"2022-04-09T13:49:00.000Z";"2022-04-09T02:55:00.000Z";"2781";0.9997461316;1.0005334183;0.9990671469;1.0000836738;2269317025.88;50978738973.67;50974473747.23;"2022-04-09T23:59:59.999Z"
"2022-04-08T00:00:00.000Z";"2022-04-08T23:59:59.999Z";"2022-04-08T06:03:00.000Z";"2022-04-08T11:36:00.000Z";"2781";1.0001095996;1.0010152731;0.997316348;0.9997413001;3965817036.08;50917565720.41;50930741499.79;"2022-04-08T23:59:59.999Z"
"2022-04-07T00:00:00.000Z";"2022-04-07T23:59:59.999Z";"2022-04-07T21:16:00.000Z";"2022-04-07T00:56:00.000Z";"2781";0.9996121053;1.0011105632;0.999065619;1.0000374806;3809231230.94;51061579331.2;51059665586.79;"2022-04-07T23:59:59.999Z"
"2022-04-06T00:00:00.000Z";"2022-04-06T23:59:59.999Z";"2022-04-06T05:49:00.000Z";"2022-04-06T11:22:00.000Z";"2781";0.9996587704;1.0006016776;0.9986230378;0.9995854846;5849605362.55;51057860406.94;51079033451.69;"2022-04-06T23:59:59.999Z"
"2022-04-05T00:00:00.000Z";"2022-04-05T23:59:59.999Z";"2022-04-05T06:14:00.000Z";"2022-04-05T19:11:00.000Z";"2781";1.0001380651;1.0003600841;0.9990336586;0.9996956286;3993328111.8;51387143232.25;51402788770.84;"2022-04-05T23:59:59.999Z"
"2022-04-04T00:00:00.000Z";"2022-04-04T23:59:59.999Z";"2022-04-04T18:43:00.000Z";"2022-04-04T00:28:00.000Z";"2781";1.0000883419;1.0003159856;0.998909766;1.00012226;4217884091.91;51724834039.91;51718510936.01;"2022-04-04T23:59:59.999Z"
"2022-04-03T00:00:00.000Z";"2022-04-03T23:59:59.999Z";"2022-04-03T13:25:00.000Z";"2022-04-03T23:07:00.000Z";"2781";0.9993043591;1.0004383695;0.9985045676;1.0000942224;3383196458.73;51633984578.71;51629119959.29;"2022-04-03T23:59:59.999Z"
"2022-04-02T00:00:00.000Z";"2022-04-02T23:59:59.999Z";"2022-04-02T06:28:00.000Z";"2022-04-02T15:17:00.000Z";"2781";1.0000070434;1.0003085262;0.9990645711;0.9993439288;4174919495.96;51598278622.22;51632152989.86;"2022-04-02T23:59:59.999Z"
"2022-04-01T00:00:00.000Z";"2022-04-01T23:59:59.999Z";"2022-04-01T00:25:00.000Z";"2022-04-01T02:58:00.000Z";"2781";0.9995157232;1.0004183335;0.9990235111;0.9999939365;4910693132.77;51654176342.4;51654489550.82;"2022-04-01T23:59:59.999Z"
"2022-03-31T00:00:00.000Z";"2022-03-31T23:59:59.999Z";"2022-03-31T00:34:00.000Z";"2022-03-31T16:54:00.000Z";"2781";0.9994478526;1.0002943592;0.9989408524;0.9994467364;4965559497.02;51365407020.97;51393841364.94;"2022-03-31T23:59:59.999Z"
"2022-03-30T00:00:00.000Z";"2022-03-30T23:59:59.999Z";"2022-03-30T23:06:00.000Z";"2022-03-30T14:04:00.000Z";"2781";0.9999956543;1.0004778255;0.9991652722;0.9994306981;4294916739.1;51740455616.81;51769928332.99;"2022-03-30T23:59:59.999Z"
"2022-03-29T00:00:00.000Z";"2022-03-29T23:59:59.999Z";"2022-03-29T11:52:00.000Z";"2022-03-29T16:16:00.000Z";"2781";1.0000636813;1.0003318588;0.9993451068;0.9999964976;4605087734.84;51796986017.3;51797167430.14;"2022-03-29T23:59:59.999Z"
"2022-03-28T00:00:00.000Z";"2022-03-28T23:59:59.999Z";"2022-03-28T21:04:00.000Z";"2022-03-28T23:22:00.000Z";"2781";1.0000447664;1.0005113178;0.9992310838;1.0001256861;4736107595.17;52116603385.63;52110053878.15;"2022-03-28T23:59:59.999Z"
"2022-03-27T00:00:00.000Z";"2022-03-27T23:59:59.999Z";"2022-03-27T21:33:00.000Z";"2022-03-27T22:33:00.000Z";"2781";0.9999204171;1.0004352803;0.9994948142;1.0000390674;3193250085.24;52083027076.47;52080992406.76;"2022-03-27T23:59:59.999Z"
"2022-03-26T00:00:00.000Z";"2022-03-26T23:59:59.999Z";"2022-03-26T06:01:00.000Z";"2022-03-26T01:01:00.000Z";"2781";0.9992030865;1.0005448744;0.9990656376;0.9998921391;2351508896.8;51975504372.82;51981111101.42;"2022-03-26T23:59:59.999Z"
"2022-03-25T00:00:00.000Z";"2022-03-25T23:59:59.999Z";"2022-03-25T22:52:00.000Z";"2022-03-25T23:47:00.000Z";"2781";0.9997031505;1.0002494332;0.9987829229;0.9991529173;3995768299.51;52258941156.7;52303246332.68;"2022-03-25T23:59:59.999Z"
"2022-03-24T00:00:00.000Z";"2022-03-24T23:59:59.999Z";"2022-03-24T20:18:00.000Z";"2022-03-24T12:58:00.000Z";"2781";0.9999767595;1.0003793291;0.9990728211;0.9997054508;4794381206.19;52458248439.63;52473704528.72;"2022-03-24T23:59:59.999Z"
"2022-03-23T00:00:00.000Z";"2022-03-23T23:59:59.999Z";"2022-03-23T09:19:00.000Z";"2022-03-23T10:09:00.000Z";"2781";0.9998903322;1.0003785738;0.9991769251;0.9999534432;3777569857.4;52434965774.66;52437407094.85;"2022-03-23T23:59:59.999Z"
"2022-03-22T00:00:00.000Z";"2022-03-22T23:59:59.999Z";"2022-03-22T23:14:00.000Z";"2022-03-22T05:15:00.000Z";"2781";0.9998196385;1.000267698;0.9994769666;0.9999039003;4026123791.06;52678557970.86;52683620851.43;"2022-03-22T23:59:59.999Z"
"2022-03-21T00:00:00.000Z";"2022-03-21T23:59:59.999Z";"2022-03-21T10:08:00.000Z";"2022-03-21T02:41:00.000Z";"2781";0.9999271216;1.0003770982;0.9993989857;0.9998278424;3371335655.77;53010892417.24;53020020218.23;"2022-03-21T23:59:59.999Z"
"2022-03-20T00:00:00.000Z";"2022-03-20T23:59:59.999Z";"2022-03-20T16:14:00.000Z";"2022-03-20T12:09:00.000Z";"2781";0.9997551518;1.0002456923;0.9991571162;0.9999323759;2943598189.66;53000906379.48;53004490761.15;"2022-03-20T23:59:59.999Z"
"2022-03-19T00:00:00.000Z";"2022-03-19T23:59:59.999Z";"2022-03-19T11:10:00.000Z";"2022-03-19T07:19:00.000Z";"2781";0.9998061009;1.0001690135;0.9993366332;0.9997478328;2958600262.48;52900449880.47;52913793001.78;"2022-03-19T23:59:59.999Z"
"2022-03-18T00:00:00.000Z";"2022-03-18T23:59:59.999Z";"2022-03-18T20:29:00.000Z";"2022-03-18T01:07:00.000Z";"2781";0.9997525687;1.0001027308;0.9993234811;0.9998481757;4336717258.45;52848506643.16;52856531546.95;"2022-03-18T23:59:59.999Z"
"2022-03-17T00:00:00.000Z";"2022-03-17T23:59:59.999Z";"2022-03-17T20:01:00.000Z";"2022-03-17T02:28:00.000Z";"2781";0.9999052058;1.0002455795;0.9994981058;0.9997839373;3742857760.99;52711355977.18;52722747394.32;"2022-03-17T23:59:59.999Z"
"2022-03-16T00:00:00.000Z";"2022-03-16T23:59:59.999Z";"2022-03-16T02:12:00.000Z";"2022-03-16T03:16:00.000Z";"2781";0.9993616749;1.0005551809;0.9991678071;0.9998955027;5396067900.21;52406637826.13;52412114748.75;"2022-03-16T23:59:59.999Z"
"2022-03-15T00:00:00.000Z";"2022-03-15T23:59:59.999Z";"2022-03-15T12:42:00.000Z";"2022-03-15T04:02:00.000Z";"2781";1.0002693005;1.0007982417;0.9987018436;0.9993672192;3439991059.92;52388465220.77;52421636624.95;"2022-03-15T23:59:59.999Z"
"2022-03-14T00:00:00.000Z";"2022-03-14T23:59:59.999Z";"2022-03-14T22:36:00.000Z";"2022-03-14T22:56:00.000Z";"2781";0.999946821;1.0006429158;0.9983970609;1.0002875925;3579010931.93;52457686952.33;52442604854.23;"2022-03-14T23:59:59.999Z"
"2022-03-13T00:00:00.000Z";"2022-03-13T23:59:59.999Z";"2022-03-13T15:04:00.000Z";"2022-03-13T22:53:00.000Z";"2781";0.9996988808;1.0001809053;0.9990275227;0.9999649188;2802399957.95;52427364797.9;52429204078.73;"2022-03-13T23:59:59.999Z"
"2022-03-12T00:00:00.000Z";"2022-03-12T23:59:59.999Z";"2022-03-12T17:04:00.000Z";"2022-03-12T23:51:00.000Z";"2781";0.9993469286;1.0002384703;0.9992434949;0.9995380057;2442312632.64;52357594339.02;52381794429.25;"2022-03-12T23:59:59.999Z"
"2022-03-11T00:00:00.000Z";"2022-03-11T23:59:59.999Z";"2022-03-11T05:10:00.000Z";"2022-03-11T14:41:00.000Z";"2781";0.9998075427;1.0001766737;0.9991677051;0.9993414806;3885937975.97;52466163975.4;52500736727.53;"2022-03-11T23:59:59.999Z"
"2022-03-10T00:00:00.000Z";"2022-03-10T23:59:59.999Z";"2022-03-10T00:49:00.000Z";"2022-03-10T18:18:00.000Z";"2781";1.0004402817;1.000705248;0.9989940512;0.9998007485;3932910648.38;52536559831.18;52547029905.68;"2022-03-10T23:59:59.999Z"
"2022-03-09T00:00:00.000Z";"2022-03-09T23:59:59.999Z";"2022-03-09T04:31:00.000Z";"2022-03-09T13:07:00.000Z";"2781";1.0002691827;1.0015206622;0.9992210429;1.0004499009;4206640635.04;52430328412.87;52406750569.78;"2022-03-09T23:59:59.999Z"
"2022-03-08T00:00:00.000Z";"2022-03-08T23:59:59.999Z";"2022-03-08T12:06:00.000Z";"2022-03-08T00:01:00.000Z";"2781";0.9991005385;1.0012254264;0.9990691016;1.0002604971;4167069280.94;52445992705.84;52432334232.99;"2022-03-08T23:59:59.999Z"
"2022-03-07T00:00:00.000Z";"2022-03-07T23:59:59.999Z";"2022-03-07T14:01:00.000Z";"2022-03-07T19:45:00.000Z";"2781";0.9998751516;1.0006869055;0.9986308833;0.9991339842;4227523780.29;52411937757.27;52457366666.43;"2022-03-07T23:59:59.999Z"
"2022-03-06T00:00:00.000Z";"2022-03-06T23:59:59.999Z";"2022-03-06T13:18:00.000Z";"2022-03-06T04:04:00.000Z";"2781";0.9993797351;1.0004126445;0.9987682695;0.9998506628;3162813903.27;52838496192.22;52846388124.92;"2022-03-06T23:59:59.999Z"
"2022-03-05T00:00:00.000Z";"2022-03-05T23:59:59.999Z";"2022-03-05T16:45:00.000Z";"2022-03-05T00:34:00.000Z";"2781";0.9999215157;1.000888112;0.9977450617;0.9993713236;2645372913.08;52875394063.24;52908656486.43;"2022-03-05T23:59:59.999Z"
"2022-03-04T00:00:00.000Z";"2022-03-04T23:59:59.999Z";"2022-03-04T02:43:00.000Z";"2022-03-04T00:55:00.000Z";"2781";0.9999587535;1.0006852047;0.9990719605;0.999841353;4810312635.15;52857732691.71;52866119743.47;"2022-03-04T23:59:59.999Z"
"2022-03-03T00:00:00.000Z";"2022-03-03T23:59:59.999Z";"2022-03-03T22:15:00.000Z";"2022-03-03T14:54:00.000Z";"2781";0.9995643385;1.000503047;0.9990410034;0.999933948;3923999317.49;53373089894.92;53376615528.62;"2022-03-03T23:59:59.999Z"
"2022-03-02T00:00:00.000Z";"2022-03-02T23:59:59.999Z";"2022-03-02T14:44:00.000Z";"2022-03-02T06:58:00.000Z";"2781";0.9998029677;1.0005850875;0.9987701677;0.9995690891;5351706955.94;53425217457.96;53448248892.2;"2022-03-02T23:59:59.999Z"
"2022-03-01T00:00:00.000Z";"2022-03-01T23:59:59.999Z";"2022-03-01T13:58:00.000Z";"2022-03-01T10:42:00.000Z";"2781";0.9998400383;1.0005229074;0.998505162;0.9998141596;5617261429.7;53528807318.14;53538756983.65;"2022-03-01T23:59:59.999Z"
"2022-02-28T00:00:00.000Z";"2022-02-28T23:59:59.999Z";"2022-02-28T14:55:00.000Z";"2022-02-28T03:00:00.000Z";"2781";0.999687891;1.0005705322;0.9988749755;0.9998534355;5502186591.58;53459100424.87;53466936781.83;"2022-02-28T23:59:59.999Z"
"2022-02-27T00:00:00.000Z";"2022-02-27T23:59:59.999Z";"2022-02-27T21:55:00.000Z";"2022-02-27T19:49:00.000Z";"2781";0.9999350636;1.0004198818;0.9985446239;0.9997217107;4352100239.02;53370799001.14;53385655659.64;"2022-02-27T23:59:59.999Z"
"2022-02-26T00:00:00.000Z";"2022-02-26T23:59:59.999Z";"2022-02-26T08:37:00.000Z";"2022-02-26T22:52:00.000Z";"2781";0.9999039412;1.0003974801;0.999134571;0.9999918194;3262045030.55;53290419666.25;53290855615.78;"2022-02-26T23:59:59.999Z"
"2022-02-25T00:00:00.000Z";"2022-02-25T23:59:59.999Z";"2022-02-25T12:10:00.000Z";"2022-02-25T14:32:00.000Z";"2781";0.9999435672;1.0009122827;0.9992822581;0.9999433123;5563465156.48;53268559752.4;53271579594.19;"2022-02-25T23:59:59.999Z"
"2022-02-24T00:00:00.000Z";"2022-02-24T23:59:59.999Z";"2022-02-24T13:35:00.000Z";"2022-02-24T05:35:00.000Z";"2781";0.9995209988;1.0007167836;0.998840175;0.9999628801;9044960989.53;53126695517.06;53128667645.94;"2022-02-24T23:59:59.999Z"
"2022-02-23T00:00:00.000Z";"2022-02-23T23:59:59.999Z";"2022-02-23T14:26:00.000Z";"2022-02-23T20:04:00.000Z";"2781";1.0000457182;1.0006975076;0.9988812005;0.9995128052;4088593001.47;52797597466.3;52823332717.47;"2022-02-23T23:59:59.999Z"
"2022-02-22T00:00:00.000Z";"2022-02-22T23:59:59.999Z";"2022-02-22T14:49:00.000Z";"2022-02-22T03:19:00.000Z";"2781";0.9993589225;1.0010631555;0.9988243336;1.0000448023;4311028905.9;52724134664.8;52721772610.5;"2022-02-22T23:59:59.999Z"
"2022-02-21T00:00:00.000Z";"2022-02-21T23:59:59.999Z";"2022-02-21T01:01:00.000Z";"2022-02-21T11:19:00.000Z";"2781";1.0000008689;1.0008560953;0.9988351718;0.999335144;5035066513.59;52570580877.24;52605555995.43;"2022-02-21T23:59:59.999Z"
"2022-02-20T00:00:00.000Z";"2022-02-20T23:59:59.999Z";"2022-02-20T19:47:00.000Z";"2022-02-20T08:41:00.000Z";"2781";0.9998641617;1.0007111356;0.9988779985;1.0000031168;2869319070.39;52596647717.64;52596483785.48;"2022-02-20T23:59:59.999Z"
"2022-02-19T00:00:00.000Z";"2022-02-19T23:59:59.999Z";"2022-02-19T07:07:00.000Z";"2022-02-19T13:08:00.000Z";"2781";0.9997341253;1.0005070856;0.9990177299;0.9998697091;2094832700.72;52611021920.66;52617877553.86;"2022-02-19T23:59:59.999Z"
"2022-02-18T00:00:00.000Z";"2022-02-18T23:59:59.999Z";"2022-02-18T07:12:00.000Z";"2022-02-18T21:10:00.000Z";"2781";0.9994035756;1.0005728592;0.9988993465;0.9997705176;3506445547.98;52527599037.41;52539655962.59;"2022-02-18T23:59:59.999Z"
"2022-02-17T00:00:00.000Z";"2022-02-17T23:59:59.999Z";"2022-02-17T01:58:00.000Z";"2022-02-17T00:26:00.000Z";"2781";0.9996970152;1.0004547296;0.9988844324;0.9994019826;3964363430.57;52549613919.64;52581058308.67;"2022-02-17T23:59:59.999Z"
"2022-02-16T00:00:00.000Z";"2022-02-16T23:59:59.999Z";"2022-02-16T08:21:00.000Z";"2022-02-16T00:19:00.000Z";"2781";0.9996086572;1.0006659275;0.9989224351;0.9997760129;3231224662.83;52610584516.4;52622371248.99;"2022-02-16T23:59:59.999Z"
"2022-02-15T00:00:00.000Z";"2022-02-15T23:59:59.999Z";"2022-02-15T14:08:00.000Z";"2022-02-15T19:44:00.000Z";"2781";0.9993301619;1.0004148832;0.9988609973;0.9995708039;3303759191.16;52510487682.59;52533034657.36;"2022-02-15T23:59:59.999Z"
"2022-02-14T00:00:00.000Z";"2022-02-14T23:59:59.999Z";"2022-02-14T13:02:00.000Z";"2022-02-14T09:51:00.000Z";"2781";0.9999853802;1.0006908588;0.9989784527;0.9993647791;2963505589.74;52442248485.75;52475582069.95;"2022-02-14T23:59:59.999Z"
"2022-02-13T00:00:00.000Z";"2022-02-13T23:59:59.999Z";"2022-02-13T22:42:00.000Z";"2022-02-13T18:41:00.000Z";"2781";1.0001551405;1.0006218179;0.9987677849;0.9999831858;2123450728.23;52360369755.16;52361250169.67;"2022-02-13T23:59:59.999Z"
"2022-02-12T00:00:00.000Z";"2022-02-12T23:59:59.999Z";"2022-02-12T03:01:00.000Z";"2022-02-12T14:42:00.000Z";"2781";0.9993827467;1.0006783019;0.998825511;1.0001771216;2817156195.13;52312479507.43;52303215480.08;"2022-02-12T23:59:59.999Z"
"2022-02-11T00:00:00.000Z";"2022-02-11T23:59:59.999Z";"2022-02-11T08:10:00.000Z";"2022-02-11T17:15:00.000Z";"2781";1.0001436022;1.0005318602;0.9986838323;0.9993677162;4014217486.83;52218551391.82;52251589227.72;"2022-02-11T23:59:59.999Z"
"2022-02-10T00:00:00.000Z";"2022-02-10T23:59:59.999Z";"2022-02-10T15:43:00.000Z";"2022-02-10T18:30:00.000Z";"2781";0.999591563;1.0008205621;0.9988831224;1.0001025442;4195499894.96;52130795964.59;52125450800.29;"2022-02-10T23:59:59.999Z"
"2022-02-09T00:00:00.000Z";"2022-02-09T23:59:59.999Z";"2022-02-09T12:46:00.000Z";"2022-02-09T01:48:00.000Z";"2781";0.9991129763;1.0005635085;0.9990092033;0.9995868213;2902479207.18;51825713830.66;51847135961.12;"2022-02-09T23:59:59.999Z"
"2022-02-08T00:00:00.000Z";"2022-02-08T23:59:59.999Z";"2022-02-08T05:29:00.000Z";"2022-02-08T17:37:00.000Z";"2781";0.9990772006;1.0005684803;0.997990986;0.9991712056;3736950598.7;51563153536.34;51605924236.46;"2022-02-08T23:59:59.999Z"
"2022-02-07T00:00:00.000Z";"2022-02-07T23:59:59.999Z";"2022-02-07T20:07:00.000Z";"2022-02-07T23:58:00.000Z";"2781";1.0003119363;1.0011529776;0.9989975427;0.9990223199;3534437072.1;51290055120.03;51340249462.14;"2022-02-07T23:59:59.999Z"
"2022-02-06T00:00:00.000Z";"2022-02-06T23:59:59.999Z";"2022-02-06T23:34:00.000Z";"2022-02-06T08:19:00.000Z";"2781";1.0000906507;1.0004936245;0.999041058;1.0003565876;2185135025.31;51054224335.1;51036025522.04;"2022-02-06T23:59:59.999Z"
"2022-02-05T00:00:00.000Z";"2022-02-05T23:59:59.999Z";"2022-02-05T01:22:00.000Z";"2022-02-05T17:08:00.000Z";"2781";0.9995849206;1.0004786029;0.9988653044;1.0001168399;5767688766.02;51039228857.56;51033266137.44;"2022-02-05T23:59:59.999Z"
"2022-02-04T00:00:00.000Z";"2022-02-04T23:59:59.999Z";"2022-02-04T16:37:00.000Z";"2022-02-04T12:15:00.000Z";"2781";1.0001866977;1.0006758055;0.9992316503;0.9995333562;5446795900.18;50870604117.67;50894353651.58;"2022-02-04T23:59:59.999Z"
"2022-02-03T00:00:00.000Z";"2022-02-03T23:59:59.999Z";"2022-02-03T08:55:00.000Z";"2022-02-03T14:31:00.000Z";"2781";0.9999010743;1.0006270565;0.9990600153;1.0002311999;2639131315.32;50820489156.62;50808742182.02;"2022-02-03T23:59:59.999Z"
"2022-02-02T00:00:00.000Z";"2022-02-02T23:59:59.999Z";"2022-02-02T18:16:00.000Z";"2022-02-02T05:01:00.000Z";"2781";0.9997056415;1.0007260138;0.9991753724;0.9999665434;2735917325.32;50428692188.26;50430379414.84;"2022-02-02T23:59:59.999Z"
"2022-02-01T00:00:00.000Z";"2022-02-01T23:59:59.999Z";"2022-02-01T13:53:00.000Z";"2022-02-01T06:00:00.000Z";"2781";0.999520314;1.0004669246;0.9990894527;0.9996832055;3093316095.41;50069388438.9;50085255170.13;"2022-02-01T23:59:59.999Z"
"2022-01-31T00:00:00.000Z";"2022-01-31T23:59:59.999Z";"2022-01-31T16:53:00.000Z";"2022-01-31T23:20:00.000Z";"2781";1.0000853055;1.0010747228;0.9990842665;0.9995389826;2977541959.97;49848162626.13;49871154097.39;"2022-01-31T23:59:59.999Z"
"2022-01-30T00:00:00.000Z";"2022-01-30T23:59:59.999Z";"2022-01-30T18:24:00.000Z";"2022-01-30T07:31:00.000Z";"2781";1.0004047152;1.0007510986;0.9991957774;1.0000651205;2333906963.39;49800880429.14;49797637582.57;"2022-01-30T23:59:59.999Z"
"2022-01-29T00:00:00.000Z";"2022-01-29T23:59:59.999Z";"2022-01-29T14:00:06.000Z";"2022-01-29T17:10:06.000Z";"2781";1.0003577292;1.0019985031;0.998393314;0.9994784982;2941069880.77;49739175192.8;49765127794.81;"2022-01-29T23:59:59.999Z"
"2022-01-28T00:00:00.000Z";"2022-01-28T23:59:59.999Z";"2022-01-28T16:31:00.000Z";"2022-01-28T01:37:00.000Z";"2781";0.9997493028;1.0012758785;0.9989688853;0.9996512688;4809047238.92;49645733198.52;49765127794.81;"2022-01-28T23:59:59.999Z"
"2022-01-27T00:00:00.000Z";"2022-01-27T23:59:59.999Z";"2022-01-27T13:49:00.000Z";"2022-01-27T04:28:00.000Z";"2781";0.9998501883;1.0011825548;0.9989233777;0.9997758098;5023632110.9;49373594427;49765127794.81;"2022-01-27T23:59:59.999Z"
"2022-01-26T00:00:00.000Z";"2022-01-26T23:59:59.999Z";"2022-01-26T18:33:06.000Z";"2022-01-26T15:07:06.000Z";"2781";1.0004195466;1.0019967135;0.9980868978;0.9989236212;5195373046.02;49632437387.58;49685918255.4;"2022-01-26T23:59:59.999Z"
"2022-01-25T00:00:00.000Z";"2022-01-25T23:59:59.999Z";"2022-01-25T10:12:00.000Z";"2022-01-25T21:10:06.000Z";"2781";1.0003184869;1.0010904212;0.9983140641;1.0004291899;4146328235.37;48579858784.84;49685918255.4;"2022-01-25T23:59:59.999Z"
"2022-01-24T00:00:00.000Z";"2022-01-24T23:59:59.999Z";"2022-01-24T18:44:00.000Z";"2022-01-24T00:10:00.000Z";"2781";1.0001701473;1.0009897767;0.9991311746;1.00030513;7468827146.4;48058913063.46;48044253320.29;"2022-01-24T23:59:59.999Z"
"2022-01-23T00:00:00.000Z";"2022-01-23T23:59:59.999Z";"2022-01-23T06:26:00.000Z";"2022-01-23T14:28:00.000Z";"2781";1.0000899597;1.0011317175;0.9990891988;1.0001447133;4572234576.78;47651385218.76;47644490425.62;"2022-01-23T23:59:59.999Z"
"2022-01-22T00:00:00.000Z";"2022-01-22T23:59:59.999Z";"2022-01-22T16:22:00.000Z";"2022-01-22T07:25:00.000Z";"2781";1.0004386326;1.0007546192;0.9989852559;1.0000319773;6945199429.86;43264434004.35;43263050569.87;"2022-01-22T23:59:59.999Z"
"2022-01-21T00:00:00.000Z";"2022-01-21T23:59:59.999Z";"2022-01-21T16:11:00.000Z";"2022-01-21T12:36:00.000Z";"2781";1.0004883733;1.0012143652;0.998995539;1.0004409013;7940219543.17;42797813923.9;42778952628.2;"2022-01-21T23:59:59.999Z"
"2022-01-20T00:00:00.000Z";"2022-01-20T23:59:59.999Z";"2022-01-20T13:43:00.000Z";"2022-01-20T22:01:00.000Z";"2781";1.0003364791;1.0013021608;0.9989262179;1.0004123173;3125580293.83;46367978526.68;46348868085.12;"2022-01-20T23:59:59.999Z"
"2022-01-19T00:00:00.000Z";"2022-01-19T23:59:59.999Z";"2022-01-19T11:42:00.000Z";"2022-01-19T04:24:00.000Z";"2781";1.0000984514;1.0007582506;0.9991384641;1.0003310615;3239858099.23;46051186882.59;46035946154.99;"2022-01-19T23:59:59.999Z"
"2022-01-18T00:00:00.000Z";"2022-01-18T23:59:59.999Z";"2022-01-18T21:21:00.000Z";"2022-01-18T11:25:00.000Z";"2781";0.9996689483;1.0009530812;0.9991597845;1.0001047278;3223501721.72;45737305224.55;45732515760.33;"2022-01-18T23:59:59.999Z"
"2022-01-17T00:00:00.000Z";"2022-01-17T23:59:59.999Z";"2022-01-17T21:56:00.000Z";"2022-01-17T13:08:00.000Z";"2781";0.9997497447;1.0009001687;0.9992052655;0.9996785873;3025152125.77;45483737542.2;45498361293.44;"2022-01-17T23:59:59.999Z"
"2022-01-16T00:00:00.000Z";"2022-01-16T23:59:59.999Z";"2022-01-16T15:19:00.000Z";"2022-01-16T19:11:00.000Z";"2781";0.9994944557;1.0007545105;0.9990724375;0.999691547;2296999988.05;45434277767.95;45448296432.84;"2022-01-16T23:59:59.999Z"
"2022-01-15T00:00:00.000Z";"2022-01-15T23:59:59.999Z";"2022-01-15T06:03:00.000Z";"2022-01-15T21:02:00.000Z";"2781";1.000054419;1.0006231563;0.999133038;0.9994822626;2837817559.98;45273082060.91;45296533768.45;"2022-01-15T23:59:59.999Z"
"2022-01-14T00:00:00.000Z";"2022-01-14T23:59:59.999Z";"2022-01-14T17:00:00.000Z";"2022-01-14T00:00:00.000Z";"2781";0.9990954785;1.0007549493;0.9990954785;1.000034125;4005995392.61;45171641830.49;45170100399.64;"2022-01-14T23:59:59.999Z"
"2022-01-13T00:00:00.000Z";"2022-01-13T23:59:59.999Z";"2022-01-13T04:43:00.000Z";"2022-01-13T18:43:00.000Z";"2781";0.999785833;1.0009783572;0.9989974945;0.9990250986;3601566982.16;44946411341.34;44990272418.73;"2022-01-13T23:59:59.999Z"
"2022-01-12T00:00:00.000Z";"2022-01-12T23:59:59.999Z";"2022-01-12T12:32:00.000Z";"2022-01-12T23:07:00.000Z";"2781";1.000225087;1.0008210011;0.9991549077;0.999799382;3486307844.29;44631425710.63;44640381374.92;"2022-01-12T23:59:59.999Z"
"2022-01-11T00:00:00.000Z";"2022-01-11T23:59:59.999Z";"2022-01-11T02:32:00.000Z";"2022-01-11T21:49:00.000Z";"2781";1.0003536481;1.0011606381;0.9990750415;1.0002156364;3645526457.33;44101728591.33;44092220703.02;"2022-01-11T23:59:59.999Z"
"2022-01-10T00:00:00.000Z";"2022-01-10T23:59:59.999Z";"2022-01-10T16:25:00.000Z";"2022-01-10T01:00:00.000Z";"2781";0.9998298046;1.0011267355;0.9993036467;1.0003807093;4659945891.01;43821519566.7;43804842657.26;"2022-01-10T23:59:59.999Z"
"2022-01-09T00:00:00.000Z";"2022-01-09T23:59:59.999Z";"2022-01-09T11:10:00.000Z";"2022-01-09T03:43:00.000Z";"2781";0.9995063388;1.0011195312;0.999476213;0.9998355066;2921877299.23;43635467097.35;43642646024.36;"2022-01-09T23:59:59.999Z"
"2022-01-08T00:00:00.000Z";"2022-01-08T23:59:59.999Z";"2022-01-08T22:57:00.000Z";"2022-01-08T18:08:00.000Z";"2781";1.0004738376;1.0009972592;0.9994504815;0.9995124213;4278836552.27;43501587470.13;43522808264.9;"2022-01-08T23:59:59.999Z"
"2022-01-07T00:00:00.000Z";"2022-01-07T23:59:59.999Z";"2022-01-07T03:48:00.000Z";"2022-01-07T00:21:00.000Z";"2781";0.9995250873;1.0008697995;0.9994020821;1.0004773771;4710183600.63;39702380216.57;39683436251.49;"2022-01-07T23:59:59.999Z"
"2022-01-06T00:00:00.000Z";"2022-01-06T23:59:59.999Z";"2022-01-06T13:52:00.000Z";"2022-01-06T04:07:00.000Z";"2781";0.9997518468;1.0011721445;0.9992706848;0.9995601857;4569272674.4;43076362784.11;43095316720.29;"2022-01-06T23:59:59.999Z"
"2022-01-05T00:00:00.000Z";"2022-01-05T23:59:59.999Z";"2022-01-05T09:17:00.000Z";"2022-01-05T21:44:00.000Z";"2781";1.0006042604;1.0009020504;0.999287359;0.9997572122;4834405737.07;42744624582.67;42755004977.02;"2022-01-05T23:59:59.999Z"
"2022-01-04T00:00:00.000Z";"2022-01-04T23:59:59.999Z";"2022-01-04T14:04:00.000Z";"2022-01-04T04:08:00.000Z";"2781";0.9998180717;1.0013560343;0.999134359;1.0005848031;3450318436.07;42619659433.82;42594749893.86;"2022-01-04T23:59:59.999Z"
"2022-01-03T00:00:00.000Z";"2022-01-03T23:59:59.999Z";"2022-01-03T16:41:00.000Z";"2022-01-03T09:21:00.000Z";"2781";0.9997761886;1.0009138057;0.9993956616;0.9997078569;2979943098.18;42567699046.2;42580138539.16;"2022-01-03T23:59:59.999Z"
"2022-01-02T00:00:00.000Z";"2022-01-02T23:59:59.999Z";"2022-01-02T18:18:00.000Z";"2022-01-02T03:02:00.000Z";"2781";1.0000807098;1.0009663066;0.9992645936;0.9997648784;2491554184.76;42562534941.24;42572544666.16;"2022-01-02T23:59:59.999Z"
"2022-01-01T00:00:00.000Z";"2022-01-01T23:59:59.999Z";"2022-01-01T08:47:00.000Z";"2022-01-01T21:53:00.000Z";"2781";1.0000832962;1.0008610395;0.9992174418;1.0000852892;2655459065.21;42454938451.84;42451317814.68;"2022-01-01T23:59:59.999Z"
"2021-12-31T00:00:00.000Z";"2021-12-31T23:59:59.999Z";"2021-12-31T10:56:00.000Z";"2021-12-31T20:52:00.000Z";"2781";1.0003827432;1.0009325225;0.9991836431;1.000038906;3283686714.54;42167723552.94;42166083039.43;"2021-12-31T23:59:59.999Z"
"2021-12-30T00:00:00.000Z";"2021-12-30T23:59:59.999Z";"2021-12-30T05:32:06.000Z";"2021-12-30T14:23:06.000Z";"2781";0.9996219023;1.0018072631;0.9981037959;1.000345731;3137476099.19;42315722030.27;42301097228.84;"2021-12-30T23:59:59.999Z"
"2021-12-29T00:00:00.000Z";"2021-12-29T23:59:59.999Z";"2021-12-29T11:36:06.000Z";"2021-12-29T22:18:06.000Z";"2781";1.0007580579;1.0019352361;0.9982291336;0.9994633764;3506506628.57;42116774929.12;42139387919.92;"2021-12-29T23:59:59.999Z"
"2021-12-28T00:00:00.000Z";"2021-12-28T23:59:59.999Z";"2021-12-28T07:14:05.000Z";"2021-12-28T16:04:05.000Z";"2781";0.9996331828;1.0019967568;0.9981653275;1.0008407758;4171719361.17;42130122777.19;42094730545.27;"2021-12-28T23:59:59.999Z"