timeOpen;timeClose;timeHigh;timeLow;name;open;high;low;close;volume;marketCap;circulatingSupply;timestamp
"2023-01-31T00:00:00.000Z";"2023-01-31T23:59:59.999Z";"2023-01-31T16:07:00.000Z";"2023-01-31T00:40:00.000Z";"2781";0.0213721383;0.0261139352;0.0213135734;0.0249954189;73910933.43;244995027.35;9801597194.12;"2023-01-31T23:59:59.999Z"
"2023-01-30T00:00:00.000Z";"2023-01-30T23:59:59.999Z";"2023-01-30T00:54:00.000Z";"2023-01-30T22:46:00.000Z";"2781";0.0222099018;0.0223280108;0.0211103895;0.0213674461;10495072.43;209439185.5;9801788417.38;"2023-01-30T23:59:59.999Z"
"2023-01-29T00:00:00.000Z";"2023-01-29T23:59:59.999Z";"2023-01-29T22:16:00.000Z";"2023-01-29T23:49:00.000Z";"2781";0.0224928223;0.0226358341;0.022150338;0.0222116343;10106264.49;217714951.36;9801842942.13;"2023-01-29T23:59:59.999Z"
"2023-01-28T00:00:00.000Z";"2023-01-28T23:59:59.999Z";"2023-01-28T11:05:00.000Z";"2023-01-28T00:19:00.000Z";"2781";0.0220733334;0.0226262724;0.021968531;0.0224930516;11783449.89;220474787.93;9801906458.83;"2023-01-28T23:59:59.999Z"
"2023-01-27T00:00:00.000Z";"2023-01-27T23:59:59.999Z";"2023-01-27T17:58:00.000Z";"2023-01-27T11:36:00.000Z";"2781";0.0220819711;0.0225558556;0.0215885948;0.0221029612;9760094.24;216652081.97;9801948265.75;"2023-01-27T23:59:59.999Z"
"2023-01-26T00:00:00.000Z";"2023-01-26T23:59:59.999Z";"2023-01-26T03:10:00.000Z";"2023-01-26T16:12:00.000Z";"2781";0.0221871117;0.0224655372;0.0218435918;0.0220763196;9226091.21;216391725.18;9801983704.51;"2023-01-26T23:59:59.999Z"
"2023-01-25T00:00:00.000Z";"2023-01-25T23:59:59.999Z";"2023-01-25T22:10:00.000Z";"2023-01-25T01:31:00.000Z";"2781";0.0216216116;0.0225002036;0.021324468;0.0222042653;8826443;217646165.04;9801998050.5;"2023-01-25T23:59:59.999Z"
"2023-01-24T00:00:00.000Z";"2023-01-24T23:59:59.999Z";"2023-01-24T07:57:00.000Z";"2023-01-24T23:23:00.000Z";"2781";0.0229763566;0.0231853882;0.0216228658;0.021631553;9045388.97;212033118.94;9802029403.59;"2023-01-24T23:59:59.999Z"
"2023-01-23T00:00:00.000Z";"2023-01-23T23:59:59.999Z";"2023-01-23T07:06:00.000Z";"2023-01-23T19:53:00.000Z";"2781";0.0230591222;0.0234145234;0.0228100509;0.0229656496;10570469.99;225110682.71;9802060310.86;"2023-01-23T23:59:59.999Z"
"2023-01-22T00:00:00.000Z";"2023-01-22T23:59:59.999Z";"2023-01-22T11:55:00.000Z";"2023-01-22T21:15:00.000Z";"2781";0.0230177638;0.0238711026;0.022722045;0.0230556415;15718043.79;225994096.28;9802117036.78;"2023-01-22T23:59:59.999Z"
"2023-01-21T00:00:00.000Z";"2023-01-21T23:59:59.999Z";"2023-01-21T17:19:00.000Z";"2023-01-21T10:58:00.000Z";"2781";0.02319213;0.0242324274;0.0225977059;0.0230370485;18836447.9;225811947.85;9802121457.89;"2023-01-21T23:59:59.999Z"
"2023-01-20T00:00:00.000Z";"2023-01-20T23:59:59.999Z";"2023-01-20T22:40:00.000Z";"2023-01-20T09:29:00.000Z";"2781";0.0222062203;0.0233042493;0.0217744746;0.0231978026;10235828.01;227388838.31;9802171467.8;"2023-01-20T23:59:59.999Z"
"2023-01-19T00:00:00.000Z";"2023-01-19T23:59:59.999Z";"2023-01-19T16:25:00.000Z";"2023-01-19T13:22:00.000Z";"2781";0.02168314;0.0223761505;0.0211217525;0.0222110283;12809487.43;217716457.05;9802178203.4;"2023-01-19T23:59:59.999Z"
"2023-01-18T00:00:00.000Z";"2023-01-18T23:59:59.999Z";"2023-01-18T06:45:00.000Z";"2023-01-18T16:52:00.000Z";"2781";0.0236621161;0.0240573597;0.021169431;0.0216852504;18319409.24;212563881.1;9802233190.38;"2023-01-18T23:59:59.999Z"
"2023-01-17T00:00:00.000Z";"2023-01-17T23:59:59.999Z";"2023-01-17T15:25:00.000Z";"2023-01-17T23:58:00.000Z";"2781";0.0241472158;0.0245982077;0.0236716436;0.0236746473;10936639.07;232068117.43;9802389656.84;"2023-01-17T23:59:59.999Z"
"2023-01-16T00:00:00.000Z";"2023-01-16T23:59:59.999Z";"2023-01-16T06:05:00.000Z";"2023-01-16T15:46:00.000Z";"2781";0.0259675422;0.0268502639;0.0237696071;0.0241454963;30045238.85;236685947.56;9802488392.03;"2023-01-16T23:59:59.999Z"
"2023-01-15T00:00:00.000Z";"2023-01-15T23:59:59.999Z";"2023-01-15T17:46:00.000Z";"2023-01-15T01:22:00.000Z";"2781";0.0232089653;0.0266565363;0.0229146581;0.0259642851;61420910.5;254517127.27;9802585595.09;"2023-01-15T23:59:59.999Z"
"2023-01-14T00:00:00.000Z";"2023-01-14T23:59:59.999Z";"2023-01-14T06:47:00.000Z";"2023-01-14T00:03:00.000Z";"2781";0.0222026173;0.0241297537;0.0221898178;0.023207891;26337919.58;227500140.21;9802706317.36;"2023-01-14T23:59:59.999Z"
"2023-01-13T00:00:00.000Z";"2023-01-13T23:59:59.999Z";"2023-01-13T22:24:00.000Z";"2023-01-13T00:47:00.000Z";"2781";0.0216057578;0.0222790615;0.0215671214;0.0222117174;10904192.66;217733806.01;9802655135.65;"2023-01-13T23:59:59.999Z"
"2023-01-12T00:00:00.000Z";"2023-01-12T23:59:59.999Z";"2023-01-12T21:25:00.000Z";"2023-01-12T14:58:00.000Z";"2781";0.0213755506;0.0216708018;0.0210766496;0.0216048369;10594812.43;211785667.42;9802696883.74;"2023-01-12T23:59:59.999Z"
"2023-01-11T00:00:00.000Z";"2023-01-11T23:59:59.999Z";"2023-01-11T07:44:00.000Z";"2023-01-11T16:01:00.000Z";"2781";0.021304333;0.0214428259;0.0209210017;0.0213748776;7792725.58;209532408.46;9802741921.64;"2023-01-11T23:59:59.999Z"
"2023-01-10T00:00:00.000Z";"2023-01-10T23:59:59.999Z";"2023-01-10T10:07:00.000Z";"2023-01-10T04:13:00.000Z";"2781";0.0213105474;0.0217863777;0.0210117319;0.0213073863;10410475.64;208871908.23;9802793499.05;"2023-01-10T23:59:59.999Z"
"2023-01-09T00:00:00.000Z";"2023-01-09T23:59:59.999Z";"2023-01-09T17:16:00.000Z";"2023-01-09T00:04:00.000Z";"2781";0.0203769937;0.0224813018;0.0203727439;0.0213119665;20009838.82;208917590.72;9802830283.87;"2023-01-09T23:59:59.999Z"
"2023-01-08T00:00:00.000Z";"2023-01-08T23:59:59.999Z";"2023-01-08T23:17:00.000Z";"2023-01-08T13:16:00.000Z";"2781";0.0201286106;0.0204088178;0.020116055;0.0204024888;5489331.95;200004072.33;9802925241.6;"2023-01-08T23:59:59.999Z"
"2023-01-07T00:00:00.000Z";"2023-01-07T23:59:59.999Z";"2023-01-07T04:06:00.000Z";"2023-01-07T22:12:00.000Z";"2781";0.0202747263;0.0204536703;0.0200826625;0.0201422049;4461347.13;197452824.21;9802939911.41;"2023-01-07T23:59:59.999Z"
"2023-01-06T00:00:00.000Z";"2023-01-06T23:59:59.999Z";"2023-01-06T01:50:00.000Z";"2023-01-06T12:27:00.000Z";"2781";0.0203335998;0.0204328946;0.0198292786;0.0202651028;5419619.18;198658558.65;9802987940.45;"2023-01-06T23:59:59.999Z"
"2023-01-05T00:00:00.000Z";"2023-01-05T23:59:59.999Z";"2023-01-05T01:36:00.000Z";"2023-01-05T23:32:00.000Z";"2781";0.0205950008;0.0206775149;0.0202843608;0.0203309345;5408535.23;199304567.63;9803020502.85;"2023-01-05T23:59:59.999Z"
"2023-01-04T00:00:00.000Z";"2023-01-04T23:59:59.999Z";"2023-01-04T13:41:00.000Z";"2023-01-04T01:00:00.000Z";"2781";0.0204158269;0.0207696284;0.020393673;0.0206046564;7362571.18;201988813.08;9803066330.96;"2023-01-04T23:59:59.999Z"
"2023-01-03T00:00:00.000Z";"2023-01-03T23:59:59.999Z";"2023-01-03T06:00:00.000Z";"2023-01-03T18:18:00.000Z";"2781";0.0206392549;0.0212421715;0.0202611277;0.0204136362;8206460.23;200117428.78;9803125051.18;"2023-01-03T23:59:59.999Z"
"2023-01-02T00:00:00.000Z";"2023-01-02T23:59:59.999Z";"2023-01-02T23:47:00.000Z";"2023-01-02T03:22:00.000Z";"2781";0.0201610639;0.0206686589;0.0201070179;0.0206357975;5947528.76;202296243.35;9803170587.97;"2023-01-02T23:59:59.999Z"
"2023-01-01T00:00:00.000Z";"2023-01-01T23:59:59.999Z";"2023-01-01T12:42:00.000Z";"2023-01-01T00:56:00.000Z";"2781";0.0199478569;0.0202249573;0.0198554384;0.0201629047;4628577.27;197660853.38;9803193346.32;"2023-01-01T23:59:59.999Z"
"2022-12-31T00:00:00.000Z";"2022-12-31T23:59:59.999Z";"2022-12-31T16:10:00.000Z";"2022-12-31T09:13:00.000Z";"2781";0.0200673829;0.0203493884;0.019649189;0.0199479126;6140080.39;195554372.99;9803249915.09;"2022-12-31T23:59:59.999Z"
"2022-12-30T00:00:00.000Z";"2022-12-30T23:59:59.999Z";"2022-12-30T02:45:00.000Z";"2022-12-30T17:48:00.000Z";"2781";0.0204540958;0.0205674904;0.0199908942;0.0200631814;5371357.35;196688418.7;9803451124.46;"2022-12-30T23:59:59.999Z"
"2022-12-29T00:00:00.000Z";"2022-12-29T23:59:59.999Z";"2022-12-29T10:53:00.000Z";"2022-12-29T08:53:00.000Z";"2781";0.0203384775;0.0206726781;0.0202204573;0.0204507598;11383742.78;200489076.59;9803502603.81;"2022-12-29T23:59:59.999Z"
"2022-12-28T00:00:00.000Z";"2022-12-28T23:59:59.999Z";"2022-12-28T00:47:00.000Z";"2022-12-28T22:57:00.000Z";"2781";0.0218120968;0.0218457213;0.0202905736;0.0203377705;9503774.08;199383100.89;9803586907.63;"2022-12-28T23:59:59.999Z"
"2022-12-27T00:00:00.000Z";"2022-12-27T23:59:59.999Z";"2022-12-27T09:56:00.000Z";"2022-12-27T02:02:00.000Z";"2781";0.0213833768;0.0235863881;0.021327342;0.0218059902;59460479.33;213777000.65;9803590625.81;"2022-12-27T23:59:59.999Z"
"2022-12-26T00:00:00.000Z";"2022-12-26T23:59:59.999Z";"2022-12-26T23:57:00.000Z";"2022-12-26T03:31:00.000Z";"2781";0.0209578595;0.0214067139;0.0207307707;0.0213985741;44306152.51;209785934.56;9803734267.6;"2022-12-26T23:59:59.999Z"
"2022-12-25T00:00:00.000Z";"2022-12-25T23:59:59.999Z";"2022-12-25T23:58:00.000Z";"2022-12-25T16:54:00.000Z";"2781";0.0208432033;0.0210602638;0.0202351414;0.0210377864;7422939.78;206253861;9803971651.65;"2022-12-25T23:59:59.999Z"
"2022-12-24T00:00:00.000Z";"2022-12-24T23:59:59.999Z";"2022-12-24T03:59:00.000Z";"2022-12-24T17:13:00.000Z";"2781";0.0211310776;0.0212340447;0.020546377;0.0208446483;6440841.26;204361863.66;9804044677.94;"2022-12-24T23:59:59.999Z"
"2022-12-23T00:00:00.000Z";"2022-12-23T23:59:59.999Z";"2022-12-23T16:01:00.000Z";"2022-12-23T02:29:00.000Z";"2781";0.0208805203;0.021298235;0.0205467286;0.0211382009;8008785.76;207240997.16;9804098169.5;"2022-12-23T23:59:59.999Z"
"2022-12-22T00:00:00.000Z";"2022-12-22T23:59:59.999Z";"2022-12-22T05:50:00.000Z";"2022-12-22T00:00:00.000Z";"2781";0.019683278;0.0211276847;0.019683278;0.0208916234;14726590.3;204824289.97;9804134694.39;"2022-12-22T23:59:59.999Z"
"2022-12-21T00:00:00.000Z";"2022-12-21T23:59:59.999Z";"2022-12-21T00:00:00.000Z";"2022-12-21T22:43:00.000Z";"2781";0.0203501603;0.0203501603;0.019550629;0.0196743939;9108471.43;192890657.14;9804147383.28;"2022-12-21T23:59:59.999Z"
"2022-12-20T00:00:00.000Z";"2022-12-20T23:59:59.999Z";"2022-12-20T15:41:00.000Z";"2022-12-20T00:00:00.000Z";"2781";0.0198316561;0.0207062979;0.0198316561;0.0203519418;8378586;199532714;9804111872.3;"2022-12-20T23:59:59.999Z"
"2022-12-19T00:00:00.000Z";"2022-12-19T23:59:59.999Z";"2022-12-19T09:51:00.000Z";"2022-12-19T23:24:00.000Z";"2781";0.0210394728;0.0217795716;0.0198001284;0.0198296411;15190747.57;194414285.64;9804226129.62;"2022-12-19T23:59:59.999Z"
"2022-12-18T00:00:00.000Z";"2022-12-18T23:59:59.999Z";"2022-12-18T04:06:00.000Z";"2022-12-18T19:31:00.000Z";"2781";0.0212827793;0.0213711864;0.0207064907;0.0210376967;6325248.75;206260966.08;9804351163;"2022-12-18T23:59:59.999Z"
"2022-12-17T00:00:00.000Z";"2022-12-17T23:59:59.999Z";"2022-12-17T06:48:00.000Z";"2022-12-17T06:19:00.000Z";"2781";0.0213735388;0.0217273663;0.0208121317;0.0212824467;14021368.05;208661575.14;9804397881.85;"2022-12-17T23:59:59.999Z"
"2022-12-16T00:00:00.000Z";"2022-12-16T23:59:59.999Z";"2022-12-16T00:01:00.000Z";"2022-12-16T23:38:00.000Z";"2781";0.0246752076;0.0246942426;0.0212533768;0.0213672626;15871722.77;209495859.82;9804524973.47;"2022-12-16T23:59:59.999Z"
"2022-12-15T00:00:00.000Z";"2022-12-15T23:59:59.999Z";"2022-12-15T05:17:00.000Z";"2022-12-15T01:05:00.000Z";"2781";0.0243406435;0.0251493219;0.0242830609;0.0246711994;11218942.2;241892196.34;9804638701.66;"2022-12-15T23:59:59.999Z"
"2022-12-14T00:00:00.000Z";"2022-12-14T23:59:59.999Z";"2022-12-14T04:08:00.000Z";"2022-12-15T01:05:00.000Z";"2781";0.0256058434;0.0258004106;0.0242830609;0.0244485253;12846856.31;239711172.44;9804732384.5;"2022-12-14T23:59:59.999Z"
"2022-12-13T00:00:00.000Z";"2022-12-13T23:59:59.999Z";"2022-12-13T00:57:00.000Z";"2022-12-13T07:31:00.000Z";"2781";0.0264991986;0.0270431695;0.0247530049;0.0255929742;23022889.31;250933685.91;9804787976.67;"2022-12-13T23:59:59.999Z"
"2022-12-12T00:00:00.000Z";"2022-12-12T23:59:59.999Z";"2022-12-12T23:40:00.000Z";"2022-12-12T00:48:00.000Z";"2781";0.0240853541;0.0267504064;0.0237954257;0.0265024178;49203116.2;259856699.8;9805018604.85;"2022-12-12T23:59:59.999Z"
"2022-12-11T00:00:00.000Z";"2022-12-11T23:59:59.999Z";"2022-12-11T18:59:00.000Z";"2022-12-11T15:40:00.000Z";"2781";0.0244035449;0.0249831606;0.0236344066;0.0240936637;18686808.09;236241644.96;9805135804.26;"2022-12-11T23:59:59.999Z"
"2022-12-10T00:00:00.000Z";"2022-12-10T23:59:59.999Z";"2022-12-10T20:46:00.000Z";"2022-12-10T15:14:00.000Z";"2781";0.0234293895;0.0246899292;0.022925061;0.0243909085;24495432.59;239157708.52;9805198870.17;"2022-12-10T23:59:59.999Z"
"2022-12-09T00:00:00.000Z";"2022-12-09T23:59:59.999Z";"2022-12-09T01:01:00.000Z";"2022-12-09T19:16:00.000Z";"2781";0.0244526153;0.0258394385;0.0231815196;0.0234299561;41008985.38;229736273.96;9805237046.35;"2022-12-09T23:59:59.999Z"
"2022-12-08T00:00:00.000Z";"2022-12-08T23:59:59.999Z";"2022-12-08T13:37:00.000Z";"2022-12-08T02:24:00.000Z";"2781";0.0207821059;0.0254395918;0.0206216076;0.0244669939;100503118.26;239907859.31;9805367178.28;"2022-12-08T23:59:59.999Z"
"2022-12-07T00:00:00.000Z";"2022-12-07T23:59:59.999Z";"2022-12-07T02:50:00.000Z";"2022-12-07T09:16:00.000Z";"2781";0.0216241335;0.0216805841;0.020586409;0.0207842894;12445912.57;203799810.68;9805474081.56;"2022-12-07T23:59:59.999Z"
"2022-12-06T00:00:00.000Z";"2022-12-06T23:59:59.999Z";"2022-12-06T00:57:00.000Z";"2022-12-06T20:32:00.000Z";"2781";0.0218107163;0.0219933521;0.0214769395;0.0216186019;8017239.03;211980795.25;9805481235.58;"2022-12-06T23:59:59.999Z"
"2022-12-05T00:00:00.000Z";"2022-12-05T23:59:59.999Z";"2022-12-05T03:17:00.000Z";"2022-12-05T21:47:00.000Z";"2781";0.0222005706;0.0224343003;0.0216594416;0.0218112223;10448776.64;213869814.52;9805494256.1;"2022-12-05T23:59:59.999Z"
"2022-12-04T00:00:00.000Z";"2022-12-04T23:59:59.999Z";"2022-12-04T20:48:00.000Z";"2022-12-04T17:58:00.000Z";"2781";0.0219588022;0.0223126149;0.0217977536;0.0221940087;10649006.8;217624417.11;9805547976.11;"2022-12-04T23:59:59.999Z"
"2022-12-03T00:00:00.000Z";"2022-12-03T23:59:59.999Z";"2022-12-03T00:05:00.000Z";"2022-12-03T23:39:00.000Z";"2781";0.0228942234;0.0229020146;0.0219145326;0.021962832;12615308.37;215358319.46;9805580597.83;"2022-12-03T23:59:59.999Z"
"2022-12-02T00:00:00.000Z";"2022-12-02T23:59:59.999Z";"2022-12-02T07:34:00.000Z";"2022-12-02T00:00:00.000Z";"2781";0.0214960781;0.0234313869;0.0214960781;0.0228915738;35149720.17;224465540.3;9805596673.39;"2022-12-02T23:59:59.999Z"
"2022-12-01T00:00:00.000Z";"2022-12-01T23:59:59.999Z";"2022-12-01T17:16:00.000Z";"2022-12-01T15:26:00.000Z";"2781";0.0214257396;0.0219517035;0.0209817028;0.0214928097;18702685.12;210751135;9805657716.1;"2022-12-01T23:59:59.999Z"
"2022-11-30T00:00:00.000Z";"2022-11-30T23:59:59.999Z";"2022-11-30T22:39:00.000Z";"2022-11-30T00:16:00.000Z";"2781";0.020649124;0.0215302048;0.0205720439;0.0214217625;15343642.75;210055559.27;9805708517.25;"2022-11-30T23:59:59.999Z"
"2022-11-29T00:00:00.000Z";"2022-11-29T23:59:59.999Z";"2022-11-29T05:23:00.000Z";"2022-11-29T00:23:00.000Z";"2781";0.0205379076;0.0208314928;0.0204317934;0.0206447904;13750657.59;202437532.13;9805744110.87;"2022-11-29T23:59:59.999Z"
"2022-11-28T00:00:00.000Z";"2022-11-28T23:59:59.999Z";"2022-11-28T01:08:00.000Z";"2022-11-28T16:26:00.000Z";"2781";0.0209292534;0.0210363171;0.0199498351;0.0205354057;19485641.42;201365932.12;9805792751.54;"2022-11-28T23:59:59.999Z"
"2022-11-27T00:00:00.000Z";"2022-11-27T23:59:59.999Z";"2022-11-27T08:44:00.000Z";"2022-11-27T23:56:00.000Z";"2781";0.0212900159;0.0216338569;0.0209293274;0.0209300424;18476783.79;205236721.98;9805843577.84;"2022-11-27T23:59:59.999Z"
"2022-11-26T00:00:00.000Z";"2022-11-26T23:59:59.999Z";"2022-11-26T11:08:00.000Z";"2022-11-26T00:09:00.000Z";"2781";0.0201572653;0.0223929525;0.0201234907;0.0212921396;49242337.86;208788858.78;9805912534.41;"2022-11-26T23:59:59.999Z"
"2022-11-25T00:00:00.000Z";"2022-11-25T23:59:59.999Z";"2022-11-25T00:00:00.000Z";"2022-11-25T09:31:00.000Z";"2781";0.0208422155;0.0208422155;0.0199597033;0.0201580105;16912491.55;197668582.8;9805956949.65;"2022-11-25T23:59:59.999Z"
"2022-11-24T00:00:00.000Z";"2022-11-24T23:59:59.999Z";"2022-11-24T02:23:00.000Z";"2022-11-24T08:28:00.000Z";"2781";0.0211046305;0.021193785;0.0206754284;0.020846621;15315814.19;204421764.71;9805990357.35;"2022-11-24T23:59:59.999Z"
"2022-11-23T00:00:00.000Z";"2022-11-23T23:59:59.999Z";"2022-11-23T12:02:00.000Z";"2022-11-23T18:01:00.000Z";"2781";0.0204914771;0.0211856414;0.0203926579;0.0211019565;23146386.05;206936895.88;9806526490.5;"2022-11-23T23:59:59.999Z"
"2022-11-22T00:00:00.000Z";"2022-11-22T23:59:59.999Z";"2022-11-22T15:52:00.000Z";"2022-11-22T10:13:00.000Z";"2781";0.0190401333;0.02133122;0.0189049935;0.0205021957;35575081.09;201056251.18;9806571629.13;"2022-11-22T23:59:59.999Z"
"2022-11-21T00:00:00.000Z";"2022-11-21T23:59:59.999Z";"2022-11-21T01:01:00.000Z";"2022-11-21T19:38:00.000Z";"2781";0.0212396136;0.0213339967;0.0188561766;0.0190733856;37029656.22;187045929.34;9806645402.95;"2022-11-21T23:59:59.999Z"
"2022-11-20T00:00:00.000Z";"2022-11-20T23:59:59.999Z";"2022-11-20T04:30:00.000Z";"2022-11-20T23:59:00.000Z";"2781";0.0229911243;0.0231593572;0.0212143826;0.0212143826;34559572.28;208044307.02;9806757579.05;"2022-11-20T23:59:59.999Z"
"2022-11-19T00:00:00.000Z";"2022-11-19T23:59:59.999Z";"2022-11-19T02:40:00.000Z";"2022-11-19T14:36:00.000Z";"2781";0.0242245393;0.0244100369;0.0227863016;0.0229902533;21307320.68;225461495.65;9806829565.26;"2022-11-19T23:59:59.999Z"
"2022-11-18T00:00:00.000Z";"2022-11-18T23:59:59.999Z";"2022-11-18T17:00:00.000Z";"2022-11-18T02:07:00.000Z";"2781";0.0227140679;0.0244652523;0.0225511249;0.0242353299;52911770.09;237673511.51;9806902250.86;"2022-11-18T23:59:59.999Z"
"2022-11-17T00:00:00.000Z";"2022-11-17T23:59:59.999Z";"2022-11-17T18:14:00.000Z";"2022-11-17T13:51:00.000Z";"2781";0.0221102102;0.0229552612;0.0212673887;0.0226602028;25377315.44;222229314.5;9807031149.99;"2022-11-17T23:59:59.999Z"
"2022-11-16T00:00:00.000Z";"2022-11-16T23:59:59.999Z";"2022-11-16T05:58:00.000Z";"2022-11-16T22:50:00.000Z";"2781";0.0229752892;0.0230709118;0.0217766172;0.022110579;24033813.19;216841344.36;9807130976.71;"2022-11-16T23:59:59.999Z"
"2022-11-15T00:00:00.000Z";"2022-11-15T23:59:59.999Z";"2022-11-15T03:31:00.000Z";"2022-11-15T00:13:00.000Z";"2781";0.0224503238;0.0235147543;0.0224096598;0.022979605;32919029.41;225366161.89;9807225240.84;"2022-11-15T23:59:59.999Z"
"2022-11-14T00:00:00.000Z";"2022-11-14T23:59:59.999Z";"2022-11-14T00:06:00.000Z";"2022-11-14T03:49:00.000Z";"2781";0.0230746333;0.0231531836;0.0207405465;0.022451408;41204323.11;220187787.24;9807304173.59;"2022-11-14T23:59:59.999Z"
"2022-11-13T00:00:00.000Z";"2022-11-13T23:59:59.999Z";"2022-11-13T08:30:00.000Z";"2022-11-13T21:19:00.000Z";"2781";0.023222714;0.0256421069;0.022928753;0.0230563047;52028246.45;226123700.35;9807456261.31;"2022-11-13T23:59:59.999Z"
"2022-11-12T00:00:00.000Z";"2022-11-12T23:59:59.999Z";"2022-11-12T02:42:00.000Z";"2022-11-12T05:55:00.000Z";"2781";0.0239461018;0.0242660348;0.0230098438;0.0232208556;16275825.34;227742741.25;9807680865.61;"2022-11-12T23:59:59.999Z"
"2022-11-11T00:00:00.000Z";"2022-11-11T23:59:59.999Z";"2022-11-11T01:20:00.000Z";"2022-11-11T20:59:00.000Z";"2781";0.0262397738;0.0264076235;0.0232443923;0.0239325331;21355523.76;234724470.69;9807757076.33;"2022-11-11T23:59:59.999Z"
"2022-11-10T00:00:00.000Z";"2022-11-10T23:59:59.999Z";"2022-11-10T16:33:00.000Z";"2022-11-10T02:16:00.000Z";"2781";0.0246865173;0.0267423973;0.0243571867;0.0262424173;34683767.68;257374614.8;9807580309.52;"2022-11-10T23:59:59.999Z"
"2022-11-09T00:00:00.000Z";"2022-11-09T23:59:59.999Z";"2022-11-09T00:02:00.000Z";"2022-11-09T18:48:00.000Z";"2781";0.0281270414;0.028202329;0.0233500493;0.0246496511;53410552.42;241755746.21;9807674155.58;"2022-11-09T23:59:59.999Z"
"2022-11-08T00:00:00.000Z";"2022-11-08T23:59:59.999Z";"2022-11-08T01:25:00.000Z";"2022-11-08T20:14:00.000Z";"2781";0.0357913696;0.0359779732;0.025038902;0.0281223249;69197428.66;275819285.91;9807840814.33;"2022-11-08T23:59:59.999Z"
"2022-11-07T00:00:00.000Z";"2022-11-07T23:59:59.999Z";"2022-11-07T00:01:00.000Z";"2022-11-07T22:42:00.000Z";"2781";0.0369963843;0.0370216595;0.0353392118;0.0357815912;21771105.26;350943763.85;9807941786.98;"2022-11-07T23:59:59.999Z"
"2022-11-06T00:00:00.000Z";"2022-11-06T23:59:59.999Z";"2022-11-06T01:47:00.000Z";"2022-11-06T23:59:00.000Z";"2781";0.0374323351;0.0394626514;0.0369353549;0.0369353549;39718604.34;362261879.9;9807997816.84;"2022-11-06T23:59:59.999Z"
"2022-11-05T00:00:00.000Z";"2022-11-05T23:59:59.999Z";"2022-11-05T03:50:00.000Z";"2022-11-05T20:40:00.000Z";"2781";0.0382964119;0.0393625487;0.0371488273;0.0374243161;35663720.62;367058480.75;9808021067.59;"2022-11-05T23:59:59.999Z"
"2022-11-04T00:00:00.000Z";"2022-11-04T23:59:59.999Z";"2022-11-04T23:32:00.000Z";"2022-11-04T00:13:00.000Z";"2781";0.0354188375;0.0385722453;0.0353065715;0.0383124609;35183084.34;375770258.66;9808042863.6;"2022-11-04T23:59:59.999Z"
"2022-11-03T00:00:00.000Z";"2022-11-03T23:59:59.999Z";"2022-11-03T04:55:00.000Z";"2022-11-03T00:04:00.000Z";"2781";0.0350798061;0.0365110559;0.0350603391;0.0354560111;24009007.95;347754868.02;9808065185.66;"2022-11-03T23:59:59.999Z"
"2022-11-02T00:00:00.000Z";"2022-11-02T23:59:59.999Z";"2022-11-02T00:43:00.000Z";"2022-11-02T20:34:00.000Z";"2781";0.0372641748;0.037312772;0.0347157387;0.0350790015;27030835.9;344057669.07;9808080447.12;"2022-11-02T23:59:59.999Z"
"2022-11-01T00:00:00.000Z";"2022-11-01T23:59:59.999Z";"2022-11-01T17:37:00.000Z";"2022-11-01T16:57:00.000Z";"2781";0.0377582229;0.0384752992;0.0371505909;0.0372641155;26418198.73;365491562.37;9808137337.47;"2022-11-01T23:59:59.999Z"
"2022-10-31T00:00:00.000Z";"2022-10-31T23:59:59.999Z";"2022-10-31T00:02:00.000Z";"2022-10-31T21:42:00.000Z";"2781";0.0394902037;0.0395497933;0.0375642623;0.0377555184;24219370.02;370312288.64;9808163269.61;"2022-10-31T23:59:59.999Z"
"2022-10-30T00:00:00.000Z";"2022-10-30T23:59:59.999Z";"2022-10-30T08:37:00.000Z";"2022-10-30T05:25:00.000Z";"2781";0.038600231;0.0403978353;0.0378699132;0.03949066;48575514.78;387331354.45;9808176267.85;"2022-10-30T23:59:59.999Z"
"2022-10-29T00:00:00.000Z";"2022-10-29T23:59:59.999Z";"2022-10-29T02:19:00.000Z";"2022-10-29T22:10:00.000Z";"2781";0.0412374605;0.042310792;0.0381853388;0.0385997722;48984708.4;378597728.58;9808289192.34;"2022-10-29T23:59:59.999Z"
"2022-10-28T00:00:00.000Z";"2022-10-28T23:59:59.999Z";"2022-10-28T03:17:00.000Z";"2022-10-28T23:47:00.000Z";"2781";0.0415471586;0.0465002947;0.0410781038;0.0412056993;101849021.46;404159974.31;9808351304.02;"2022-10-28T23:59:59.999Z"
"2022-10-27T00:00:00.000Z";"2022-10-27T23:59:59.999Z";"2022-10-27T22:46:00.000Z";"2022-10-27T00:00:00.000Z";"2781";0.0370611222;0.043285899;0.0370611222;0.0415437774;76133951.15;407479231.11;9808429966.5;"2022-10-27T23:59:59.999Z"
"2022-10-26T00:00:00.000Z";"2022-10-26T23:59:59.999Z";"2022-10-26T11:44:00.000Z";"2022-10-26T01:32:00.000Z";"2781";0.0370530435;0.0383197766;0.0369658803;0.0371460922;21853412.17;364346284.25;9808468738.33;"2022-10-26T23:59:59.999Z"
"2022-10-25T00:00:00.000Z";"2022-10-25T23:59:59.999Z";"2022-10-25T19:08:00.000Z";"2022-10-25T09:47:00.000Z";"2781";0.0364775825;0.0379826667;0.0362598648;0.0370568736;22424665.09;363472890.24;9808514719.44;"2022-10-25T23:59:59.999Z"
"2022-10-24T00:00:00.000Z";"2022-10-24T23:59:59.999Z";"2022-10-24T00:00:00.000Z";"2022-10-24T20:37:00.000Z";"2781";0.0381112896;0.0381112896;0.0361160667;0.0364787742;20945909.2;357805065.33;9808582462.19;"2022-10-24T23:59:59.999Z"
"2022-10-23T00:00:00.000Z";"2022-10-23T23:59:59.999Z";"2022-10-23T17:18:00.000Z";"2022-10-23T05:03:00.000Z";"2781";0.0360413172;0.0390349454;0.0353644495;0.0380776158;47377789.87;373489091;9808625951.85;"2022-10-23T23:59:59.999Z"
"2022-10-22T00:00:00.000Z";"2022-10-22T23:59:59.999Z";"2022-10-22T00:07:00.000Z";"2022-10-22T20:01:00.000Z";"2781";0.0374993615;0.037704127;0.0353704356;0.0360107462;23429626.16;353216848.88;9808651202.86;"2022-10-22T23:59:59.999Z"
"2022-10-21T00:00:00.000Z";"2022-10-21T23:59:59.999Z";"2022-10-21T23:19:00.000Z";"2022-10-21T12:19:00.000Z";"2781";0.0370586973;0.0378153543;0.0353073425;0.0374925184;35414401.67;367752290.7;9808684676.44;"2022-10-21T23:59:59.999Z"
"2022-10-20T00:00:00.000Z";"2022-10-20T23:59:59.999Z";"2022-10-20T00:24:00.000Z";"2022-10-20T20:34:00.000Z";"2781";0.0404583975;0.0416119669;0.0366477926;0.0370514711;73791218.58;363428590.97;9808749296.22;"2022-10-20T23:59:59.999Z"
"2022-10-19T00:00:00.000Z";"2022-10-19T23:59:59.999Z";"2022-10-19T23:47:00.000Z";"2022-10-19T13:23:00.000Z";"2781";0.0359530276;0.0405911066;0.0342320157;0.0404826083;87069674.29;397087154.15;9808833246.8;"2022-10-19T23:59:59.999Z"
"2022-10-18T00:00:00.000Z";"2022-10-18T23:59:59.999Z";"2022-10-18T00:47:00.000Z";"2022-10-18T22:54:00.000Z";"2781";0.0384187634;0.038869463;0.0357020334;0.0359520156;30099326.67;352653045.07;9808992324.74;"2022-10-18T23:59:59.999Z"
"2022-10-17T00:00:00.000Z";"2022-10-17T23:59:59.999Z";"2022-10-17T07:38:00.000Z";"2022-10-17T02:58:00.000Z";"2781";0.0376690267;0.0413396801;0.0369818852;0.0384172217;73352417.66;376840143.41;9809146179.74;"2022-10-17T23:59:59.999Z"
"2022-10-16T00:00:00.000Z";"2022-10-16T23:59:59.999Z";"2022-10-16T03:29:00.000Z";"2022-10-16T23:58:00.000Z";"2781";0.0418315995;0.042388057;0.0376700916;0.0376721653;63376116.37;369546471.93;9809536277.24;"2022-10-16T23:59:59.999Z"
"2022-10-15T00:00:00.000Z";"2022-10-15T23:59:59.999Z";"2022-10-15T01:25:00.000Z";"2022-10-15T20:34:00.000Z";"2781";0.0463032184;0.0476846438;0.0411123943;0.0418340884;76027400.9;410391804.46;9809985602.43;"2022-10-15T23:59:59.999Z"
"2022-10-14T00:00:00.000Z";"2022-10-14T23:59:59.999Z";"2022-10-14T01:04:00.000Z";"2022-10-14T22:20:00.000Z";"2781";0.0528234766;0.053371516;0.0459413224;0.0462675917;126286229.77;453891190.45;9810132184.5;"2022-10-14T23:59:59.999Z"
"2022-10-13T00:00:00.000Z";"2022-10-13T23:59:59.999Z";"2022-10-13T07:17:00.000Z";"2022-10-13T00:02:00.000Z";"2781";0.0444281402;0.0535721397;0.0443971605;0.0528682666;278815924.65;518660676.26;9810434688.39;"2022-10-13T23:59:59.999Z"
"2022-10-12T00:00:00.000Z";"2022-10-12T23:59:59.999Z";"2022-10-12T01:52:00.000Z";"2022-10-12T23:04:00.000Z";"2781";0.0580850368;0.0620981675;0.0442797244;0.0444262464;296637793.67;435868739.9;9811063838.88;"2022-10-12T23:59:59.999Z"
"2022-10-11T00:00:00.000Z";"2022-10-11T23:59:59.999Z";"2022-10-11T11:19:00.000Z";"2022-10-11T01:04:00.000Z";"2781";0.0429614452;0.060123381;0.0408803854;0.058018392;456194920.63;569269399.49;9811878272.32;"2022-10-11T23:59:59.999Z"
"2022-10-10T00:00:00.000Z";"2022-10-10T23:59:59.999Z";"2022-10-10T21:40:00.000Z";"2022-10-10T03:27:00.000Z";"2781";0.0343242143;0.0450877194;0.0330450823;0.0429620021;203948037.96;421607404.77;9813495272.78;"2022-10-10T23:59:59.999Z"
"2022-10-09T00:00:00.000Z";"2022-10-09T23:59:59.999Z";"2022-10-09T19:23:00.000Z";"2022-10-09T02:09:00.000Z";"2781";0.029323634;0.0363019478;0.0289404451;0.0343124708;71334120.48;336752483.11;9814288366.82;"2022-10-09T23:59:59.999Z"
"2022-10-08T00:00:00.000Z";"2022-10-08T23:59:59.999Z";"2022-10-08T19:59:00.000Z";"2022-10-08T12:47:00.000Z";"2781";0.0293855984;0.0296344513;0.0290554443;0.0293281158;8355707.64;287840721.09;9814497556.41;"2022-10-08T23:59:59.999Z"
"2022-10-07T00:00:00.000Z";"2022-10-07T23:59:59.999Z";"2022-10-07T08:18:00.000Z";"2022-10-07T18:50:00.000Z";"2781";0.029455026;0.0301737913;0.0292079931;0.0293764234;11548778.91;288318827.36;9814633427.75;"2022-10-07T23:59:59.999Z"
"2022-10-06T00:00:00.000Z";"2022-10-06T23:59:59.999Z";"2022-10-06T03:44:00.000Z";"2022-10-06T23:20:00.000Z";"2781";0.0302515174;0.0305774719;0.0293561114;0.0294497167;9310561.57;289041662.3;9814751871.06;"2022-10-06T23:59:59.999Z"
"2022-10-05T00:00:00.000Z";"2022-10-05T23:59:59.999Z";"2022-10-05T03:39:00.000Z";"2022-10-05T14:34:00.000Z";"2781";0.0309309557;0.0312605762;0.0299099145;0.0302585274;13020303.65;296984522.35;9814903352.23;"2022-10-05T23:59:59.999Z"
"2022-10-04T00:00:00.000Z";"2022-10-04T23:59:59.999Z";"2022-10-04T19:29:00.000Z";"2022-10-04T01:01:00.000Z";"2781";0.0312108118;0.0317229408;0.0307569555;0.0309283957;16221031.49;303564960.29;9815089114.69;"2022-10-04T23:59:59.999Z"
"2022-10-03T00:00:00.000Z";"2022-10-03T23:59:59.999Z";"2022-10-03T10:47:00.000Z";"2022-10-03T19:20:00.000Z";"2781";0.0320784959;0.032275429;0.0306067786;0.0312067938;21331638.36;306302939.35;9815264629.34;"2022-10-03T23:59:59.999Z"
"2022-10-02T00:00:00.000Z";"2022-10-02T23:59:59.999Z";"2022-10-02T05:29:00.000Z";"2022-10-02T23:37:00.000Z";"2781";0.0323133209;0.0342072;0.0319059374;0.0320615631;32104529.62;314696579.27;9815384796.5;"2022-10-02T23:59:59.999Z"
"2022-10-01T00:00:00.000Z";"2022-10-01T23:59:59.999Z";"2022-10-01T23:09:00.000Z";"2022-10-01T09:08:00.000Z";"2781";0.0319529679;0.0325753287;0.0309643899;0.0323204108;19998462.96;317240488.89;9815484440.64;"2022-10-01T23:59:59.999Z"
"2022-09-30T00:00:00.000Z";"2022-09-30T23:59:59.999Z";"2022-09-30T11:56:00.000Z";"2022-09-30T00:47:00.000Z";"2781";0.0306021718;0.0331849123;0.0304516206;0.031965361;29154018.42;313757974.84;9815561744.75;"2022-09-30T23:59:59.999Z"
"2022-09-29T00:00:00.000Z";"2022-09-29T23:59:59.999Z";"2022-09-29T04:12:00.000Z";"2022-09-29T23:27:00.000Z";"2781";0.0311190308;0.0312003705;0.0302117515;0.0305788238;16277543.1;300152831.82;9815708875.01;"2022-09-29T23:59:59.999Z"
"2022-09-28T00:00:00.000Z";"2022-09-28T23:59:59.999Z";"2022-09-28T09:51:00.000Z";"2022-09-28T09:00:00.000Z";"2781";0.0312673352;0.0326196976;0.0293462206;0.0311090665;43141045.96;305362733.84;9815875818.2;"2022-09-28T23:59:59.999Z"
"2022-09-27T00:00:00.000Z";"2022-09-27T23:59:59.999Z";"2022-09-27T05:36:00.000Z";"2022-09-27T16:54:00.000Z";"2781";0.0333061311;0.0336573936;0.0304989165;0.0312699622;68254840.65;306950337.47;9816140331.21;"2022-09-27T23:59:59.999Z"
"2022-09-26T00:00:00.000Z";"2022-09-26T23:59:59.999Z";"2022-09-26T10:59:00.000Z";"2022-09-26T06:51:00.000Z";"2781";0.0283232245;0.0338386663;0.0264522393;0.0332807209;98885425.5;326694430.19;9816326742.57;"2022-09-26T23:59:59.999Z"
"2022-09-25T00:00:00.000Z";"2022-09-25T23:59:59.999Z";"2022-09-25T08:18:00.000Z";"2022-09-25T22:04:00.000Z";"2781";0.0301092738;0.0305509921;0.0278206834;0.0283211077;19694326.61;278017279.51;9816610363.73;"2022-09-25T23:59:59.999Z"
"2022-09-24T00:00:00.000Z";"2022-09-24T23:59:59.999Z";"2022-09-24T12:26:00.000Z";"2022-09-24T11:01:00.000Z";"2781";0.030837368;0.0321014193;0.0298720127;0.0301085382;26441837.48;295565717.72;9816674435.04;"2022-09-24T23:59:59.999Z"
"2022-09-23T00:00:00.000Z";"2022-09-23T23:59:59.999Z";"2022-09-23T06:04:00.000Z";"2022-09-23T15:07:00.000Z";"2781";0.0322985838;0.0328979485;0.029946173;0.0308422857;32449284.27;302768441.67;9816666791.78;"2022-09-23T23:59:59.999Z"
"2022-09-22T00:00:00.000Z";"2022-09-22T23:59:59.999Z";"2022-09-22T08:49:00.000Z";"2022-09-22T21:18:00.000Z";"2781";0.0327046344;0.0332030673;0.0321246026;0.0322989295;21756755.9;317072921.85;9816824485.36;"2022-09-22T23:59:59.999Z"
"2022-09-21T00:00:00.000Z";"2022-09-21T23:59:59.999Z";"2022-09-21T12:29:00.000Z";"2022-09-21T22:24:00.000Z";"2781";0.033844382;0.0349734264;0.0321313961;0.0326944714;45643563.75;320902343.2;9815186782.36;"2022-09-21T23:59:59.999Z"
"2022-09-20T00:00:00.000Z";"2022-09-20T23:59:59.999Z";"2022-09-20T04:12:00.000Z";"2022-09-20T17:54:00.000Z";"2781";0.035054477;0.0352861771;0.0317844889;0.0338386957;47868730.04;332139065.98;9815362527.05;"2022-09-20T23:59:59.999Z"
"2022-09-19T00:00:00.000Z";"2022-09-19T23:59:59.999Z";"2022-09-19T14:01:00.000Z";"2022-09-19T07:15:00.000Z";"2781";0.0292924414;0.0368240397;0.0292478586;0.0350307992;76314672.37;343842306.19;9815428535.29;"2022-09-19T23:59:59.999Z"
"2022-09-18T00:00:00.000Z";"2022-09-18T23:59:59.999Z";"2022-09-18T05:59:00.000Z";"2022-09-18T22:33:00.000Z";"2781";0.0330889086;0.0337474639;0.0291017179;0.0292543062;29129268.33;287145411.77;9815492119.78;"2022-09-18T23:59:59.999Z"
"2022-09-17T00:00:00.000Z";"2022-09-17T23:59:59.999Z";"2022-09-17T08:05:00.000Z";"2022-09-17T23:25:00.000Z";"2781";0.0349160376;0.0351468497;0.0327709303;0.0330844354;33555510.7;324740048.54;9815493142.79;"2022-09-17T23:59:59.999Z"
"2022-09-16T00:00:00.000Z";"2022-09-16T23:59:59.999Z";"2022-09-16T18:58:00.000Z";"2022-09-16T10:42:00.000Z";"2781";0.0316397458;0.0367791957;0.0315587481;0.0349232952;69881500.96;342789315.92;9815491761.27;"2022-09-16T23:59:59.999Z"
"2022-09-15T00:00:00.000Z";"2022-09-15T23:59:59.999Z";"2022-09-15T00:01:00.000Z";"2022-09-15T20:47:00.000Z";"2781";0.0375296932;0.0375966383;0.0310933994;0.0316291588;51215790.34;310455888.17;9815496208.75;"2022-09-15T23:59:59.999Z"
"2022-09-14T00:00:00.000Z";"2022-09-14T23:59:59.999Z";"2022-09-14T01:39:00.000Z";"2022-09-14T07:56:00.000Z";"2781";0.0449065171;0.0460496277;0.0341762037;0.0375273869;93188010.62;368349787.66;9815492568.05;"2022-09-14T23:59:59.999Z"
"2022-09-13T00:00:00.000Z";"2022-09-13T23:59:59.999Z";"2022-09-13T15:38:00.000Z";"2022-09-13T00:30:00.000Z";"2781";0.0422793199;0.0484592745;0.041934691;0.0452802263;97850853.86;444447867.46;9815501086.57;"2022-09-13T23:59:59.999Z"
"2022-09-12T00:00:00.000Z";"2022-09-12T23:59:59.999Z";"2022-09-12T00:49:00.000Z";"2022-09-12T23:58:00.000Z";"2781";0.051779252;0.053786985;0.0422419162;0.0422650664;92377408.01;414853179.5;9815509942.39;"2022-09-12T23:59:59.999Z"
"2022-09-11T00:00:00.000Z";"2022-09-11T23:59:59.999Z";"2022-09-11T02:35:00.000Z";"2022-09-11T22:06:00.000Z";"2781";0.061026988;0.064316608;0.0509995123;0.0517399833;127270646.06;507854389.01;9815511261.99;"2022-09-11T23:59:59.999Z"
"2022-09-10T00:00:00.000Z";"2022-09-10T23:59:59.999Z";"2022-09-10T06:51:00.000Z";"2022-09-10T00:38:00.000Z";"2781";0.0601655874;0.0675190501;0.0573292471;0.0609368404;309788490.64;598126241.45;9815511227.71;"2022-09-10T23:59:59.999Z"
"2022-09-09T00:00:00.000Z";"2022-09-09T23:59:59.999Z";"2022-09-09T21:16:00.000Z";"2022-09-09T11:13:00.000Z";"2781";0.0431113019;0.0658844629;0.0406754988;0.0601691925;448383855.85;590591372.24;9815511025.48;"2022-09-09T23:59:59.999Z"
"2022-09-08T00:00:00.000Z";"2022-09-08T23:59:59.999Z";"2022-09-08T15:55:00.000Z";"2022-09-08T01:16:00.000Z";"2781";0.0422035835;0.0505589229;0.0417564361;0.0429473305;203517411.89;421549828.11;9815507104.76;"2022-09-08T23:59:59.999Z"
"2022-09-07T00:00:00.000Z";"2022-09-07T23:59:59.999Z";"2022-09-07T17:19:00.000Z";"2022-09-07T09:18:00.000Z";"2781";0.0411707779;0.0460170428;0.0380509505;0.0421826312;150566993.19;414043869.07;9815505996.39;"2022-09-07T23:59:59.999Z"
"2022-09-06T00:00:00.000Z";"2022-09-06T23:59:59.999Z";"2022-09-06T17:07:00.000Z";"2022-09-06T02:14:00.000Z";"2781";0.0378782293;0.0460940515;0.0353324918;0.0411789491;256145696.76;404191638.96;9815491848.5;"2022-09-06T23:59:59.999Z"
"2022-09-05T00:00:00.000Z";"2022-09-05T23:59:59.999Z";"2022-09-05T23:58:00.000Z";"2022-09-05T00:26:00.000Z";"2781";0.0301256611;0.0379433735;0.0299817198;0.0379276345;104002614.56;372278357.98;9815491089.07;"2022-09-05T23:59:59.999Z"
"2022-09-04T00:00:00.000Z";"2022-09-04T23:59:59.999Z";"2022-09-04T00:13:00.000Z";"2022-09-04T19:33:00.000Z";"2781";0.031899305;0.0325310407;0.0296014421;0.0301224151;27699598.47;295666289.65;9815490837.98;"2022-09-04T23:59:59.999Z"
"2022-09-03T00:00:00.000Z";"2022-09-03T23:59:59.999Z";"2022-09-03T12:16:00.000Z";"2022-09-03T01:39:00.000Z";"2781";0.0310037891;0.0331353066;0.0296985144;0.0319000862;53599133.43;313114987.72;9815490323;"2022-09-03T23:59:59.999Z"
"2022-09-02T00:00:00.000Z";"2022-09-02T23:59:59.999Z";"2022-09-02T01:10:00.000Z";"2022-09-02T23:40:00.000Z";"2781";0.0371191803;0.0387175421;0.0307658591;0.0309910504;73616457.72;304192354.5;9815490302.5;"2022-09-02T23:59:59.999Z"
"2022-09-01T00:00:00.000Z";"2022-09-01T23:59:59.999Z";"2022-09-01T10:45:00.000Z";"2022-09-01T00:24:00.000Z";"2781";0.0306872462;0.041080097;0.0300676065;0.0371115024;205863343.42;364267589.08;9815490225.22;"2022-09-01T23:59:59.999Z"
"2022-08-31T00:00:00.000Z";"2022-08-31T23:59:59.999Z";"2022-08-31T23:01:00.000Z";"2022-08-31T10:26:00.000Z";"2781";0.0260226245;0.0319795215;0.0255330188;0.0306887266;67112349.41;301224844.43;9815488541.06;"2022-08-31T23:59:59.999Z"
"2022-08-30T00:00:00.000Z";"2022-08-30T23:59:59.999Z";"2022-08-30T08:11:00.000Z";"2022-08-30T15:17:00.000Z";"2781";0.0268458318;0.0279578545;0.0249004351;0.0260232379;15967284.67;255430793.46;9815488557.42;"2022-08-30T23:59:59.999Z"
"2022-08-29T00:00:00.000Z";"2022-08-29T23:59:59.999Z";"2022-08-29T21:32:00.000Z";"2022-08-29T01:49:00.000Z";"2781";0.0242290698;0.0271915671;0.0240243448;0.0268421168;11036982.96;263468489.82;9815488523.58;"2022-08-29T23:59:59.999Z"
"2022-08-28T00:00:00.000Z";"2022-08-28T23:59:59.999Z";"2022-08-28T02:21:00.000Z";"2022-08-28T23:56:00.000Z";"2781";0.025542892;0.0258559534;0.0241989394;0.0242275776;8995972.15;237805610.65;9815492685.88;"2022-08-28T23:59:59.999Z"
"2022-08-27T00:00:00.000Z";"2022-08-27T23:59:59.999Z";"2022-08-27T11:49:00.000Z";"2022-08-27T15:43:00.000Z";"2781";0.0254385568;0.0259925817;0.0247864282;0.0255012901;10851324.41;250307676.87;9815490755.6;"2022-08-27T23:59:59.999Z"
"2022-08-26T00:00:00.000Z";"2022-08-26T23:59:59.999Z";"2022-08-26T00:00:00.000Z";"2022-08-26T23:53:00.000Z";"2781";0.0303216533;0.0303216533;0.0253202142;0.0254301186;16024689.91;249609132.12;9815492267.41;"2022-08-26T23:59:59.999Z"
"2022-08-25T00:00:00.000Z";"2022-08-25T23:59:59.999Z";"2022-08-25T21:29:00.000Z";"2022-08-25T03:56:00.000Z";"2781";0.0266804304;0.0311241833;0.0264206015;0.0303412579;18825135.85;297814377.36;9815492112.26;"2022-08-25T23:59:59.999Z"
"2022-08-24T00:00:00.000Z";"2022-08-24T23:59:59.999Z";"2022-08-24T04:50:00.000Z";"2022-08-24T23:57:00.000Z";"2781";0.0304583683;0.0314455841;0.0266605049;0.0266817421;18081098.17;261894426.33;9815492014.71;"2022-08-24T23:59:59.999Z"
"2022-08-23T00:00:00.000Z";"2022-08-23T23:59:59.999Z";"2022-08-23T16:24:00.000Z";"2022-08-23T00:15:00.000Z";"2781";0.0229185619;0.0323656951;0.0228194687;0.0304471476;35143965.08;298853610.48;9815487966.65;"2022-08-23T23:59:59.999Z"
"2022-08-22T00:00:00.000Z";"2022-08-22T23:59:59.999Z";"2022-08-22T03:07:00.000Z";"2022-08-22T08:38:00.000Z";"2781";0.0226208804;0.0230686997;0.0219073961;0.0229238828;8699958.63;225009187.01;9815491936.68;"2022-08-22T23:59:59.999Z"
"2022-08-21T00:00:00.000Z";"2022-08-21T23:59:59.999Z";"2022-08-21T02:01:00.000Z";"2022-08-21T07:41:00.000Z";"2781";0.022386922;0.0228066314;0.0223167047;0.0226188851;8586562.68;222015484.13;9815491931.5;"2022-08-21T23:59:59.999Z"
"2022-08-20T00:00:00.000Z";"2022-08-20T23:59:59.999Z";"2022-08-20T01:37:00.000Z";"2022-08-20T20:58:00.000Z";"2781";0.022404646;0.0231434678;0.0219643747;0.0223945202;9766333.16;219813223.87;9815491544.31;"2022-08-20T23:59:59.999Z"
"2022-08-19T00:00:00.000Z";"2022-08-19T23:59:59.999Z";"2022-08-19T01:03:00.000Z";"2022-08-19T23:59:00.000Z";"2781";0.0265973991;0.0276369024;0.0224141312;0.0224141312;16363713.74;220005722.3;9815491840.77;"2022-08-19T23:59:59.999Z"
"2022-08-18T00:00:00.000Z";"2022-08-18T23:59:59.999Z";"2022-08-18T23:02:00.000Z";"2022-08-18T11:24:00.000Z";"2781";0.0244759835;0.0287171355;0.0238802841;0.0266096927;18285870.24;261187221.12;9815491806.08;"2022-08-18T23:59:59.999Z"
"2022-08-17T00:00:00.000Z";"2022-08-17T23:59:59.999Z";"2022-08-17T06:04:00.000Z";"2022-08-17T23:32:00.000Z";"2781";0.0259904711;0.0264941707;0.0243523122;0.0244732945;9779797.75;240217422.07;9815491818.3;"2022-08-17T23:59:59.999Z"
"2022-08-16T00:00:00.000Z";"2022-08-16T23:59:59.999Z";"2022-08-16T08:16:00.000Z";"2022-08-16T05:20:00.000Z";"2781";0.0262130185;0.0265612793;0.0259043708;0.025994398;7652416.14;255147802.21;9815491852.16;"2022-08-16T23:59:59.999Z"
"2022-08-15T00:00:00.000Z";"2022-08-15T23:59:59.999Z";"2022-08-15T00:00:00.000Z";"2022-08-15T23:48:00.000Z";"2781";0.0285542231;0.0285542231;0.0260145205;0.0262143809;12544835.43;257307041.46;9815491809.89;"2022-08-15T23:59:59.999Z"
"2022-08-14T00:00:00.000Z";"2022-08-14T23:59:59.999Z";"2022-08-14T17:31:00.000Z";"2022-08-14T16:34:00.000Z";"2781";0.0278156493;0.0296528441;0.0264856278;0.0285549749;16825872.93;280281128.84;9815492046.55;"2022-08-14T23:59:59.999Z"
"2022-08-13T00:00:00.000Z";"2022-08-13T23:59:59.999Z";"2022-08-13T00:13:00.000Z";"2022-08-13T23:45:00.000Z";"2781";0.0291028623;0.0291650834;0.027743274;0.0278130154;8061274.87;272998428.37;9815491951.82;"2022-08-13T23:59:59.999Z"
"2022-08-12T00:00:00.000Z";"2022-08-12T23:59:59.999Z";"2022-08-12T04:49:00.000Z";"2022-08-12T13:51:00.000Z";"2781";0.0288797029;0.0296005606;0.028343627;0.0291012266;8980504.21;285642853.89;9815491911.09;"2022-08-12T23:59:59.999Z"
"2022-08-11T00:00:00.000Z";"2022-08-11T23:59:59.999Z";"2022-08-11T01:56:00.000Z";"2022-08-11T23:40:00.000Z";"2781";0.0297218424;0.0304654451;0.028865409;0.0288825665;7267133.28;283496597.36;9815491907.65;"2022-08-11T23:59:59.999Z"
"2022-08-10T00:00:00.000Z";"2022-08-10T23:59:59.999Z";"2022-08-10T14:20:00.000Z";"2022-08-10T08:03:00.000Z";"2781";0.0298060297;0.0308273367;0.028708008;0.0297198164;10039090.6;291714617.34;9815491920.58;"2022-08-10T23:59:59.999Z"
"2022-08-09T00:00:00.000Z";"2022-08-09T23:59:59.999Z";"2022-08-09T09:48:00.000Z";"2022-08-09T16:34:00.000Z";"2781";0.0314241458;0.0317834117;0.0291574759;0.029808825;11022205.86;292588280.66;9815491920.58;"2022-08-09T23:59:59.999Z"
"2022-08-08T00:00:00.000Z";"2022-08-08T23:59:59.999Z";"2022-08-08T12:13:00.000Z";"2022-08-08T23:38:00.000Z";"2781";0.0323103594;0.0326506151;0.0313959003;0.0314305603;8074193.74;308506410.76;9815491921.98;"2022-08-08T23:59:59.999Z"
"2022-08-07T00:00:00.000Z";"2022-08-07T23:59:59.999Z";"2022-08-07T00:00:00.000Z";"2022-08-07T11:34:00.000Z";"2781";0.0335244679;0.0335244679;0.0319844627;0.0323086187;8401865.09;317124985.58;9815491922.55;"2022-08-07T23:59:59.999Z"
"2022-08-06T00:00:00.000Z";"2022-08-06T23:59:59.999Z";"2022-08-06T03:16:00.000Z";"2022-08-06T05:34:00.000Z";"2781";0.0336865555;0.033852065;0.033139056;0.0335273325;7393752.35;329087262.12;9815491938.78;"2022-08-06T23:59:59.999Z"
"2022-08-05T00:00:00.000Z";"2022-08-05T23:59:59.999Z";"2022-08-05T03:07:00.000Z";"2022-08-05T01:01:00.000Z";"2781";0.0334006249;0.0340302715;0.0332073789;0.0336902361;8323600.38;330686240.3;9815491929.7;"2022-08-05T23:59:59.999Z"
"2022-08-04T00:00:00.000Z";"2022-08-04T23:59:59.999Z";"2022-08-04T04:49:00.000Z";"2022-08-04T17:07:00.000Z";"2781";0.0335344708;0.0343231624;0.0330506772;0.0334064339;8164272.53;327900581.99;9815491931.78;"2022-08-04T23:59:59.999Z"
"2022-08-03T00:00:00.000Z";"2022-08-03T23:59:59.999Z";"2022-08-03T09:20:00.000Z";"2022-08-03T23:59:00.000Z";"2781";0.0342190921;0.034716387;0.0335348994;0.0335348994;8509559.54;329161431.57;9815488875.47;"2022-08-03T23:59:59.999Z"
"2022-08-02T00:00:00.000Z";"2022-08-02T23:59:59.999Z";"2022-08-02T00:14:00.000Z";"2022-08-02T14:29:00.000Z";"2781";0.0359638755;0.0360263565;0.0337081041;0.0342282144;11466418.29;335966732.42;9815491051.52;"2022-08-02T23:59:59.999Z"
"2022-08-01T00:00:00.000Z";"2022-08-01T23:59:59.999Z";"2022-08-01T07:30:00.000Z";"2022-08-01T00:00:00.000Z";"2781";0.0349353022;0.0392244693;0.0349353022;0.0359622902;22265002.56;352987554.74;9815491521.11;"2022-08-01T23:59:59.999Z"
"2022-07-31T00:00:00.000Z";"2022-07-31T23:59:59.999Z";"2022-07-31T18:10:00.000Z";"2022-07-31T23:13:00.000Z";"2781";0.0352261964;0.0361927875;0.0347967424;0.0349566294;11618512.25;343116500.35;9815491556.97;"2022-07-31T23:59:59.999Z"
"2022-07-30T00:00:00.000Z";"2022-07-30T23:59:59.999Z";"2022-07-30T14:40:00.000Z";"2022-07-30T06:25:00.000Z";"2781";0.0356763105;0.0374902397;0.0348595059;0.0352258369;14077450.19;345758822.19;9815489205.92;"2022-07-30T23:59:59.999Z"
"2022-07-29T00:00:00.000Z";"2022-07-29T23:59:59.999Z";"2022-07-29T06:34:00.000Z";"2022-07-29T22:05:00.000Z";"2781";0.037265566;0.0378557185;0.0353271468;0.0356669159;16552271.62;350088187.69;9815488079.9;"2022-07-29T23:59:59.999Z"
"2022-07-28T00:00:00.000Z";"2022-07-28T23:59:59.999Z";"2022-07-28T03:01:00.000Z";"2022-07-28T14:02:00.000Z";"2781";0.0367590456;0.0379098162;0.0361449007;0.0372665671;19208727.27;365789547.67;9815488134.25;"2022-07-28T23:59:59.999Z"
"2022-07-27T00:00:00.000Z";"2022-07-27T23:59:59.999Z";"2022-07-27T01:52:00.000Z";"2022-07-27T17:59:00.000Z";"2781";0.035318646;0.0416884071;0.035040251;0.0367551269;30905268.54;360769511.3;9815488117.27;"2022-07-27T23:59:59.999Z"
"2022-07-26T00:00:00.000Z";"2022-07-26T23:59:59.999Z";"2022-07-26T23:59:00.000Z";"2022-07-26T13:17:00.000Z";"2781";0.0349891255;0.0352910944;0.0329198762;0.0352910944;14512487.74;346399305.97;9815487779.78;"2022-07-26T23:59:59.999Z"
"2022-07-25T00:00:00.000Z";"2022-07-25T23:59:59.999Z";"2022-07-25T00:02:00.000Z";"2022-07-25T23:59:00.000Z";"2781";0.0371742014;0.037200922;0.0349988307;0.0349988307;13592237.59;343530593.87;9815487732.1;"2022-07-25T23:59:59.999Z"
"2022-07-24T00:00:00.000Z";"2022-07-24T23:59:59.999Z";"2022-07-24T12:37:00.000Z";"2022-07-24T05:00:00.000Z";"2781";0.0379299035;0.0385310572;0.0367560569;0.0371742613;14684077.16;364883559.92;9815489195.98;"2022-07-24T23:59:59.999Z"
"2022-07-23T00:00:00.000Z";"2022-07-23T23:59:59.999Z";"2022-07-23T17:16:00.000Z";"2022-07-23T15:58:00.000Z";"2781";0.0380326553;0.0394523847;0.0361661705;0.0379296036;20071205.69;372297683.12;9815491005.89;"2022-07-23T23:59:59.999Z"
"2022-07-22T00:00:00.000Z";"2022-07-22T23:59:59.999Z";"2022-07-22T00:05:00.000Z";"2022-07-22T20:23:00.000Z";"2781";0.0398500774;0.0398928348;0.0377781054;0.0380378566;13278600.03;373360177.41;9815489385.81;"2022-07-22T23:59:59.999Z"
"2022-07-21T00:00:00.000Z";"2022-07-21T23:59:59.999Z";"2022-07-21T19:31:00.000Z";"2022-07-21T04:22:00.000Z";"2781";0.0392303339;0.0403673987;0.0376299156;0.0398400778;18583176.21;391049947.28;9815491559.5;"2022-07-21T23:59:59.999Z"
"2022-07-20T00:00:00.000Z";"2022-07-20T23:59:59.999Z";"2022-07-20T12:14:00.000Z";"2022-07-20T23:28:00.000Z";"2781";0.042999564;0.0440870112;0.0387540945;0.0392268862;23739597.44;385031113.25;9815490104.22;"2022-07-20T23:59:59.999Z"
"2022-07-19T00:00:00.000Z";"2022-07-19T23:59:59.999Z";"2022-07-19T00:00:00.000Z";"2022-07-19T08:43:00.000Z";"2781";0.04489495;0.04489495;0.0422974585;0.0430012588;18995770.6;422078354.7;9815488344.36;"2022-07-19T23:59:59.999Z"
"2022-07-18T00:00:00.000Z";"2022-07-18T23:59:59.999Z";"2022-07-18T16:53:00.000Z";"2022-07-18T01:03:00.000Z";"2781";0.0432515774;0.0468751171;0.0424404041;0.0448775859;25054365.31;440494100.71;9815458909.37;"2022-07-18T23:59:59.999Z"
"2022-07-17T00:00:00.000Z";"2022-07-17T23:59:59.999Z";"2022-07-17T12:34:00.000Z";"2022-07-17T20:11:00.000Z";"2781";0.0433515767;0.044976064;0.0426197089;0.0432550146;20423231.3;424567690.54;9815455944.01;"2022-07-17T23:59:59.999Z"
"2022-07-16T00:00:00.000Z";"2022-07-16T23:59:59.999Z";"2022-07-16T03:07:00.000Z";"2022-07-16T23:47:00.000Z";"2781";0.0501151071;0.0511031701;0.0432360974;0.043343548;40074061.59;425436671.18;9815455595.57;"2022-07-16T23:59:59.999Z"
"2022-07-15T00:00:00.000Z";"2022-07-15T23:59:59.999Z";"2022-07-15T22:52:00.000Z";"2022-07-15T01:34:00.000Z";"2781";0.0357836876;0.0525159263;0.0347085732;0.0500961555;71663430.28;491716550.34;9815454799.45;"2022-07-15T23:59:59.999Z"
"2022-07-14T00:00:00.000Z";"2022-07-14T23:59:59.999Z";"2022-07-14T00:02:00.000Z";"2022-07-14T11:43:00.000Z";"2781";0.0395944679;0.0396293572;0.0342105616;0.0357896896;21846056.19;351292060.34;9815454227.11;"2022-07-14T23:59:59.999Z"
"2022-07-13T00:00:00.000Z";"2022-07-13T23:59:59.999Z";"2022-07-13T05:53:00.000Z";"2022-07-13T13:34:00.000Z";"2781";0.0418814562;0.0429990318;0.0376105436;0.0395900302;25536645.35;388594066.61;9815452650.81;"2022-07-13T23:59:59.999Z"
"2022-07-12T00:00:00.000Z";"2022-07-12T23:59:59.999Z";"2022-07-12T00:01:00.000Z";"2022-07-12T23:58:00.000Z";"2781";0.0477131157;0.0478164741;0.0418352556;0.0418601698;25634726.75;410876485.31;9815451956.21;"2022-07-12T23:59:59.999Z"
"2022-07-11T00:00:00.000Z";"2022-07-11T23:59:59.999Z";"2022-07-11T00:04:00.000Z";"2022-07-11T23:49:00.000Z";"2781";0.0511916698;0.0516397626;0.0476593059;0.0477031856;18182507.18;468228336.28;9815452155.51;"2022-07-11T23:59:59.999Z"
"2022-07-10T00:00:00.000Z";"2022-07-10T23:59:59.999Z";"2022-07-10T03:13:00.000Z";"2022-07-10T00:31:00.000Z";"2781";0.0487343633;0.0538309975;0.0486614314;0.0511810872;40048584.5;502365552.34;9815452932.1;"2022-07-10T23:59:59.999Z"
"2022-07-09T00:00:00.000Z";"2022-07-09T23:59:59.999Z";"2022-07-09T11:28:00.000Z";"2022-07-09T02:55:00.000Z";"2781";0.0500153887;0.0500275796;0.0478088991;0.0487516088;22999509.99;478519148.3;9815453485.98;"2022-07-09T23:59:59.999Z"
"2022-07-08T00:00:00.000Z";"2022-07-08T23:59:59.999Z";"2022-07-08T00:05:00.000Z";"2022-07-08T19:19:00.000Z";"2781";0.0526136825;0.0528528927;0.0496761529;0.0500324304;25877081.42;491090993.02;9815453484.14;"2022-07-08T23:59:59.999Z"
"2022-07-07T00:00:00.000Z";"2022-07-07T23:59:59.999Z";"2022-07-07T15:16:00.000Z";"2022-07-07T11:17:00.000Z";"2781";0.0515760909;0.05651881;0.0489167289;0.0526168947;50033973.23;516458694.2;9815453707.42;"2022-07-07T23:59:59.999Z"
"2022-07-06T00:00:00.000Z";"2022-07-06T23:59:59.999Z";"2022-07-06T00:41:00.000Z";"2022-07-06T15:10:00.000Z";"2781";0.0570727368;0.0587672633;0.0484936412;0.0516000737;52320572.91;506478136.37;9815453736.64;"2022-07-06T23:59:59.999Z"
"2022-07-05T00:00:00.000Z";"2022-07-05T23:59:59.999Z";"2022-07-05T00:00:00.000Z";"2022-07-05T19:17:00.000Z";"2781";0.0644940919;0.0644940919;0.0552047984;0.0570766442;58561680.93;560233043.87;9815451691.79;"2022-07-05T23:59:59.999Z"
"2022-07-04T00:00:00.000Z";"2022-07-04T23:59:59.999Z";"2022-07-04T00:23:00.000Z";"2022-07-04T05:04:00.000Z";"2781";0.0656216578;0.0682538457;0.0628503856;0.0645308876;76004322.79;661720726.94;10254325515.55;"2022-07-04T23:59:59.999Z"
"2022-07-03T00:00:00.000Z";"2022-07-03T23:59:59.999Z";"2022-07-03T23:58:00.000Z";"2022-07-03T01:52:00.000Z";"2781";0.0566085814;0.0657459132;0.0551420012;0.0656049807;80395876.7;672734752.86;10254324383.58;"2022-07-03T23:59:59.999Z"
"2022-07-02T00:00:00.000Z";"2022-07-02T23:59:59.999Z";"2022-07-02T00:55:00.000Z";"2022-07-02T03:44:00.000Z";"2781";0.0636266331;0.0649493928;0.0539234086;0.056614173;166359782.49;580540096.28;10254324410.29;"2022-07-02T23:59:59.999Z"
"2022-07-01T00:00:00.000Z";"2022-07-01T23:59:59.999Z";"2022-07-01T23:04:00.000Z";"2022-07-01T17:37:00.000Z";"2781";0.0468062761;0.0696216503;0.0413621001;0.0635269212;174358602.68;651425658.39;10254324408.38;"2022-07-01T23:59:59.999Z"
"2022-06-30T00:00:00.000Z";"2022-06-30T23:59:59.999Z";"2022-06-30T00:01:00.000Z";"2022-06-30T23:23:00.000Z";"2781";0.0809772201;0.0812162401;0.0441473209;0.0468143029;199019652.97;480049046.92;10254324366.35;"2022-06-30T23:59:59.999Z"
"2022-06-29T00:00:00.000Z";"2022-06-29T23:59:59.999Z";"2022-06-29T04:44:00.000Z";"2022-06-29T00:50:00.000Z";"2781";0.0423204149;0.0896611345;0.0398600342;0.0810992699;438090914.25;831618218.29;10254324352.04;"2022-06-29T23:59:59.999Z"
"2022-06-28T00:00:00.000Z";"2022-06-28T23:59:59.999Z";"2022-06-28T10:19:00.000Z";"2022-06-28T02:18:00.000Z";"2781";0.0204360063;0.0589653298;0.0175232695;0.0421609148;175155205.19;432331635.88;10254322943.26;"2022-06-28T23:59:59.999Z"
"2022-06-27T00:00:00.000Z";"2022-06-27T23:59:59.999Z";"2022-06-27T12:10:00.000Z";"2022-06-27T03:20:00.000Z";"2781";0.0231901309;0.0431348859;0.0142250568;0.0204345089;87334520.2;209542045.49;10254322575.19;"2022-06-27T23:59:59.999Z"
"2022-06-26T00:00:00.000Z";"2022-06-26T23:59:59.999Z";"2022-06-26T23:40:00.000Z";"2022-06-26T00:00:00.000Z";"2781";0.00974089400268;0.0236279091;0.00974089400268;0.0231807375;32407771.57;237702686.32;10254319401.86;"2022-06-26T23:59:59.999Z"
"2022-06-25T00:00:00.000Z";"2022-06-25T23:59:59.999Z";"2022-06-25T14:55:00.000Z";"2022-06-25T02:15:00.000Z";"2781";0.0138982764;0.0155700944;0.00919067523578;0.0097378956415;13018569.71;99855471.24;10254317248.37;"2022-06-25T23:59:59.999Z"
"2022-06-24T00:00:00.000Z";"2022-06-24T23:59:59.999Z";"2022-06-24T13:20:00.000Z";"2022-06-24T00:16:00.000Z";"2781";0.00852836333062;0.0168202977;0.00849550331851;0.0138261759;15871852.73;141778064.79;10254322378.21;"2022-06-24T23:59:59.999Z"
"2022-06-23T00:00:00.000Z";"2022-06-23T23:59:59.999Z";"2022-06-23T11:29:00.000Z";"2022-06-23T00:03:00.000Z";"2781";0.00814895037607;0.00857165939211;0.0081428212794;0.00852588443549;9468493.68;87427159.86;10254321474.4;"2022-06-23T23:59:59.999Z"
"2022-06-22T00:00:00.000Z";"2022-06-22T23:59:59.999Z";"2022-06-22T19:01:00.000Z";"2022-06-22T08:07:00.000Z";"2781";0.00830832415829;0.00833525136522;0.00789546491803;0.00815104999671;8940943.67;83583494.75;10254322422.21;"2022-06-22T23:59:59.999Z"
"2022-06-21T00:00:00.000Z";"2022-06-21T23:59:59.999Z";"2022-06-21T17:01:00.000Z";"2022-06-21T00:48:00.000Z";"2781";0.0082307006675;0.0088290406463;0.0082094675044;0.00830731083396;12842078.93;85185887.49;10254327686.26;"2022-06-21T23:59:59.999Z"
"2022-06-20T00:00:00.000Z";"2022-06-20T23:59:59.999Z";"2022-06-20T15:49:00.000Z";"2022-06-20T01:47:00.000Z";"2781";0.00811116624306;0.00913043771337;0.00772661586544;0.00822689749996;15948069.92;84361307.02;10254328197.99;"2022-06-20T23:59:59.999Z"
"2022-06-19T00:00:00.000Z";"2022-06-19T23:59:59.999Z";"2022-06-19T20:01:00.000Z";"2022-06-19T06:07:00.000Z";"2781";0.00653989307473;0.00875479550795;0.00632977806917;0.00810706484103;18618341.77;83132508.47;10254328798.19;"2022-06-19T23:59:59.999Z"
"2022-06-18T00:00:00.000Z";"2022-06-18T23:59:59.999Z";"2022-06-18T01:16:00.000Z";"2022-06-18T20:54:00.000Z";"2781";0.00729004415624;0.00736332335114;0.00621758715353;0.00654014252513;13425949.76;67064783.59;10254330593.42;"2022-06-18T23:59:59.999Z"
"2022-06-17T00:00:00.000Z";"2022-06-17T23:59:59.999Z";"2022-06-17T11:06:00.000Z";"2022-06-17T00:06:00.000Z";"2781";0.00692792253033;0.00756353749526;0.00691078531143;0.00728935649753;14091598.27;74747471.07;10254330555.75;"2022-06-17T23:59:59.999Z"
"2022-06-16T00:00:00.000Z";"2022-06-16T23:59:59.999Z";"2022-06-16T01:31:00.000Z";"2022-06-16T23:55:00.000Z";"2781";0.00779134964865;0.00813855944258;0.0069180074333;0.0069287095021;12317780.7;71049278.61;10254330707.01;"2022-06-16T23:59:59.999Z"
"2022-06-15T00:00:00.000Z";"2022-06-15T23:59:59.999Z";"2022-06-15T01:56:00.000Z";"2022-06-15T18:14:00.000Z";"2781";0.00810698253917;0.00815698087403;0.00692545362639;0.00778882073367;11469426.07;79869154.77;10254332137.71;"2022-06-15T23:59:59.999Z"
"2022-06-14T00:00:00.000Z";"2022-06-14T23:59:59.999Z";"2022-06-14T07:56:00.000Z";"2022-06-14T02:33:00.000Z";"2781";0.00838062386407;0.00872321191681;0.00786191832524;0.00809887602316;9245974.01;83048583.21;10254334424.28;"2022-06-14T23:59:59.999Z"
"2022-06-13T00:00:00.000Z";"2022-06-13T23:59:59.999Z";"2022-06-13T00:00:00.000Z";"2022-06-13T09:10:00.000Z";"2781";0.00981927682434;0.00981927682434;0.00821004518994;0.00837839747653;22534520.22;85914889.6;10254334416.44;"2022-06-13T23:59:59.999Z"
"2022-06-12T00:00:00.000Z";"2022-06-12T23:59:59.999Z";"2022-06-12T14:40:00.000Z";"2022-06-12T05:20:00.000Z";"2781";0.00871992158208;0.0109599864;0.00808803300816;0.00982210315306;25632151.3;100719132.3;10254334608.63;"2022-06-12T23:59:59.999Z"
"2022-06-11T00:00:00.000Z";"2022-06-11T23:59:59.999Z";"2022-06-11T05:14:00.000Z";"2022-06-11T16:41:00.000Z";"2781";0.0097025098016;0.00997266493764;0.00863175960186;0.00872044770248;14758869.93;89422388.7;10254334611.03;"2022-06-11T23:59:59.999Z"
"2022-06-10T00:00:00.000Z";"2022-06-10T23:59:59.999Z";"2022-06-10T01:10:00.000Z";"2022-06-10T17:08:00.000Z";"2781";0.0114671056;0.0115777188;0.0096061831041;0.00969891356025;24815206.71;99455898.97;10254333988.11;"2022-06-10T23:59:59.999Z"
"2022-06-09T00:00:00.000Z";"2022-06-09T23:59:59.999Z";"2022-06-09T03:34:00.000Z";"2022-06-09T00:45:00.000Z";"2781";0.0097922922846;0.0119924047;0.00925720823021;0.0114657785;24601318.66;117573924.65;10254334170.62;"2022-06-09T23:59:59.999Z"
"2022-06-08T00:00:00.000Z";"2022-06-08T23:59:59.999Z";"2022-06-08T00:00:00.000Z";"2022-06-08T23:59:00.000Z";"2781";0.0134209049;0.0134209049;0.00979641272732;0.00979641272732;11499708.95;100455710.34;10254336269.4;"2022-06-08T23:59:59.999Z"
"2022-06-07T00:00:00.000Z";"2022-06-07T23:59:59.999Z";"2022-06-07T00:29:00.000Z";"2022-06-07T23:40:00.000Z";"2781";0.015778691;0.0161475138;0.0133461985;0.0134306932;10815115.02;137722864.12;10254337763.9;"2022-06-07T23:59:59.999Z"
"2022-06-06T00:00:00.000Z";"2022-06-06T23:59:59.999Z";"2022-06-06T11:52:00.000Z";"2022-06-06T17:07:00.000Z";"2781";0.0158944903;0.0172657237;0.015651707;0.0158009167;10907243.26;162027935.49;10254337674.59;"2022-06-06T23:59:59.999Z"
"2022-06-05T00:00:00.000Z";"2022-06-05T23:59:59.999Z";"2022-06-05T00:22:00.000Z";"2022-06-05T13:06:00.000Z";"2781";0.0182345505;0.0183753309;0.0156789712;0.0158962334;12834486.01;163005329.78;10254336683.94;"2022-06-05T23:59:59.999Z"
"2022-06-04T00:00:00.000Z";"2022-06-04T23:59:59.999Z";"2022-06-04T02:40:00.000Z";"2022-06-04T22:53:00.000Z";"2781";0.019335702;0.0197371914;0.0176678662;0.0182342364;11307782.69;186980000.19;10254336744.44;"2022-06-04T23:59:59.999Z"
"2022-06-03T00:00:00.000Z";"2022-06-03T23:59:59.999Z";"2022-06-03T05:25:00.000Z";"2022-06-03T19:21:00.000Z";"2781";0.0197581064;0.0213244846;0.0171840974;0.0193348669;26362402.38;198265316.52;10254289201.11;"2022-06-03T23:59:59.999Z"
"2022-06-02T00:00:00.000Z";"2022-06-02T23:59:59.999Z";"2022-06-02T16:58:00.000Z";"2022-06-02T11:27:00.000Z";"2781";0.0160532107;0.0204493118;0.0145408971;0.0199400038;24514329.09;204470573.42;10254289582.22;"2022-06-02T23:59:59.999Z"
"2022-06-01T00:00:00.000Z";"2022-06-01T23:59:59.999Z";"2022-06-01T01:11:00.000Z";"2022-06-01T20:46:00.000Z";"2781";0.0214448828;0.0217681336;0.0150495413;0.0160585789;23515716.24;164662899.71;10253889867.33;"2022-06-01T23:59:59.999Z"
"2022-05-31T00:00:00.000Z";"2022-05-31T23:59:59.999Z";"2022-05-31T08:27:00.000Z";"2022-05-31T20:16:00.000Z";"2781";0.0250502541;0.0262824167;0.0208536339;0.0214387755;28291419.88;219860174.18;10255257999.84;"2022-05-31T23:59:59.999Z"
"2022-05-30T00:00:00.000Z";"2022-05-30T23:59:59.999Z";"2022-05-30T09:04:00.000Z";"2022-05-30T23:44:00.000Z";"2781";0.026766207;0.0330076847;0.0250133936;0.0251129871;32885587.67;283248162.11;11278951456.02;"2022-05-30T23:59:59.999Z"
"2022-05-29T00:00:00.000Z";"2022-05-29T23:59:59.999Z";"2022-05-29T17:32:00.000Z";"2022-05-29T01:58:00.000Z";"2781";0.0286613565;0.0311450459;0.0233040673;0.0267680354;14038645.96;301915372.03;11278951456.02;"2022-05-29T23:59:59.999Z"
"2022-05-28T00:00:00.000Z";"2022-05-28T23:59:59.999Z";"2022-05-28T05:35:00.000Z";"2022-05-28T13:30:00.000Z";"2781";0.0400649131;0.0407343699;0.0184634112;0.0287857206;21456925.2;324672745.7;11278951456.02;"2022-05-28T23:59:59.999Z"
"2022-05-27T00:00:00.000Z";"2022-05-27T23:59:59.999Z";"2022-05-27T00:01:00.000Z";"2022-05-27T14:34:00.000Z";"2781";0.0639924745;0.0640047795;0.0327653116;0.034802328;27457467.57;392533767.76;11278951456.02;"2022-05-27T23:59:59.999Z"
"2022-05-26T00:00:00.000Z";"2022-05-26T23:59:59.999Z";"2022-05-26T20:01:00.000Z";"2022-05-26T19:47:00.000Z";"2781";0.0947318704;0.5347333264;0.0480050561;0.0639185844;117938242.93;720934610.89;11278951456.02;"2022-05-26T23:59:59.999Z"
"2022-05-25T00:00:00.000Z";"2022-05-25T23:59:59.999Z";"2022-05-25T02:52:00.000Z";"2022-05-25T06:13:00.000Z";"2781";0.0696075393;0.3220597767;0.0675497678;0.0946309574;174553602.27;1067337974.26;11278951456.02;"2022-05-25T23:59:59.999Z"
"2022-05-24T00:00:00.000Z";"2022-05-24T23:59:59.999Z";"2022-05-24T07:58:00.000Z";"2022-05-24T14:15:00.000Z";"2781";0.0712223008;0.092502106;0.0617085284;0.0700031884;59529498.26;789562563.96;11278951456.02;"2022-05-24T23:59:59.999Z"
"2022-05-23T00:00:00.000Z";"2022-05-23T23:59:59.999Z";"2022-05-23T06:11:00.000Z";"2022-05-23T20:41:00.000Z";"2781";0.064276794;0.0824094089;0.0544623965;0.0713703654;90652769.19;804982886.23;11278951456.02;"2022-05-23T23:59:59.999Z"
"2022-05-22T00:00:00.000Z";"2022-05-22T23:59:59.999Z";"2022-05-22T23:17:00.000Z";"2022-05-22T16:34:00.000Z";"2781";0.057527891;0.0734598186;0.0510670847;0.0642898776;78643834.72;725122408.94;11278951456.02;"2022-05-22T23:59:59.999Z"
"2022-05-21T00:00:00.000Z";"2022-05-21T23:59:59.999Z";"2022-05-21T00:00:00.000Z";"2022-05-21T16:59:00.000Z";"2781";0.0662138118;0.0662138118;0.0508638896;0.0564823382;45170671.07;637061550.5;11278951456.02;"2022-05-21T23:59:59.999Z"
"2022-05-20T00:00:00.000Z";"2022-05-20T23:59:59.999Z";"2022-05-20T06:49:00.000Z";"2022-05-20T18:18:00.000Z";"2781";0.0760627157;0.0917232545;0.0613048098;0.0662651898;59116608.94;747401859.37;11278951456.02;"2022-05-20T23:59:59.999Z"
"2022-05-19T00:00:00.000Z";"2022-05-19T23:59:59.999Z";"2022-05-19T01:51:00.000Z";"2022-05-19T23:59:00.000Z";"2781";0.090991963;0.1151204375;0.0760132641;0.0760132641;102877376.62;857349915.44;11278951456.02;"2022-05-19T23:59:59.999Z"
"2022-05-18T00:00:00.000Z";"2022-05-18T23:59:59.999Z";"2022-05-18T10:48:00.000Z";"2022-05-18T13:26:00.000Z";"2781";0.1303105382;0.3141554762;0.0878416006;0.0909607345;173247622.39;1025941708.65;11278951456.02;"2022-05-18T23:59:59.999Z"
"2022-05-17T00:00:00.000Z";"2022-05-17T23:59:59.999Z";"2022-05-17T14:22:00.000Z";"2022-05-17T17:27:00.000Z";"2781";0.126538844;0.1562253088;0.1077725402;0.1303085395;264405278.25;1469737372.87;11278902971.5;"2022-05-17T23:59:59.999Z"
"2022-05-16T00:00:00.000Z";"2022-05-16T23:59:59.999Z";"2022-05-16T01:53:00.000Z";"2022-05-16T15:35:00.000Z";"2781";0.1766446508;0.1865603044;0.0943984843;0.1264341168;389081589.11;1426014746.85;11278717986.17;"2022-05-16T23:59:59.999Z"
"2022-05-15T00:00:00.000Z";"2022-05-15T23:59:59.999Z";"2022-05-15T01:49:00.000Z";"2022-05-15T19:10:00.000Z";"2781";0.1959699568;0.2612735907;0.1703483296;0.1766571167;335182961.78;1992612012.08;11279545647.81;"2022-05-15T23:59:59.999Z"
"2022-05-14T00:00:00.000Z";"2022-05-14T23:59:59.999Z";"2022-05-14T01:54:00.000Z";"2022-05-14T05:07:00.000Z";"2781";0.1618572105;0.2552401577;0.1482679799;0.1964422567;376460753.48;2215840019.83;11279854228.37;"2022-05-14T23:59:59.999Z"
"2022-05-13T00:00:00.000Z";"2022-05-13T23:59:59.999Z";"2022-05-13T00:04:00.000Z";"2022-05-13T21:02:00.000Z";"2781";0.4055388492;0.4069172561;0.1331373446;0.1540016054;1285921756.32;1737134085.7;11279973873.57;"2022-05-13T23:59:59.999Z"
"2022-05-12T00:00:00.000Z";"2022-05-12T23:59:59.999Z";"2022-05-12T01:11:00.000Z";"2022-05-12T19:19:00.000Z";"2781";0.8010580677;0.8294027793;0.3625992737;0.4085840617;9392162782.86;4698474198.47;11499406460.16;"2022-05-12T23:59:59.999Z"
"2022-05-11T00:00:00.000Z";"2022-05-11T23:59:59.999Z";"2022-05-11T03:09:00.000Z";"2022-05-11T07:45:00.000Z";"2781";0.7993720717;0.8474204694;0.2998376946;0.8011371728;7679819163.74;10718072198.98;13378573061.5;"2022-05-11T23:59:59.999Z"
"2022-05-10T00:00:00.000Z";"2022-05-10T23:59:59.999Z";"2022-05-10T13:36:00.000Z";"2022-05-10T00:33:00.000Z";"2781";0.8059477735;0.9485540572;0.6840810918;0.7999187904;4905955010.55;14029065946.2;17538112761.42;"2022-05-10T23:59:59.999Z"
"2022-05-09T00:00:00.000Z";"2022-05-09T23:59:59.999Z";"2022-05-09T04:16:00.000Z";"2022-05-09T23:59:00.000Z";"2781";0.9954269124;0.999014246;0.7933928223;0.7933928223;2809970940.59;14761644204.78;18605719372.6;"2022-05-09T23:59:59.999Z"
"2022-05-08T00:00:00.000Z";"2022-05-08T23:59:59.999Z";"2022-05-08T05:41:00.000Z";"2022-05-08T01:53:00.000Z";"2781";0.9969072659;0.9996511897;0.9905025779;0.9964005505;2025913193.34;18644841335.34;18712194935.24;"2022-05-08T23:59:59.999Z"
"2022-05-07T00:00:00.000Z";"2022-05-07T23:59:59.999Z";"2022-05-07T13:40:00.000Z";"2022-05-07T22:52:00.000Z";"2781";0.9998871427;1.0024613296;0.9927316435;0.9968681918;1335178681.4;18710784797.59;18769567483.87;"2022-05-07T23:59:59.999Z"
"2022-05-06T00:00:00.000Z";"2022-05-06T23:59:59.999Z";"2022-05-06T12:25:00.000Z";"2022-05-06T11:07:00.000Z";"2781";0.9998282071;1.002500267;0.9980883924;0.9996239635;649583067.18;18725628552.98;18732672722.13;"2022-05-06T23:59:59.999Z"
"2022-05-05T00:00:00.000Z";"2022-05-05T23:59:59.999Z";"2022-05-05T15:13:00.000Z";"2022-05-05T06:05:00.000Z";"2781";1.0007405245;1.0033273897;0.9978566031;0.9995462775;733858936.49;18665386427.8;18673859178.2;"2022-05-05T23:59:59.999Z"
"2022-05-04T00:00:00.000Z";"2022-05-04T23:59:59.999Z";"2022-05-04T06:12:00.000Z";"2022-05-04T19:22:00.000Z";"2781";1.000025288;1.0024822246;0.9965937234;0.9993654593;612280606.5;18661379618.16;18673228542.18;"2022-05-04T23:59:59.999Z"
"2022-05-03T00:00:00.000Z";"2022-05-03T23:59:59.999Z";"2022-05-03T11:44:00.000Z";"2022-05-03T13:01:00.000Z";"2781";0.9989472223;1.002383468;0.9980859556;1.0002442498;453049346.2;18651265447.36;18646710991.45;"2022-05-03T23:59:59.999Z"
"2022-05-02T00:00:00.000Z";"2022-05-02T23:59:59.999Z";"2022-05-02T21:35:00.000Z";"2022-05-02T14:19:00.000Z";"2781";1.0015663983;1.002737341;0.9980469768;1.0013999615;574239250.68;18633096653.68;18607047503.01;"2022-05-02T23:59:59.999Z"
"2022-05-01T00:00:00.000Z";"2022-05-01T23:59:59.999Z";"2022-05-01T22:18:00.000Z";"2022-05-01T06:19:00.000Z";"2781";0.9997794183;1.0025585909;0.9975788445;1.001649225;566644084.58;18562618479.69;18532054951.13;"2022-05-01T23:59:59.999Z"
"2022-04-30T00:00:00.000Z";"2022-04-30T23:59:59.999Z";"2022-04-30T17:42:00.000Z";"2022-04-30T17:25:00.000Z";"2781";1.0010729894;1.0028446681;0.9978930185;0.9995667392;547686207.19;18482727595.39;18490738906.87;"2022-04-30T23:59:59.999Z"
"2022-04-29T00:00:00.000Z";"2022-04-29T23:59:59.999Z";"2022-04-29T03:19:00.000Z";"2022-04-29T07:20:00.000Z";"2781";1.0017245984;1.0027694455;0.9975550383;1.0009742026;560980549.47;18478863507.95;18460878871.88;"2022-04-29T23:59:59.999Z"
"2022-04-28T00:00:00.000Z";"2022-04-28T23:59:59.999Z";"2022-04-28T00:37:00.000Z";"2022-04-28T08:12:00.000Z";"2781";1.0005502532;1.0025943383;0.9983475089;1.0017508884;521840224.55;18484175552.85;18451868390.81;"2022-04-28T23:59:59.999Z"
"2022-04-27T00:00:00.000Z";"2022-04-27T23:59:59.999Z";"2022-04-27T12:46:00.000Z";"2022-04-27T05:24:00.000Z";"2781";1.0014640053;1.0030028217;0.99836109;1.0020869113;628471362.27;18468046831.77;18429585921.36;"2022-04-27T23:59:59.999Z"
"2022-04-26T00:00:00.000Z";"2022-04-26T23:59:59.999Z";"2022-04-26T01:15:00.000Z";"2022-04-26T20:05:00.000Z";"2781";1.0022785467;1.00304959;0.9981818344;1.0005103175;669584311.74;18356952383.08;18347589286.81;"2022-04-26T23:59:59.999Z"
"2022-04-25T00:00:00.000Z";"2022-04-25T23:59:59.999Z";"2022-04-25T00:57:00.000Z";"2022-04-25T12:53:00.000Z";"2781";1.0011705868;1.0032164225;0.9982270814;1.0016830297;707655893.39;18274150903.1;18243446640.21;"2022-04-25T23:59:59.999Z"
"2022-04-24T00:00:00.000Z";"2022-04-24T23:59:59.999Z";"2022-04-24T14:50:00.000Z";"2022-04-24T22:53:00.000Z";"2781";1.0026515295;1.003690391;0.9992768738;1.0013720466;287766061.65;18170083022.69;18145186980.68;"2022-04-24T23:59:59.999Z"
"2022-04-23T00:00:00.000Z";"2022-04-23T23:59:59.999Z";"2022-04-23T03:36:00.000Z";"2022-04-23T23:24:00.000Z";"2781";1.0010871784;1.0036271919;0.999495335;1.0021282082;325842114.56;18132167386.97;18093660309.94;"2022-04-23T23:59:59.999Z"
"2022-04-22T00:00:00.000Z";"2022-04-22T23:59:59.999Z";"2022-04-22T18:45:00.000Z";"2022-04-22T19:27:00.000Z";"2781";1.0020781872;1.00372106;0.9995442344;1.0011523073;567613598.16;18023222420.44;18002478033.76;"2022-04-22T23:59:59.999Z"
"2022-04-21T00:00:00.000Z";"2022-04-21T23:59:59.999Z";"2022-04-21T00:59:00.000Z";"2022-04-21T13:40:00.000Z";"2781";1.0031609023;1.0037077464;1.0013012414;1.0021938184;618505118.36;17930175227.35;17890925785.11;"2022-04-21T23:59:59.999Z"
"2022-04-20T00:00:00.000Z";"2022-04-20T23:59:59.999Z";"2022-04-20T21:27:00.000Z";"2022-04-20T15:04:00.000Z";"2781";1.0020317834;1.0036924889;1.0013723693;1.0031998576;518858156.42;17837135749.56;17780241508.61;"2022-04-20T23:59:59.999Z"
"2022-04-19T00:00:00.000Z";"2022-04-19T23:59:59.999Z";"2022-04-19T22:34:00.000Z";"2022-04-19T09:28:00.000Z";"2781";1.0024522332;1.0032248928;1.0012018428;1.0020581598;483251710.78;17705464647.89;17669098819.02;"2022-04-19T23:59:59.999Z"
"2022-04-18T00:00:00.000Z";"2022-04-18T23:59:59.999Z";"2022-04-18T17:56:00.000Z";"2022-04-18T04:25:00.000Z";"2781";1.0015659434;1.0030125474;1.0008739686;1.0024578757;607009918.53;17585064023.62;17541948095.24;"2022-04-18T23:59:59.999Z"
"2022-04-17T00:00:00.000Z";"2022-04-17T23:59:59.999Z";"2022-04-17T13:45:00.000Z";"2022-04-17T23:28:00.000Z";"2781";1.0023841584;1.0028533572;1.0010355599;1.0013975156;234591988.6;17458956520.31;17434591406.92;"2022-04-17T23:59:59.999Z"
"2022-04-16T00:00:00.000Z";"2022-04-16T23:59:59.999Z";"2022-04-16T22:26:00.000Z";"2022-04-16T06:01:00.000Z";"2781";1.0017166074;1.0030495847;1.0010185006;1.002427706;204733777.53;17358702187.44;17316662422.42;"2022-04-16T23:59:59.999Z"
"2022-04-15T00:00:00.000Z";"2022-04-15T23:59:59.999Z";"2022-04-15T08:16:00.000Z";"2022-04-15T10:53:00.000Z";"2781";1.0009615082;1.0023177688;1.0005071537;1.0015857475;311283166.22;17226313555.43;17199040220.03;"2022-04-15T23:59:59.999Z"
"2022-04-14T00:00:00.000Z";"2022-04-14T23:59:59.999Z";"2022-04-14T18:04:00.000Z";"2022-04-14T15:18:00.000Z";"2781";1.0006000322;1.0018516934;0.9997125188;1.0009429535;478484325.38;17097697153.14;17081590008.25;"2022-04-14T23:59:59.999Z"
"2022-04-13T00:00:00.000Z";"2022-04-13T23:59:59.999Z";"2022-04-13T19:06:00.000Z";"2022-04-13T10:52:00.000Z";"2781";1.000522267;1.0018454945;0.9999744097;1.0008891607;448059621.44;16979088465.02;16964004738.53;"2022-04-13T23:59:59.999Z"
"2022-04-12T00:00:00.000Z";"2022-04-12T23:59:59.999Z";"2022-04-12T08:56:00.000Z";"2022-04-12T14:14:00.000Z";"2781";1.0003889719;1.0012146338;0.9996461177;1.0004742008;642464357.76;16853347810.92;16845359728.33;"2022-04-12T23:59:59.999Z"
"2022-04-11T00:00:00.000Z";"2022-04-11T23:59:59.999Z";"2022-04-11T12:18:00.000Z";"2022-04-11T15:32:00.000Z";"2781";1.0004177623;1.0012957182;0.9995514535;1.0003393291;897998116.65;16747423876.69;16741742916.86;"2022-04-11T23:59:59.999Z"
"2022-04-10T00:00:00.000Z";"2022-04-10T23:59:59.999Z";"2022-04-10T18:15:00.000Z";"2022-04-10T23:03:00.000Z";"2781";1.0005945451;1.0015252764;0.9998224288;1.0001375445;363203923.85;16726897758.82;16724597382.3;"2022-04-10T23:59:59.999Z"
"2022-04-09T00:00:00.000Z";"2022-04-09T23:59:59.999Z";"2022-04-09T17:04:00.000Z";"2022-04-09T15:36:00.000Z";"2781";1.0001046569;1.0011134489;0.9997296189;1.0003059336;436070423.21;16730417964.54;16725301133.21;"2022-04-09T23:59:59.999Z"
"2022-04-08T00:00:00.000Z";"2022-04-08T23:59:59.999Z";"2022-04-08T14:07:00.000Z";"2022-04-08T16:15:00.000Z";"2781";1.0001798125;1.0008032758;0.9994533457;1.0001910494;636053051.58;16735530255.94;16732333554.18;"2022-04-08T23:59:59.999Z"
"2022-04-07T00:00:00.000Z";"2022-04-07T23:59:59.999Z";"2022-04-07T04:13:00.000Z";"2022-04-07T00:53:00.000Z";"2781";1.0002448514;1.0022200278;0.9980189785;1.0001217443;445409899.78;16727044000.34;16725007826.66;"2022-04-07T23:59:59.999Z"
"2022-04-06T00:00:00.000Z";"2022-04-06T23:59:59.999Z";"2022-04-06T16:10:00.000Z";"2022-04-06T03:52:00.000Z";"2781";0.9983627204;1.0030675422;0.997696312;1.0003108463;744433415.24;16724620818.65;16719423648.36;"2022-04-06T23:59:59.999Z"
"2022-04-05T00:00:00.000Z";"2022-04-05T23:59:59.999Z";"2022-04-05T02:29:00.000Z";"2022-04-05T15:51:00.000Z";"2781";1.0005068334;1.0026788785;0.9976214888;0.998398637;562424018.22;16658936299.82;16685656092.52;"2022-04-05T23:59:59.999Z"
"2022-04-04T00:00:00.000Z";"2022-04-04T23:59:59.999Z";"2022-04-04T13:43:00.000Z";"2022-04-04T16:02:00.000Z";"2781";0.9998861778;1.0027473865;0.9962660744;1.0005008242;589731894;16629486794.72;16621162513.75;"2022-04-04T23:59:59.999Z"
"2022-04-03T00:00:00.000Z";"2022-04-03T23:59:59.999Z";"2022-04-03T04:13:00.000Z";"2022-04-03T23:02:00.000Z";"2781";1.0001218018;1.0030803038;0.9990440862;0.9999548162;325606707.7;16556192139.43;16556940245.13;"2022-04-03T23:59:59.999Z"
"2022-04-02T00:00:00.000Z";"2022-04-02T23:59:59.999Z";"2022-04-02T23:46:00.000Z";"2022-04-02T11:44:00.000Z";"2781";1.0020376319;1.0028057322;0.9985848433;1.0000884905;498511220.23;16495019547.36;16493560023.4;"2022-04-02T23:59:59.999Z"
"2022-04-01T00:00:00.000Z";"2022-04-01T23:59:59.999Z";"2022-04-01T13:04:00.000Z";"2022-04-01T18:38:00.000Z";"2781";1.0013845299;1.0025644346;0.998939426;1.0020146923;488655865.67;16478569358.21;16445436863.34;"2022-04-01T23:59:59.999Z"
"2022-03-31T00:00:00.000Z";"2022-03-31T23:59:59.999Z";"2022-03-31T00:42:00.000Z";"2022-03-31T03:07:00.000Z";"2781";1.0017211066;1.0023327158;0.9986169881;1.0012545364;563578452.17;16409440628.78;16388880182.06;"2022-03-31T23:59:59.999Z"
"2022-03-30T00:00:00.000Z";"2022-03-30T23:59:59.999Z";"2022-03-30T05:39:00.000Z";"2022-03-30T08:07:00.000Z";"2781";1.0002241772;1.0030711415;0.9983835975;1.0017004576;417047341.79;16359816394.2;16332044445.87;"2022-03-30T23:59:59.999Z"
"2022-03-29T00:00:00.000Z";"2022-03-29T23:59:59.999Z";"2022-03-29T16:44:00.000Z";"2022-03-29T09:07:00.000Z";"2781";0.9989247252;1.0017743594;0.9978385018;1.0002302988;613330179.48;16285161016.23;16281411426.15;"2022-03-29T23:59:59.999Z"
"2022-03-28T00:00:00.000Z";"2022-03-28T23:59:59.999Z";"2022-03-28T13:16:00.000Z";"2022-03-28T05:41:00.000Z";"2781";0.999455458;1.0025678258;0.997431111;0.9990212692;673564160.21;16220732654.06;16236623938.67;"2022-03-28T23:59:59.999Z"
"2022-03-27T00:00:00.000Z";"2022-03-27T23:59:59.999Z";"2022-03-27T08:47:00.000Z";"2022-03-27T22:49:00.000Z";"2781";1.0002077196;1.0033869222;0.9984879772;0.9993304662;361288465.29;16173236211.67;16184071994.34;"2022-03-27T23:59:59.999Z"
"2022-03-26T00:00:00.000Z";"2022-03-26T23:59:59.999Z";"2022-03-26T19:00:00.000Z";"2022-03-26T05:23:00.000Z";"2781";1.0020882162;1.0024894898;0.9988654824;1.0002419618;246370040.77;16104522365.07;16100626628.41;"2022-03-26T23:59:59.999Z"
"2022-03-25T00:00:00.000Z";"2022-03-25T23:59:59.999Z";"2022-03-25T13:33:00.000Z";"2022-03-25T08:08:00.000Z";"2781";0.9999004439;1.0035244565;0.9988799514;1.0018580085;511050758.1;15997292361.82;15967624379.83;"2022-03-25T23:59:59.999Z"
"2022-03-24T00:00:00.000Z";"2022-03-24T23:59:59.999Z";"2022-03-24T09:02:00.000Z";"2022-03-24T21:14:00.000Z";"2781";1.0008336293;1.0064981725;0.9989275386;0.9998767518;572380256.11;15849012926.65;15850966529.83;"2022-03-24T23:59:59.999Z"
"2022-03-23T00:00:00.000Z";"2022-03-23T23:59:59.999Z";"2022-03-23T08:31:00.000Z";"2022-03-23T17:51:00.000Z";"2781";1.0018681454;1.0042699473;0.999416089;1.0009285554;465299561.28;15707662227.07;15693090323.51;"2022-03-23T23:59:59.999Z"
"2022-03-22T00:00:00.000Z";"2022-03-22T23:59:59.999Z";"2022-03-22T22:33:00.000Z";"2022-03-22T00:46:00.000Z";"2781";1.0011534257;1.0043213511;1.0002591545;1.0018552799;512747682.35;15652053290.82;15623068126.84;"2022-03-22T23:59:59.999Z"
"2022-03-21T00:00:00.000Z";"2022-03-21T23:59:59.999Z";"2022-03-21T03:37:00.000Z";"2022-03-21T04:02:00.000Z";"2781";1.0038071514;1.005519796;0.9977395459;1.0012536395;519038342.29;15521020895.31;15501587493.64;"2022-03-21T23:59:59.999Z"
"2022-03-20T00:00:00.000Z";"2022-03-20T23:59:59.999Z";"2022-03-20T16:38:00.000Z";"2022-03-20T05:01:00.000Z";"2781";1.0039126365;1.0054891764;1.0005585104;1.0037573009;330755661.22;15439586892.3;15381792868.53;"2022-03-20T23:59:59.999Z"
"2022-03-19T00:00:00.000Z";"2022-03-19T23:59:59.999Z";"2022-03-19T00:40:00.000Z";"2022-03-19T17:30:00.000Z";"2781";1.0031656893;1.0060580128;1.00149938;1.0039368276;373394667.03;15350395283.68;15290200400.69;"2022-03-19T23:59:59.999Z"
"2022-03-18T00:00:00.000Z";"2022-03-18T23:59:59.999Z";"2022-03-18T23:13:00.000Z";"2022-03-18T12:19:00.000Z";"2781";1.003812645;1.005986615;0.9994852811;1.0032281294;496104164.29;15285295122.59;15236110984.48;"2022-03-18T23:59:59.999Z"
"2022-03-17T00:00:00.000Z";"2022-03-17T23:59:59.999Z";"2022-03-17T00:03:00.000Z";"2022-03-17T13:37:00.000Z";"2781";1.0034083909;1.0055362984;1.0013774068;1.0037422843;467567794.06;15173319304.94;15116748136.02;"2022-03-17T23:59:59.999Z"
"2022-03-16T00:00:00.000Z";"2022-03-16T23:59:59.999Z";"2022-03-16T22:04:00.000Z";"2022-03-16T09:36:00.000Z";"2781";1.0030002934;1.005530852;1.0006303413;1.0034472028;660889303.34;15037400450.45;14985741560.72;"2022-03-16T23:59:59.999Z"
"2022-03-15T00:00:00.000Z";"2022-03-15T23:59:59.999Z";"2022-03-15T15:22:00.000Z";"2022-03-15T08:05:00.000Z";"2781";1.0038945751;1.0040085196;1.0020752974;1.003192742;626360709.9;14894014971.98;14846613564.61;"2022-03-15T23:59:59.999Z"
"2022-03-14T00:00:00.000Z";"2022-03-14T23:59:59.999Z";"2022-03-14T22:51:00.000Z";"2022-03-14T00:15:00.000Z";"2781";1.0029768036;1.0050658655;1.001912779;1.0040185965;459954662.4;14746179968.19;14687158206.14;"2022-03-14T23:59:59.999Z"
"2022-03-13T00:00:00.000Z";"2022-03-13T23:59:59.999Z";"2022-03-13T01:08:00.000Z";"2022-03-13T22:52:00.000Z";"2781";1.0029130649;1.0038251647;1.0023406516;1.0029407464;395456371.34;14658438075.21;14615457720.3;"2022-03-13T23:59:59.999Z"
"2022-03-12T00:00:00.000Z";"2022-03-12T23:59:59.999Z";"2022-03-12T08:00:00.000Z";"2022-03-12T17:14:00.000Z";"2781";1.0041012707;1.0066098386;1.0023980824;1.0029279551;350360633.68;14576597586.7;14534042562.94;"2022-03-12T23:59:59.999Z"
"2022-03-11T00:00:00.000Z";"2022-03-11T23:59:59.999Z";"2022-03-11T07:27:00.000Z";"2022-03-11T14:02:00.000Z";"2781";1.0050864761;1.0075068099;1.0007693775;1.0039838358;505556920.18;14459066128.17;14401692151.5;"2022-03-11T23:59:59.999Z"
"2022-03-10T00:00:00.000Z";"2022-03-10T23:59:59.999Z";"2022-03-10T15:19:00.000Z";"2022-03-10T05:11:00.000Z";"2781";1.005169873;1.0071536162;0.9988908183;1.0050155578;655263726.9;14328916066.93;14257407216.61;"2022-03-10T23:59:59.999Z"
"2022-03-09T00:00:00.000Z";"2022-03-09T23:59:59.999Z";"2022-03-09T17:59:00.000Z";"2022-03-09T13:10:00.000Z";"2781";1.0036837014;1.0072275133;0.9995961798;1.0051898856;843844881.03;14182185937.51;14108962038.08;"2022-03-09T23:59:59.999Z"
"2022-03-08T00:00:00.000Z";"2022-03-08T23:59:59.999Z";"2022-03-08T13:25:00.000Z";"2022-03-08T09:49:00.000Z";"2781";0.9984114306;1.0096271003;0.9753916741;1.0036071459;537500440.72;14017779757.49;13967397317.13;"2022-03-08T23:59:59.999Z"
"2022-03-07T00:00:00.000Z";"2022-03-07T23:59:59.999Z";"2022-03-07T15:55:00.000Z";"2022-03-07T21:32:00.000Z";"2781";1.0037039361;1.0131145105;0.9916288063;0.9985065519;569446274.21;13796677904.61;13817313345.13;"2022-03-07T23:59:59.999Z"
"2022-03-06T00:00:00.000Z";"2022-03-06T23:59:59.999Z";"2022-03-06T19:55:00.000Z";"2022-03-06T10:04:00.000Z";"2781";1.006591168;1.0091436299;0.9991321917;1.0038029443;415314313.33;13742731104.61;13690666263.7;"2022-03-06T23:59:59.999Z"
"2022-03-05T00:00:00.000Z";"2022-03-05T23:59:59.999Z";"2022-03-05T02:11:00.000Z";"2022-03-05T15:57:00.000Z";"2781";1.0061514515;1.0081345798;1.001327246;1.0065574183;495548043.03;13652019457.63;13563080663.72;"2022-03-05T23:59:59.999Z"
"2022-03-04T00:00:00.000Z";"2022-03-04T23:59:59.999Z";"2022-03-04T17:17:00.000Z";"2022-03-04T08:36:00.000Z";"2781";1.0051815026;1.0098487551;0.9982825214;1.0061764472;663641731;13522812233.39;13439802005.52;"2022-03-04T23:59:59.999Z"
"2022-03-03T00:00:00.000Z";"2022-03-03T23:59:59.999Z";"2022-03-03T15:55:00.000Z";"2022-03-03T18:46:00.000Z";"2781";1.0034243686;1.0084178845;0.9988164757;1.0049040948;698973210.78;13373711105.06;13308445228.25;"2022-03-03T23:59:59.999Z"
"2022-03-02T00:00:00.000Z";"2022-03-02T23:59:59.999Z";"2022-03-02T01:18:00.000Z";"2022-03-02T18:02:00.000Z";"2781";1.0028794967;1.0058447948;0.9990553402;1.0033929328;639513825.05;13219509072.59;13174807835.01;"2022-03-02T23:59:59.999Z"
"2022-03-01T00:00:00.000Z";"2022-03-01T23:59:59.999Z";"2022-03-01T18:52:00.000Z";"2022-03-01T11:56:00.000Z";"2781";1.003379871;1.0054573286;0.9994271682;1.00286974;673678439.9;13073665688.7;13036255026.53;"2022-03-01T23:59:59.999Z"
"2022-02-28T00:00:00.000Z";"2022-02-28T23:59:59.999Z";"2022-02-28T23:08:00.000Z";"2022-02-28T16:13:00.000Z";"2781";1.0039294028;1.0065105245;0.9998136803;1.0033419995;626887848.66;12967430321.85;12924237526.72;"2022-02-28T23:59:59.999Z"
"2022-02-27T00:00:00.000Z";"2022-02-27T23:59:59.999Z";"2022-02-27T09:48:00.000Z";"2022-02-27T13:46:00.000Z";"2781";1.0037083841;1.0055774225;0.996761705;1.0039139117;347270034.49;12872208310.72;12822024040.32;"2022-02-27T23:59:59.999Z"
"2022-02-26T00:00:00.000Z";"2022-02-26T23:59:59.999Z";"2022-02-26T16:52:00.000Z";"2022-02-26T08:55:00.000Z";"2781";1.0034736237;1.0059152372;0.9996976059;1.0037595351;487883181.24;12735970414.76;12688268423.71;"2022-02-26T23:59:59.999Z"
"2022-02-25T00:00:00.000Z";"2022-02-25T23:59:59.999Z";"2022-02-25T02:08:00.000Z";"2022-02-25T00:46:00.000Z";"2781";1.0005666959;1.0150341802;1.0000462556;1.0034683897;589360458.46;12618554684.2;12574939892.15;"2022-02-25T23:59:59.999Z"
"2022-02-24T00:00:00.000Z";"2022-02-24T23:59:59.999Z";"2022-02-24T10:57:00.000Z";"2022-02-24T15:24:00.000Z";"2781";1.0044851987;1.0127498336;0.9910138303;1.0007943162;815186444.71;12466126563.7;12456232376.23;"2022-02-24T23:59:59.999Z"
"2022-02-23T00:00:00.000Z";"2022-02-23T23:59:59.999Z";"2022-02-23T06:19:00.000Z";"2022-02-23T18:13:00.000Z";"2781";1.0047584583;1.0075545378;0.9992736851;1.0043469626;504447657.55;12361418287.52;12307916236.29;"2022-02-23T23:59:59.999Z"
"2022-02-22T00:00:00.000Z";"2022-02-22T23:59:59.999Z";"2022-02-22T02:01:00.000Z";"2022-02-22T16:22:00.000Z";"2781";1.0020642745;1.0075754724;0.9983868966;1.0047103994;417702652.04;12264099728.64;12206601759.48;"2022-02-22T23:59:59.999Z"
"2022-02-21T00:00:00.000Z";"2022-02-21T23:59:59.999Z";"2022-02-21T14:48:00.000Z";"2022-02-21T11:44:00.000Z";"2781";1.0002384471;1.0100231425;0.9987668711;1.0020054976;446456030.9;12157283586.08;12132950981.75;"2022-02-21T23:59:59.999Z"
"2022-02-20T00:00:00.000Z";"2022-02-20T23:59:59.999Z";"2022-02-20T06:04:00.000Z";"2022-02-20T15:26:00.000Z";"2781";1.0036595035;1.0079214168;0.9988158116;1.0003686232;323113696.79;12073172506.85;12068723695.39;"2022-02-20T23:59:59.999Z"
"2022-02-19T00:00:00.000Z";"2022-02-19T23:59:59.999Z";"2022-02-19T11:37:00.000Z";"2022-02-19T16:40:00.000Z";"2781";1.0042488649;1.0050719321;0.9988640411;1.0037305338;273702124.56;12084762647.75;12039847589.51;"2022-02-19T23:59:59.999Z"
"2022-02-18T00:00:00.000Z";"2022-02-18T23:59:59.999Z";"2022-02-18T21:51:00.000Z";"2022-02-18T02:20:00.000Z";"2781";1.0013699953;1.0060576907;0.9993234017;1.0041646555;397256617.28;11983882945.19;11934181191.37;"2022-02-18T23:59:59.999Z"
"2022-02-17T00:00:00.000Z";"2022-02-17T23:59:59.999Z";"2022-02-17T21:38:00.000Z";"2022-02-17T10:18:00.000Z";"2781";0.9990680655;1.0035806708;0.9975371376;1.0011788561;350189041.33;11824781834.56;11810858532.28;"2022-02-17T23:59:59.999Z"
"2022-02-16T00:00:00.000Z";"2022-02-16T23:59:59.999Z";"2022-02-16T15:41:00.000Z";"2022-02-16T19:23:00.000Z";"2781";0.9998720363;1.0033984395;0.9973038773;0.999309891;360210747.25;11708671450.46;11716757290.32;"2022-02-16T23:59:59.999Z"
"2022-02-15T00:00:00.000Z";"2022-02-15T23:59:59.999Z";"2022-02-15T06:39:00.000Z";"2022-02-15T12:13:00.000Z";"2781";1.0016293919;1.0035386962;0.997322848;0.9996828435;406108093.15;11631033874.27;11634723902.36;"2022-02-15T23:59:59.999Z"
"2022-02-14T00:00:00.000Z";"2022-02-14T23:59:59.999Z";"2022-02-14T20:34:00.000Z";"2022-02-14T01:34:00.000Z";"2781";1.0019336984;1.0043537905;0.9952932896;1.0016521037;309047532.25;11579339468.76;11560240752.15;"2022-02-14T23:59:59.999Z"
"2022-02-13T00:00:00.000Z";"2022-02-13T23:59:59.999Z";"2022-02-13T14:30:00.000Z";"2022-02-13T22:10:00.000Z";"2781";1.0026749758;1.0058573116;0.997488792;1.0016955565;221814980.83;11501488897.17;11482020482.32;"2022-02-13T23:59:59.999Z"
"2022-02-12T00:00:00.000Z";"2022-02-12T23:59:59.999Z";"2022-02-12T18:23:00.000Z";"2022-02-12T12:40:00.000Z";"2781";1.0022087533;1.0042681527;0.9996898016;1.0027555093;243428856.11;11435155165.36;11403732075.43;"2022-02-12T23:59:59.999Z"
"2022-02-11T00:00:00.000Z";"2022-02-11T23:59:59.999Z";"2022-02-11T03:10:00.000Z";"2022-02-11T19:13:00.000Z";"2781";1.0020508629;1.0060824207;0.9973552453;1.0021315635;323978340.92;11345945408.53;11321812246.74;"2022-02-11T23:59:59.999Z"
"2022-02-10T00:00:00.000Z";"2022-02-10T23:59:59.999Z";"2022-02-10T23:22:00.000Z";"2022-02-10T19:51:00.000Z";"2781";0.9999464441;1.004172228;0.9973132255;1.0020027835;320751876.63;11280420115.3;11257873032.9;"2022-02-10T23:59:59.999Z"
"2022-02-09T00:00:00.000Z";"2022-02-09T23:59:59.999Z";"2022-02-09T23:51:00.000Z";"2022-02-09T22:27:00.000Z";"2781";0.9998941299;1.0037636761;0.9975185771;0.9999337758;224315813.72;11255788312.71;11256533767.76;"2022-02-09T23:59:59.999Z"
"2022-02-08T00:00:00.000Z";"2022-02-08T23:59:59.999Z";"2022-02-08T01:44:00.000Z";"2022-02-08T21:41:00.000Z";"2781";1.0015090054;1.0035626108;0.9974287656;1.0000265916;309046889.51;11256712770.42;11256413444.57;"2022-02-08T23:59:59.999Z"
"2022-02-07T00:00:00.000Z";"2022-02-07T23:59:59.999Z";"2022-02-07T14:16:00.000Z";"2022-02-07T18:52:00.000Z";"2781";1.0022087908;1.0033373619;0.9975671049;1.0014002381;361508928.31;11276743982.44;11260975934.88;"2022-02-07T23:59:59.999Z"
"2022-02-06T00:00:00.000Z";"2022-02-06T23:59:59.999Z";"2022-02-06T17:25:00.000Z";"2022-02-06T18:55:00.000Z";"2781";1.0018059381;1.0035028404;0.9981714601;1.0022399885;167274345.46;11299508167.99;11274253968.93;"2022-02-06T23:59:59.999Z"
"2022-02-05T00:00:00.000Z";"2022-02-05T23:59:59.999Z";"2022-02-05T05:52:00.000Z";"2022-02-05T00:19:00.000Z";"2781";1.0012728094;1.0048686902;0.9982605767;1.0017799343;246715758.71;11293183085.94;11273117676.92;"2022-02-05T23:59:59.999Z"
"2022-02-04T00:00:00.000Z";"2022-02-04T23:59:59.999Z";"2022-02-04T22:38:00.000Z";"2022-02-04T18:29:00.000Z";"2781";0.9989714634;1.0020243483;0.9968723128;1.0012363356;360633692.82;11286969710.64;11273032459.01;"2022-02-04T23:59:59.999Z"
"2022-02-03T00:00:00.000Z";"2022-02-03T23:59:59.999Z";"2022-02-03T02:59:00.000Z";"2022-02-03T10:04:00.000Z";"2781";1.0009139647;1.0030974527;0.99530588;0.9992440325;288814118.39;11270669842.82;11279196549.16;"2022-02-03T23:59:59.999Z"
"2022-02-02T00:00:00.000Z";"2022-02-02T23:59:59.999Z";"2022-02-02T22:46:00.000Z";"2022-02-02T19:04:00.000Z";"2781";1.0024958166;1.0034129962;0.9952252095;1.0009360435;220522061.82;11283131255.22;11272579629.89;"2022-02-02T23:59:59.999Z"
"2022-02-01T00:00:00.000Z";"2022-02-01T23:59:59.999Z";"2022-02-01T22:52:00.000Z";"2022-02-01T00:40:00.000Z";"2781";0.9979232098;1.0042677524;0.9956393966;1.0025365123;287335185.68;11294484656.58;11265908541.02;"2022-02-01T23:59:59.999Z"
"2022-01-31T00:00:00.000Z";"2022-01-31T23:59:59.999Z";"2022-01-31T22:46:00.000Z";"2022-01-31T21:27:00.000Z";"2781";0.9998629581;1.0010652689;0.9950063214;0.9980309088;333050048.9;11248472630.34;11270665599.15;"2022-01-31T23:59:59.999Z"
"2022-01-30T00:00:00.000Z";"2022-01-30T23:59:59.999Z";"2022-01-30T07:10:00.000Z";"2022-01-30T19:12:00.000Z";"2781";1.0005071475;1.003631573;0.9963633603;0.9997874459;298851398.33;11263690537.38;11266085189.6;"2022-01-30T23:59:59.999Z"
"2022-01-29T00:00:00.000Z";"2022-01-29T23:59:59.999Z";"2022-01-29T07:57:00.000Z";"2022-01-29T00:03:00.000Z";"2781";0.9950557047;1.0017066191;0.9950373585;1.0003946551;728528587.28;11265156926.08;11260712828.7;"2022-01-29T23:59:59.999Z"
"2022-01-28T00:00:00.000Z";"2022-01-28T23:59:59.999Z";"2022-01-28T18:20:00.000Z";"2022-01-28T13:02:00.000Z";"2781";0.9967344514;0.9999674194;0.9885030652;0.9951491453;2709127514.44;11213392616.85;11268052301.41;"2022-01-28T23:59:59.999Z"
"2022-01-27T00:00:00.000Z";"2022-01-27T23:59:59.999Z";"2022-01-27T03:31:00.000Z";"2022-01-27T22:20:00.000Z";"2781";1.0002333802;1.0061473201;0.9954405575;0.9964859731;879464065.62;11211206711.11;11250742121.2;"2022-01-27T23:59:59.999Z"
"2022-01-26T00:00:00.000Z";"2022-01-26T23:59:59.999Z";"2022-01-26T20:34:00.000Z";"2022-01-26T01:18:00.000Z";"2781";1.0001354825;1.004715521;0.9948469299;1.0003256537;486089747.05;11201726234.93;11198079539.45;"2022-01-26T23:59:59.999Z"
"2022-01-25T00:00:00.000Z";"2022-01-25T23:59:59.999Z";"2022-01-25T03:56:00.000Z";"2022-01-25T11:41:00.000Z";"2781";1.0005081167;1.0038579229;0.9948960616;1.0003695787;401486401.69;11189685321.87;11185551380.16;"2022-01-25T23:59:59.999Z"
"2022-01-24T00:00:00.000Z";"2022-01-24T23:59:59.999Z";"2022-01-24T17:57:00.000Z";"2022-01-24T09:44:00.000Z";"2781";1.000006793;1.0054709006;0.9958261257;1.0004264817;703344270.93;11170857460.77;11166095325.67;"2022-01-24T23:59:59.999Z"
"2022-01-23T00:00:00.000Z";"2022-01-23T23:59:59.999Z";"2022-01-23T23:16:00.000Z";"2022-01-23T14:48:00.000Z";"2781";0.9983555628;1.0030577642;0.9960528843;1.0000401389;340918782.07;11095466743.11;11095021400.65;"2022-01-23T23:59:59.999Z"
"2022-01-22T00:00:00.000Z";"2022-01-22T23:59:59.999Z";"2022-01-22T10:45:00.000Z";"2022-01-22T06:38:00.000Z";"2781";0.9997445182;1.0038576072;0.9948679687;0.9981276435;827568324.31;10978656361.14;10999250879.8;"2022-01-22T23:59:59.999Z"
"2022-01-21T00:00:00.000Z";"2022-01-21T23:59:59.999Z";"2022-01-21T02:25:00.000Z";"2022-01-21T19:32:00.000Z";"2781";1.0044067964;1.0078002273;0.9947147675;0.9997258521;717088469.17;10924946188.33;10927942060.18;"2022-01-21T23:59:59.999Z"
"2022-01-20T00:00:00.000Z";"2022-01-20T23:59:59.999Z";"2022-01-20T09:04:00.000Z";"2022-01-20T18:00:00.000Z";"2781";1.002954584;1.0055934885;0.9975108181;1.0042282139;200831237.72;10879131674.43;10833326054.85;"2022-01-20T23:59:59.999Z"
"2022-01-19T00:00:00.000Z";"2022-01-19T23:59:59.999Z";"2022-01-19T21:14:00.000Z";"2022-01-19T10:28:00.000Z";"2781";0.9983875191;1.0058050253;0.9939284289;1.0028148135;278599495.5;10824541027.98;10794157488.08;"2022-01-19T23:59:59.999Z"
"2022-01-18T00:00:00.000Z";"2022-01-18T23:59:59.999Z";"2022-01-18T16:53:00.000Z";"2022-01-18T23:33:00.000Z";"2781";1.0006417227;1.0051138942;0.9974782915;0.9983438879;299162664.05;10729083405.41;10746881446.05;"2022-01-18T23:59:59.999Z"
"2022-01-17T00:00:00.000Z";"2022-01-17T23:59:59.999Z";"2022-01-17T12:31:00.000Z";"2022-01-17T01:06:00.000Z";"2781";1.0000608391;1.0041123259;0.9962967196;1.0006977091;199173906.68;10746028406.66;10738536032.02;"2022-01-17T23:59:59.999Z"
"2022-01-16T00:00:00.000Z";"2022-01-16T23:59:59.999Z";"2022-01-16T21:03:00.000Z";"2022-01-16T02:57:00.000Z";"2781";0.9993044502;1.0053476175;0.9967965051;0.9999960971;135328632.45;10683764539.78;10683806237.85;"2022-01-16T23:59:59.999Z"
"2022-01-15T00:00:00.000Z";"2022-01-15T23:59:59.999Z";"2022-01-15T19:27:00.000Z";"2022-01-15T02:30:00.000Z";"2781";0.9967846951;1.0022762822;0.9967107454;0.999215096;160494615.54;10638330252.75;10646686879.42;"2022-01-15T23:59:59.999Z"
"2022-01-14T00:00:00.000Z";"2022-01-14T23:59:59.999Z";"2022-01-14T03:38:00.000Z";"2022-01-14T23:25:00.000Z";"2781";1.0002212127;1.0087403333;0.9963198752;0.9967698686;196068559.76;10590833436.32;10625154080.31;"2022-01-14T23:59:59.999Z"
"2022-01-13T00:00:00.000Z";"2022-01-13T23:59:59.999Z";"2022-01-13T16:28:00.000Z";"2022-01-13T19:26:00.000Z";"2781";0.9982200338;1.0035501521;0.9964830167;1.0002024444;221139757.24;10594044877.11;10591900606.33;"2022-01-13T23:59:59.999Z"
"2022-01-12T00:00:00.000Z";"2022-01-12T23:59:59.999Z";"2022-01-12T06:20:00.000Z";"2022-01-12T15:13:00.000Z";"2781";0.9982813216;1.0019743387;0.9944366349;0.9982821375;225667923.92;10534484878.69;10552612816.95;"2022-01-12T23:59:59.999Z"
"2022-01-11T00:00:00.000Z";"2022-01-11T23:59:59.999Z";"2022-01-11T13:06:00.000Z";"2022-01-11T20:15:00.000Z";"2781";0.9970299819;1.0022325531;0.9961444349;0.9982700575;213726288.88;10520584263.27;10538815809.15;"2022-01-11T23:59:59.999Z"
"2022-01-10T00:00:00.000Z";"2022-01-10T23:59:59.999Z";"2022-01-10T12:20:00.000Z";"2022-01-10T05:03:00.000Z";"2781";0.9968705852;1.0047131205;0.9954679671;0.9970154101;269082498.83;10462290685.64;10493609807.19;"2022-01-10T23:59:59.999Z"
"2022-01-09T00:00:00.000Z";"2022-01-09T23:59:59.999Z";"2022-01-09T01:22:00.000Z";"2022-01-09T10:58:00.000Z";"2781";0.9999559829;1.0077458895;0.9951015226;0.9968495452;195938018.14;10409928845.71;10442828504.53;"2022-01-09T23:59:59.999Z"
"2022-01-08T00:00:00.000Z";"2022-01-08T23:59:59.999Z";"2022-01-08T22:41:00.000Z";"2022-01-08T14:02:00.000Z";"2781";1.0004489879;1.0034846811;0.9973247536;0.9999079507;251212471.23;10437514216.81;10438475071.41;"2022-01-08T23:59:59.999Z"
"2022-01-07T00:00:00.000Z";"2022-01-07T23:59:59.999Z";"2022-01-07T01:09:00.000Z";"2022-01-07T13:45:00.000Z";"2781";0.9999813729;1.0066374073;0.9956184847;1.0004331922;357359658.33;10429058743.57;10424542912.9;"2022-01-07T23:59:59.999Z"
"2022-01-06T00:00:00.000Z";"2022-01-06T23:59:59.999Z";"2022-01-06T17:39:00.000Z";"2022-01-06T01:31:00.000Z";"2781";0.9993035718;1.0043211958;0.9971965832;1.0001158308;256685806.62;10389554234.63;10388350943.27;"2022-01-06T23:59:59.999Z"
"2022-01-05T00:00:00.000Z";"2022-01-05T23:59:59.999Z";"2022-01-05T22:45:00.000Z";"2022-01-05T12:34:00.000Z";"2781";1.0005457726;1.0049407816;0.9976042713;0.9992270206;257590385.3;10341148015.98;10349147693.74;"2022-01-05T23:59:59.999Z"
"2022-01-04T00:00:00.000Z";"2022-01-04T23:59:59.999Z";"2022-01-04T16:38:00.000Z";"2022-01-04T01:54:00.000Z";"2781";1.0023713637;1.003332681;0.9990556096;1.0004499232;156135382.89;10310683119.31;10306046189.68;"2022-01-04T23:59:59.999Z"
"2022-01-03T00:00:00.000Z";"2022-01-03T23:59:59.999Z";"2022-01-03T23:32:00.000Z";"2022-01-03T18:08:00.000Z";"2781";1.0009734334;1.0033930503;0.9985485288;1.002165426;139323546.94;10242171774.2;10220041031.84;"2022-01-03T23:59:59.999Z"
"2022-01-02T00:00:00.000Z";"2022-01-02T23:59:59.999Z";"2022-01-02T08:54:00.000Z";"2022-01-02T15:47:00.000Z";"2781";1.0008985713;1.0025020289;0.9982286692;1.0009960124;105343504.02;10138860625.02;10128772241.79;"2022-01-02T23:59:59.999Z"
"2022-01-01T00:00:00.000Z";"2022-01-01T23:59:59.999Z";"2022-01-01T00:03:00.000Z";"2022-01-01T03:07:00.000Z";"2781";1.0016571888;1.0022042965;0.9984068241;1.0007569556;126635767.43;10133538279.89;10125873442.99;"2022-01-01T23:59:59.999Z"
"2021-12-31T00:00:00.000Z";"2021-12-31T23:59:59.999Z";"2021-12-31T15:23:00.000Z";"2021-12-31T07:11:00.000Z";"2781";1.0017478691;1.0023266094;0.9989237129;1.0014399111;135703578.51;10137119504.07;10122543941.1;"2021-12-31T23:59:59.999Z"
"2021-12-30T00:00:00.000Z";"2021-12-30T23:59:59.999Z";"2021-12-30T15:13:22.000Z";"2021-12-30T09:05:12.000Z";"2781";1.0010190187;1.0029501047;0.9997304957;1.0019844193;110621928.36;10117714194.28;10097676170.75;"2021-12-30T23:59:59.999Z"
"2021-12-29T00:00:00.000Z";"2021-12-29T23:59:59.999Z";"2021-12-29T23:21:35.000Z";"2021-12-29T13:10:13.000Z";"2781";1.002243932;1.0033474612;0.9992698637;1.0014233729;157592551.5;10079440005.7;10065113595.91;"2021-12-29T23:59:59.999Z"
"2021-12-28T00:00:00.000Z";"2021-12-28T23:59:59.999Z";"2021-12-28T23:04:20.000Z";"2021-12-28T16:31:14.000Z";"2781";1.0005600436;1.0031106346;0.9991079225;1.0022390914;139518951.51;10056424372;10033957424.68;"2021-12-28T23:59:59.999Z"