,0,1,2,3,4,5,6,7,8,9
percent_change_24h,-0.07494767963265556,0.005716223336204683,0.4654282276444469,0.0205049817071585,-0.05223155185691708,0.1749409327787777,-0.02674531195311136,0.042132213624144446,0.5028122617342913,-0.026414547646616205
percent_change_7d,-0.12673277259987786,-0.01787598552721307,0.47398320484115314,-0.04589459308673612,-0.06093433124969197,-0.07707899425625697,-0.049426610297343715,0.06933134102686456,-0.11558412522147767,-0.09697143349339285
percent_change_30d,-0.16210017216376252,0.015931873519711637,0.470373486049563,-0.05433128095976471,0.021604499364898284,-0.046664003821635436,0.11005076435917427,-0.040940549922406075,-0.16093358619670584,0.07857084455492723
volume_percent_change_24h,0.09023947063394858,-0.054325596124504286,0.06382622519545308,0.5171184575231318,0.15223153978063708,8.001453217272496e-05,0.06490300133139477,0.23488682425229818,0.012584736564789749,0.674394282024928
volume_percent_change_7d,0.09960779629752657,-0.05522316028099533,0.05412511130414171,0.5689337840826528,0.15566498932409853,0.03839926457378942,0.10617413045045773,-0.024953062963509277,0.18659800962500778,-0.05384885361308152
volume_percent_change_30d,0.0907340126923776,-0.046612176039456894,0.08939805873051096,0.5204698496081364,0.12952580295399713,-0.04431289895955709,0.0632674944808397,-0.14489864265918417,-0.25009016471343165,-0.641835864740122
market_cap_percent_change_24h,0.08893230165426554,0.34177143178914815,0.025478217871689145,-0.10224011150641552,0.5370332897480542,-0.09781058082833087,-0.23393942406893534,0.09257907305877952,0.028321462703947,-0.03850412526973276
market_cap_percent_change_7d,0.16343556051811295,0.41896823570233627,0.0405212495025169,-0.03769930977257515,-0.03121478286643586,0.1677878884759973,0.4301443014073135,-0.242394008695739,-0.07496926475509186,0.08000202729355017
market_cap_percent_change_30d,0.18411032514707956,0.3492837774586372,0.027196841336777147,0.10948854470915141,-0.38854681843577943,-0.04242189409147637,-0.1753345694545865,0.34766456542113267,0.025133056076286398,-0.09449358749462528
circulating_supply_percent_change_24h,0.08412510685992068,0.342580903232407,0.05611815313706048,-0.10095584081282873,0.5345545473177373,-0.08651063935602628,-0.23635670022803443,0.09504435864970368,0.06174555382955678,-0.03995082290276507
circulating_supply_percent_change_7d,0.1603725123691898,0.41935053593455246,0.053061236229534285,-0.039265031256321914,-0.03201241581393394,0.16647095506185652,0.4303202205316543,-0.2415574406222495,-0.07847640336230632,0.07781217943666854
circulating_supply_percent_change_30d,0.18211850528365658,0.3502619576196639,0.033985113067531186,0.10883868846317495,-0.3887584610679924,-0.04293993709415973,-0.1737601237958632,0.3478609738556705,0.02286521630863481,-0.09353731336519835
realized_daily_volatility,0.019507642152200293,-0.017363904392492895,0.043137280316093284,0.03658472096779087,0.01774156688122867,0.856191057413722,-0.4122980910254621,-0.10167565941262116,-0.22176289476267488,0.027057242700954543
peg_error,-0.2790429929656353,0.043421038326105645,0.4355093549408111,-0.023065823336647324,-0.0028856467860211427,-0.014906081390506464,0.03088312979790762,-0.012521570339248876,0.07458353979047658,-0.012457801379765236
abs_peg_error,0.3033593861154794,-0.13032976204784,-0.012557020056645912,-0.11195463462752159,0.02915996338780521,-0.008929332170343343,0.09477146538053506,-0.07974119907938947,0.425959977029138,-0.13622761439185901
price_deviation_5d,0.3574681123315793,-0.1591527381289583,0.1276913672404393,-0.11064482177323622,0.030001439194711384,0.09075102983727801,0.03732165259594569,-0.057133295650516655,0.2522697822238474,-0.05222368228091997
price_deviation_30d,0.3380060348273753,-0.17809203387645736,0.19585894290616682,-0.12956013074710815,0.025528747164784277,-0.08991524707039499,-0.009587858034441211,-0.002997032958509302,-0.20868865953109308,0.0820778767101183
downward_price_deviation_5d,0.37758043567741195,-0.1364277531846206,0.019073378056970174,-0.04812216646086859,-0.016584542489978295,0.11330033811212116,-0.04273258734292298,-0.01785853671434635,0.23205627181873725,-0.030745414353874047
downward_price_deviation_30d,0.3520639856189483,-0.1652608905065845,0.18129672755992696,-0.09277065558895488,0.007418612608072127,-0.09711407182908915,-0.07241864770109245,-0.022274387439583123,-0.2697628828992172,0.09218617184540193
fear_greed_index,-0.023541942226835276,-0.17076387471705537,-0.03410953729991775,-0.16819686557702074,0.21615675006636603,0.2973973860398268,0.4822869339313864,0.7186834796919426,-0.11451549708656983,-0.19763378605594878
fed_funds_rate,0.33450429938222165,-0.09836691090094458,0.17768219602096696,-0.04948620150538025,-0.029595376530495664,-0.14449965213104277,-0.04934257962755967,0.03028436332193211,-0.33127010164425497,0.05865849862858037
