PC1,PC2,PC3,PC4,PC5,PC6,PC7,PC8,PC9,PC10
-2.8951052212402795,0.523393259875238,0.19152357511434645,-0.169121693715872,-1.1340129502267853,-1.911183539814651,3.7684715502654673,-1.0589471953541971,-0.5672169002310791,-0.7922311612297613
-2.582995285479678,0.13617309908780073,-0.17519307268552656,-0.5327586316571893,-1.361602874882899,-1.7525373662314956,3.6795329780336146,-0.922025690004471,-0.3772986717215329,-0.5391114695423613
-3.161770751410194,0.7044358348913933,1.3504558401718412,1.9734353246254046,1.8559659357964602,0.22808635671780492,3.9516849599850676,-1.9867823552771067,-0.34655121883934975,0.6634922210413093
-3.117157493304611,0.8722609700925865,-0.15738691144164954,0.4775315013225637,-0.6568518053076816,-1.440727429674478,3.058888530768824,-0.6817102171676559,-0.4949611822417494,-1.047069081486663
-6.056238189148574,0.18116488383590756,0.0782905816759367,4.614027031749101,0.24231863132692424,-2.3333697516210523,0.5632041490293745,-0.33968508743256887,-2.60621444756024,-4.5448283453738725
-12.581144427275225,-25.54360775612683,-9.339374446980573,2.040984584442963,-0.757144710976221,-1.2903921581444087,-0.6374240957643681,1.6436482688104626,-0.06594878694081385,0.11175916133726199
-9.425488052819873,1.332751392201271,8.761170145858403,-7.222116802462598,10.740479936482785,-2.4150174860833205,-1.6065950006246512,0.7498442453235807,-1.6410081716518545,-2.664076979721778
-6.301216078860925,-3.3767835498113046,4.387241356696543,-4.566786456248313,-0.3500388009113951,-4.01306490704371,0.00486321017737979,1.2239813076764507,1.878216756333519,0.9260994693045306
-6.560828714727558,-3.647232978914779,4.77483032466429,-3.6943484862871303,1.2971874114066497,-2.899458393122204,0.48030477708670116,0.626667606133973,1.3291953743215206,2.1379356891166483
-6.611053459782265,-3.4961434476462503,4.37272113023383,-4.084459198082403,0.8825621201903107,-3.2525273629722045,0.20280336254694914,0.9952628610005945,1.2716338149737587,1.610245645050884
-4.600619791677813,-0.016971244400093913,2.583432917619106,0.38746640279082406,-1.1263593259996703,1.0377297062544104,1.9043381034417433,0.22895795458344365,-1.8120365987735525,-0.34433522925637483
-3.912598254356698,-1.4214724941829258,1.022318143184207,-0.943411059281646,-3.0740814367778198,0.5652343223434324,2.3068732849893676,0.7577451519350076,-0.929956105558558,-0.6557458811699433
-3.5970944250105714,2.9993715846586917,5.55666986846053,-0.36087021967095356,-4.0049041642257395,0.7588846291569872,3.6471592839213587,-1.6884864509092101,4.989996578011157,-0.6106563449259523
-3.8619087878335074,-0.7967435634942956,3.664554893267109,0.5402795693600627,0.4249008113095892,2.265958950912396,3.0545230937773318,-0.6771130884083945,-1.9100561160898089,1.0816760497180196
-4.322027564086873,-0.3157423897595773,4.057536654788024,2.4606776014065934,-0.2189682152446088,2.750432217779387,2.801542301332404,-0.7864510127040816,2.510840365981478,-0.5850154711497728
-3.6383000156409984,-0.8781368387478148,2.6556076264511974,-0.09403717371276502,-2.578786847288702,0.807821417001957,2.4299252864983742,0.22268203797263458,-0.13048631144443718,-0.592132292396762
-3.4902765842256835,-0.7162653762097645,2.7075451141283624,-0.18627300105263878,-1.7660497387278373,1.4520758197212669,2.8232685300725415,0.018432823607263723,-0.8688478467189424,0.010176793207106523
-4.994367972400331,0.37597365631224056,5.320217148562848,2.516854409879361,-0.21630423349750938,0.21746096205555665,0.6677296940931778,-0.19785052977794415,-1.3934611633620408,-0.6306561085378681
-6.120293101788417,0.5277102349313193,3.074451449789087,5.5015341106069515,-2.6749304565382745,-0.39488279159924944,-0.16113434565271006,0.9680871521225736,-0.9285156275162751,-4.071366727771867
-4.145146482826442,-0.3816964390857003,3.5525841458353544,1.9275896189143813,-1.577155401384261,1.4116643624639824,2.2158659631023316,-0.21039311393715687,1.4364768466865152,-1.0305520322344988
-1.9474742659542874,-0.7261203827929485,2.595094196612449,0.6024965285317961,-2.2926432652284077,0.8556214566784146,-0.9787872335373168,1.5126919411978539,-0.9572056517708862,0.06725878418066616
-1.8368295429228212,-1.5713975635461355,1.8706337486617748,-0.3205838451166143,-1.9066520414768273,1.4532262497148232,-0.5138981338300286,1.5564032417256168,-1.436757970851233,0.6364321207110966
-1.1561278314462764,-0.7753590762708248,1.699290418453379,-0.992370201458614,-2.1107220206530375,1.8895655410444732,-0.020895544611717325,1.546269120241724,-0.8620111406705775,0.7076052426941338
-1.005685553255841,-0.7288474829736264,1.6206935215332023,-1.2578239311083488,-2.3576471844944726,1.6972212808485583,-0.11766529264946646,1.645745626111493,-0.9917530686353546,0.5737962134378723
-1.0010279619924423,-0.8299688370565017,1.5149878739233915,-1.247413761620557,-1.7794221393492444,1.7634677145834956,-0.29431127061749573,1.8343877698750208,-1.9121927980045519,0.7462093038218055
-0.8928657958551807,-0.9019371718253424,2.178625739826937,-0.45497365521114974,-1.3448660560740915,2.2785753881394784,0.1620777314313436,1.273468888126804,-1.9356636608038953,1.0179206926594087
-1.2298945248595532,-0.3304128045066298,1.6169474843665783,-1.095282210496485,-1.8287068515551697,1.9778212429986535,-0.441159499335134,1.8911013563062171,-1.1253328494557975,-0.08374186948597007
-2.1264388050019605,0.09467817241121136,0.9749580682047122,-0.7068912334145184,-0.7994211795877763,2.900072733864743,-0.9575801515172262,1.4956427076532466,-1.0097600569800247,-0.15736090389958354
-2.3729861675922086,0.5578552997124417,0.8150969028847723,-0.3891401746246311,0.06032778584270469,3.6823122137072413,-1.2613634943387835,1.4738466452114762,0.29170452641279393,-0.6005759079195045
-2.195243973973199,0.6749477394468023,0.48674092764926224,-1.0834822470189445,-1.7878993908856045,2.413156246036634,-1.0580838891872195,1.6893415753297112,0.24957027002581747,-0.27085612101363393
-1.5419899853396042,-0.055012772096446595,1.0247510760517338,-1.0553194200603078,-2.1245572800099137,2.2311488253509126,-0.47109486403780976,1.0968339304304782,0.1469838570755064,0.5697828123047922
-4.722828043068287,2.98416714220934,-1.0178320961843703,-0.614884038372046,0.7878460639467869,3.718353137298779,-2.26606251788405,2.706062220538723,0.33469695661927623,-1.0581131990654935
-2.6233085198837722,0.4360370039741163,0.44721082440890686,-0.7873952809457891,-1.2910043383767194,2.533044924681529,-0.5889523748781703,1.0760289943294303,0.21948694009332742,1.2428303336990936
-3.2665094464585738,1.3509793725731598,0.5405378916422215,-0.13454024235328801,-0.38993604096868284,3.1350409832111614,-0.7793617553788178,1.1636918648668144,0.8766315542601536,0.9255393560894264
-2.941320361566864,1.0324836617045636,2.714201934599973,0.9407354993403261,-0.3999750892621705,2.3596892854225877,-1.825020872312472,-0.0968172696806934,1.4287237164504494,1.1767535487537004
-2.499167421381827,4.791536748196084,5.225157152684963,8.232762669064558,-2.8835971227657384,-5.645916091978102,-6.668915563533357,0.3941939645115197,-1.2978981264576765,-0.24450398725324668
-1.5698334651669164,1.2535365281445527,1.5279356363650656,1.066371043703769,-1.6804059306727313,-2.171038076180499,-2.2465675077201235,-0.5715139664873031,1.2600074585223762,1.6455105717050518
-1.9067515222440614,1.9479811875197561,3.065380233564328,2.606075551721662,-1.0026562790214375,-2.238582842237701,-2.5511816447378397,-0.9778866933811771,1.7177091482679647,2.574379578817107
-1.1265992970378977,-0.4211723492830611,2.272944260443909,2.432226081555238,-1.1261504578516341,-1.3595492517992909,-1.010263330766668,-0.595304229073564,0.6893966243116161,2.5769898208111788
-1.3205850534877537,0.42282597182104265,3.111404427953669,1.8407398318639763,-0.6239682513487896,-1.7602185430012447,-1.6464137396064262,-0.4193773336124559,0.983372531179687,1.9124831294156106
-0.8882208532151203,-1.1462199243493616,2.0252078999628176,1.389244658736635,-0.9388796453858956,-1.0865598866440573,-0.7076375084548155,-0.47397730959426104,0.245428604036397,1.9519749092767784
-0.42455003348926623,-1.0478501070692996,1.4488097755426659,0.6787563801914659,-1.480320044120637,-1.695338555612511,-0.9294506615476315,0.12839310511040689,-0.867520415392814,1.0874328816637604
-0.7308875592990317,-0.6382011010032937,1.3202903876898975,1.1760282411908578,-0.8716221158593128,-1.364655076995906,-1.1474149293792695,0.2734455114759772,-1.4519746880472824,0.14572313638290355
-0.3016073919675785,-1.453524687541725,0.47216526523598695,0.05937219454751483,-1.052326457841208,-0.6785018671645262,-0.3808693807541531,0.2525246080764906,-1.1225563074176477,0.5653736925370553
-0.34424425843686834,-1.347475526997452,0.46180279745142105,0.10318663653165701,0.007228479601972524,-0.019985966261274128,-0.1363891986264003,0.08889680257056025,-1.9523062333112278,0.8299324757500915
-1.912310147076288,-0.23347032251038208,0.44462527544242353,1.948295054496949,2.3738043928767105,1.5773724622200511,-0.7684191632154566,-0.6755044681231964,-2.398603269259854,0.5737347287216107
-2.967652443790596,1.1092007738939085,-1.2647834569040888,0.8515203359547653,1.0356829218637693,0.552699087525003,-1.6838814150464156,1.3975990309747455,-1.1959349873490053,-1.4718169981904377
-2.6980512792700364,1.529174546181927,-1.893733081330659,-0.7577446702118673,0.15914712007605278,0.20056608902857334,-1.139132104779265,1.3242843178700259,-0.3638816770949865,-0.7640368520532753
-3.407102790369652,2.742235997936348,-2.70822759842881,-0.6797934595403807,0.11883839675029509,0.28476190895102704,-1.603243795418518,1.8414419412585867,0.06274729929894303,-0.47709439379364343
-4.19574848075984,3.4107081188221122,-3.78678782727492,-1.246732755655008,0.18623161202166247,0.2773789449852192,-1.8671782843367575,2.301181981341974,0.2665220306735438,-0.7703037320827085
-4.856457769662292,3.791853746098542,-3.2780076481724296,-0.25474792529293755,1.8377686058466205,1.1462979234336645,-1.3991899244343438,1.5275100302510127,0.375684623952874,0.6660934368778756
-4.634466128967613,3.8494620039390464,-3.783903166296452,-0.8058703797127087,0.21552942804158984,0.18364595102630113,-1.3249691662368102,1.7145126410925573,0.8912044533475046,0.7343772426320933
-4.2644297120116335,3.3873943223802487,-3.026599889748945,-0.4828421971768292,0.15105904222624467,-0.08862309816091261,-0.8897304292611259,1.0593050110209126,0.15820109045966013,1.5414269649152672
-4.44843638780124,3.4008765403758674,-2.6649743648979034,0.45699477228156277,0.4194719335943295,-0.10538199990056875,-0.961658678751334,0.9468200336668016,-0.2879686231898801,1.1573941635421672
-4.377695030632172,3.307891332211746,-3.013828631402529,0.11604448356217892,-0.15192204526857336,-0.199069033039067,-0.9163636751836227,1.1564318218748855,0.3762398269216372,0.4858248862520891
-3.62883322780911,2.567012075346932,-2.7060238604092803,-0.386990385574694,-0.5613206111578857,0.015264529475648254,-0.5381495198054647,0.1790329352847351,0.6574995801472389,0.9636472501554029
-3.373468127641912,2.320058724459124,-2.116834943739317,0.03205433835020614,-0.25599290227386184,0.4354223205204348,-0.11215450970524793,-0.17484272075170484,1.1922684716150669,0.6920045630021324
-4.166377984807004,1.716810604977882,-1.1640533782666118,1.5590522672290754,1.7817453831995567,1.2383176629661343,-0.4183380291430081,-0.6765825906203506,-0.11637280307877905,0.5551923474171789
-3.0070758506585316,2.393877181235026,-1.683391069875463,-0.21961091675751557,-0.4026099966538397,0.30657860349715915,-0.24545858490318848,-0.03819380597801649,1.0424614401102872,0.09888112894430573
-3.6318743643464506,2.316040797610248,-1.1958437839247023,1.2608116582813633,0.980708484915542,0.9341919035398072,-0.2608906694412697,-0.43495226666104403,0.3090447668976946,0.3733899884664233
-3.2130828983083624,1.207404713741535,-0.677140296410283,1.751941299929454,-0.3565714100829167,-0.27405451590605356,-0.39594064242460203,-0.6341791320231581,-0.48294009321082526,-0.2963983165054405
-1.9860245476523524,1.453191697096046,-1.2115133898651282,-0.3933503145181691,-1.0973371106514698,-0.20103068166431312,-0.1455973570598002,-0.2162770385479855,0.19069543924122803,-0.10069579062256968
-2.7215601903563837,1.7588370769261805,-2.1089247333824717,-0.8112666702283101,-0.6105492191466033,0.09388319317497784,-0.5046197733388432,0.30760990049435505,0.24458878366128403,-0.3102486421542651
-2.2715975066427836,1.8253944294333875,-1.6366948303630768,-1.1179672574851296,-0.38592460103572024,0.16675349371969792,-0.500537979693305,0.11066681458876951,0.4018274118453821,-0.43683143836624
-2.079745551755182,1.5533885282337543,-1.6724341579809998,-1.51428783906069,-0.3392917700127197,0.1723262257121644,-0.07319383604330448,-0.10289147656381784,0.06799940317681141,-0.011131111750501589
-2.2299781440511617,0.9789532684168112,-1.7836980196520091,-1.1786923673371608,-0.11471393306329683,0.3613694824880923,0.07064626351581144,-0.279479962060075,-0.01989784873215506,-0.2546677851348112
-1.2370845572320766,0.46926545203126957,-1.169324044027913,-1.2217639389431074,-0.2097036779023699,0.2680878698611323,0.6441265685236208,-0.8160408408711547,-0.18708988961697132,0.12875277913377053
-1.3480640718272872,0.38310677865537796,-1.6963768224899414,-1.511621020697272,-0.9560813607787054,-0.21285853316415118,1.209977206053536,-0.8487887987638792,-0.3039753029020791,0.1501822701012761
-1.9465902208784294,1.2816916169508235,-1.4807807337654844,-0.8112983361288825,0.5015434191286047,0.4320061606246226,0.8530980942955104,-0.7864554274257854,-0.4681566594357102,0.4552001130376796
-2.029394980145609,1.1540480641972781,-1.92042663308464,-0.7941195655865514,0.06302272428189705,0.30447177188233043,1.0072515282199037,-0.7364041373276102,0.28113154390465933,-0.3138066770632042
-1.6365332784374729,0.9119068159757932,-1.4023264560327295,-0.5185200427557125,-0.16528084361007608,0.007337058505195101,0.9705323270505513,-0.9169176598386176,0.2870918211920596,-0.37088465159810985
-1.2096361381546252,0.8510266435419044,-1.0940589090556614,-0.6189055890433666,-0.5394189548192325,-0.3653225077043088,1.0591560294490736,-0.9799131540695758,0.013628663320600403,-0.11439640013964979
-1.0981691237689766,0.6446628014568986,-1.0752597525216963,-0.6597582832764098,-0.5463035166320116,-0.4200195784453236,1.1326206238002772,-1.0261793551324063,-0.24857377315513365,-0.1763594854170418
-1.4175306208194594,1.0432425289472165,-0.882326610113342,-0.23720404134372702,0.16170557490035536,-0.21003073609679815,1.0827338329267164,-1.0965986028433614,-0.6644812289572454,0.16611391256118196
-2.4162436610655904,1.911346469824695,-1.2589316993036208,0.45071780720076693,1.0814536162539572,0.4715272443141134,0.6936247452039481,-0.879190097307985,0.3807167451546064,-0.4339223369658187
-1.830695709453592,1.7849286250056944,-1.8929488518192679,-0.8792005699461463,-0.434530372195353,-0.47047471783825723,0.3968592914934599,-0.34069667119838837,0.24979431297004953,-0.7781157374196073
-2.1229010580512413,1.8476386840766148,-2.007121715740055,-0.8835006847351748,-0.15814455715878592,-0.4326157798273008,0.26361487076943857,-0.29157821028812914,-0.0016346941410930083,-0.765291035663962
-2.5809062340840803,2.328172009397703,-1.9562992673201272,-0.24726673867745186,1.5114746608492506,0.6209498509587517,0.460778382560577,-0.589037319987983,0.0732472296562154,-0.0517900595256312
-2.379878506171194,2.3083686998090434,-2.332797327211329,-0.4744946728197715,0.045240741914289354,-0.2140633327234742,0.21216755144307115,-0.2906897706670801,0.7681692872740874,-0.5627683850894261
-2.4792883760977182,2.3607908617662647,-2.254526179647227,-0.10697576070201842,0.043750806008915,-0.33869615704679107,0.07868813830412336,-0.35213053424037544,0.608477960308556,-0.30549411332135296
-2.6143270149435915,2.359677425610986,-1.8497607540507728,0.3262543913794256,1.124678814891592,0.2006864193138904,0.15409888906545627,-0.7143013847291185,0.27787186695338806,0.5512261004806851
-2.7564463421379726,2.7961562120346097,-1.9937818627616826,0.6514313637727834,1.0493174402945467,0.09481599926367726,-0.26524540935481683,-0.41349979564285155,0.4066053224289319,-0.0021157622388404433
-3.699309273307584,2.3573526946520684,-2.069607537991121,2.2258501952691985,1.83498010839799,1.0287155661758138,-0.3991036873752745,-0.6634547352711782,1.914550183158352,-0.8359614496040595
-2.6553799930858237,2.876861373397657,-2.702335525327387,-0.5203105859119428,-0.14366006404063192,-0.4028313789449604,-0.4093792117104768,0.05455860649111747,1.503838382342546,-0.5746129368166933
-2.3753925700782044,2.4563831672041205,-1.6856790452206933,0.06321310719088599,0.9620178411779688,-0.01766998620036295,0.0472381505564018,-0.681392064378682,0.40635505837328567,0.8971011563937408
-1.7315809796871648,1.9863755354838262,-2.0077246614331647,-0.6768987810876199,-0.9523099971512666,-1.024489386532465,0.05569436759398894,-0.37198384630150216,0.7521184440752232,0.28418596161631754
-2.0175360626402457,1.709508675808667,-1.4745881223935122,0.13147325455290437,0.3618645431209898,-0.3346315252119666,0.14409709904299067,-0.7849462068712951,0.26719704940501426,0.6194674611859956
-1.5779383921173125,1.7984004898100594,-1.4869000888351551,-0.471071008563513,-0.058111077476608285,-0.5859770380359499,0.18296550782712057,-0.6574615447307385,0.22987459157009102,0.681407309274641
-1.303818820289104,1.5584274237710474,-1.6550828138088052,-0.7196609021953616,-0.4705368704204327,-0.7658429803780606,0.16240808165409948,-0.5066746418705428,0.04315402833801458,0.3095292611517605
-1.0366769487764975,1.3821656974384953,-1.1865721051470133,-0.7069438453157011,-0.245130691756525,-0.6992810347749823,0.24384146846081384,-0.684436209917082,-0.23629745528130977,0.42022105899122236
-0.7213520594019469,1.0792215903512934,-1.0929176709420183,-0.4974875295264014,-0.4946380251639797,-0.549320373671577,0.38312310067769206,-0.7336775603133896,0.339375536274201,0.00472037198383438
-0.8733883024693477,1.2424045533052006,-1.1490641602886866,-0.5319953801127515,0.04092777030300335,-0.39958853676316675,0.16894322361923236,-0.5939340966577902,-0.22132987978522325,-0.12417097736327758
-0.8989958858191195,1.365575700857867,-1.400791896169523,-0.5413295775357658,-0.6319744268810515,-0.6968995324824859,0.10979494976290866,-0.41276618022430694,0.27825148851836656,-0.46529312949560164
-1.040592346191309,1.4506447820791963,-1.2145596199102322,-0.5055049314431866,-0.2077051088409747,-0.6567969941422211,0.1958579576911459,-0.5404630543594704,-0.2729075688055116,0.02753438377086755
-1.0745531127377657,1.0952717478722145,-0.7815990543395847,0.17529387582917438,0.6066150014433959,-0.20061502875794987,0.43061554538806013,-0.9753632506128163,-0.6915504936917813,0.5521237443913348
-0.5954057908007055,0.9978128152375424,-1.171345672902863,-0.5185101964370626,-0.7749728636780894,-0.8074591833476958,0.43126962591061646,-0.6678647687819813,-0.08386694856487026,-0.043084832183859764
-0.7207039559917437,0.941336774106704,-1.1366223284084322,-0.577221706990715,-0.3389384745262521,-0.4849873439427248,0.25634223685014274,-1.3567596402117537,-0.556888835915983,0.24511742895970692
-0.7036595665194377,1.1743631426298793,-0.9054910145671994,-0.4745193915534497,-0.5319531833316181,-0.8681129882142129,0.30941880363830054,-0.6882759445553691,-0.18397924074595343,0.0010101897451565052
-0.4998942232408424,0.8247964571817802,-0.7194113602457675,-0.40086137079716677,-0.3867686436692128,-0.7087108518632058,0.5347883748147124,-0.8967037670810104,-0.4538548223874303,0.4601243647411073
-0.29845821683466267,0.6530604064050869,-0.7490547003406637,-0.3963332919018751,-0.7573845734328792,-0.7530786141028232,0.5526935612398959,-0.8492134843839008,-0.07387632296875782,0.10036295941257334
-0.1426315628354284,0.34832758839985006,-0.5682701953693073,-0.5180071301964663,-0.9277547239525281,-1.0087187765411054,0.49322553047033624,-0.8623592558916252,-0.4322193224898919,0.0012010547240373832
-0.098826495255736,0.0696260452290034,-0.662714502156971,-0.5138906614783696,-0.28626311102298346,-0.5611260698054276,0.7395419694526739,-0.9794708487732147,-1.0051693801177488,0.4271078899170621
-0.26417439361691536,0.5114126302899202,-0.33842455687349887,-0.27756015045411436,0.03985727507716237,-0.4718945795016496,0.638995670376054,-1.0089709589256748,-0.792085377170104,0.15167958351658378
-0.3882932224045447,-0.5239055008743256,-0.7308039823220903,-0.045293635362905094,0.06500434803562073,-0.23386081500174719,0.7178195342057988,-1.0530138364474577,-0.631983658771979,0.3030290302200842
-0.03715353137009734,0.23110649210848697,-0.3506995663482613,-0.6553514170025853,-0.23738535814289172,-0.5497375754662159,0.6165357892151425,-0.8822977400560414,-0.3090633486712002,-0.2646335861524173
-0.44933899644615044,0.08455106072647765,0.4275159858784496,0.9337384468852037,1.4794705405986932,0.4878356374254892,0.7363261030341439,-1.5267897143682923,-0.6466695119142911,0.543595090650673
0.14334583080454025,-0.42328355187140826,-0.4756222949364893,-0.060547145196022625,-0.8003557374136341,-0.5803821248878058,0.5591063009703612,-0.934515496684813,0.05922572916305221,-0.40583519965101955
0.199105407339063,0.1516998207210343,-0.37249433321829895,-0.5223106122956598,-0.5557593396661308,-0.5325795339849952,0.5235814103235193,-0.8188074312784206,-0.010419861010398986,-0.2213431681736329
-0.2831933423024566,-0.28382071335250314,0.13563112114683373,0.8588695944992534,1.1494018220319362,0.5842616232054889,0.6703870649618258,-1.4634876724060746,-0.6693683304645871,0.5212431583729276
0.25947168449375996,0.06678087665066125,-0.2901167589119079,-0.10908677984821792,-0.3563476850788452,-0.3127478217294691,0.43608584595763367,-0.9055559247248807,-0.3407012627738512,-0.18470231167161172
0.5255020810214767,0.30883786308105227,-0.41798634270318696,-0.7587622602077749,-0.8518181046606023,-0.6013005375923469,0.44963421385317714,-0.7603951444611182,-0.38692883072046125,-0.05620993771630785
0.5547230045299123,0.30168419399393037,-0.4406347705885808,-0.7045233754909492,-0.6132502355120317,-0.4491727125986811,0.4631231557001846,-0.7566694449611895,-0.6203589974626902,0.21413839762552636
0.5923718978538678,0.21169555108138055,-0.32743081342441277,-0.6402613774124113,-0.12865333735230158,-0.2610033770560005,0.434874958303347,-0.8303501545238078,-1.1864882744040834,0.659695164748299
0.4166705293904751,0.6281949146162579,0.3681780586758158,-0.2576802188419887,-0.3855418028230388,-0.7680990367816168,-0.18135805509526667,-0.8150126607099347,-0.27429512718473287,0.3399347827149001
-0.05949346171188013,-1.2095245369712282,-0.1969571766683333,1.2826503663642623,0.7822542164038409,0.8210833920032109,0.6008549761690021,-1.4289768954727824,-0.016066176039272174,0.9007348296658721
-0.2893665187024954,-0.3326171655766157,0.4113752976221174,1.2035367409706177,1.0916916014981597,0.26224337789459634,-0.12330375713245537,-1.185288667702675,-0.5720311247499342,-0.2185432056536306
0.3662444285917993,-0.49382244144406534,-0.5200496775971359,-0.22165062870242597,-0.7107803297097365,-0.5527239946137769,-0.13404935296576342,-0.6015951299591392,-0.2496194878742494,-0.436785029121128
0.5312877913543478,-0.4601502174685173,-0.4804170905524561,-0.28931516510945593,-0.1846962793721304,-0.12252147349416934,0.1926650862424445,-0.7679314529244943,-0.12373170656764244,0.22367096574994227
0.3857490239959605,-0.32617454373218413,-0.23783148561255824,0.24995434999841548,0.6170635762462441,0.4672546804134455,0.14401512158707974,-0.9398682374351175,0.07096581829223156,0.13577351234409488
0.8075361468195447,0.09652419953861288,-0.1561309621221352,-0.32161319373197655,0.0532284839868231,0.06269231891380773,-0.018891441535033127,-0.7550271604429771,0.04090039707243535,-0.13612504973707873
1.2662388481787337,-0.6844724910969346,-0.6612876415114604,-0.6224307034604167,-0.5562026595213344,-0.16023169638130433,-0.15126010817595448,-0.533935978641089,-0.0869907081181804,-0.33728655755029463
1.2471255328991575,-0.3022501780936695,-0.16171172573759873,-0.6619201705554566,0.06589569102272065,0.03466717623720398,-0.17178974566688415,-0.7650953635354338,-0.3060503786753882,-0.03831350526818663
1.1320025182404503,0.08005287427398108,-0.21667475175299408,-0.6476131614214286,-0.08438252059676717,-0.22294703362262033,-0.6495555415528371,-0.4609747211943755,-0.3818271737612586,-0.5382621891446567
0.6314638855831743,0.2663839452891254,-0.7100760822379315,-0.20403814217300384,0.11909681612441893,0.26549286296655905,-0.3293797082075193,-0.4530650182413644,-0.06034131964053341,-0.22408453913121465
0.869892642248176,0.07787759416746956,-0.6634099147948934,-0.6071542948677465,-0.4979025210091865,-0.15863563051492446,-0.15154007966025085,-0.5072316592917044,0.01164108473806762,-0.07199988838552782
1.0271910062155254,0.3872563198895534,-0.6590524811347482,-1.0288458975724564,-0.6838378204593418,-0.25501196892971784,-0.6179420282678192,-0.947142039350195,-0.22813913397933114,-0.20333474591309025
0.9452360535797788,0.11482993367034292,-0.5473979909441217,-0.7064203047307983,0.03429199339101846,0.3174808792512474,-0.7284828574022617,-1.7894019056576058,-0.7293740134242919,0.3994080202646401
0.9149191777351007,0.14618141233866216,-0.8952789254646252,-0.9974466565722907,-0.9768510103378897,-0.19449990677877085,-0.6742848890076646,-1.5918704220554942,-0.2890876701291601,-0.017533763657045717
1.0179242006141425,0.1444867242661704,-0.5846450702457032,-0.9349065979510242,-0.4963593805012931,-0.014459144069358248,-0.55456103247633,-1.7936521629786988,-0.6951024729961229,0.4349746785094529
0.8956700373183133,0.23260666064336885,-0.2559392360466379,-0.2785364761001109,0.44814180448809465,0.3702337411792945,-0.3033263799655761,-1.3725493052317046,-0.880049220626625,0.6900891931466507
-0.09400432985742,-1.0263350781494043,-0.1291774551898807,1.4641706142521325,1.0587584528093081,0.5262657042688629,-0.6527469000600783,-1.6466933136570274,-1.1560128210304252,0.04279726374012918
1.0326711482586517,-0.08400436643709355,-0.3977455992588149,-0.5285952838599807,-0.62314246723257,-0.28705384036733,-0.8030249822226491,-1.0061729709954002,0.0477409155425287,-0.7846808878013312
0.6445032612627236,-0.5444982299607762,-0.5553944228116688,0.0235013307041355,0.18245450001367794,0.37969291394906873,-0.3531148534023811,-1.2920330582292237,-0.050468497373666314,0.18765594224303225
0.8861057821231566,0.43804671441277515,-0.44552141274996787,-0.9677234416954374,-0.5648606162164873,-0.49591999005418774,-0.8243391594062055,-0.8185913021459105,-0.23676656337872204,-0.32631222289929496
1.0064564722939942,0.05947347592536263,-0.4758645339445273,-0.770447936878347,-0.5770004480869977,-0.26659073414665535,-0.4138141515774816,-1.0805873406002569,-0.19768204745995172,0.1681072848584443
0.7584717579063933,0.09221275664844798,0.05548297233196789,-0.11774032106108281,0.6998689665974936,0.45269549917656715,-0.12332149794753207,-1.5687978806999892,-0.5796746777717894,1.0239976678428877
0.7691302914704763,-0.18218543764474446,-0.3658395076416818,-0.17823872655051998,-0.030940780523048893,0.030371815897018675,-0.3571933643334433,-1.280042048636635,-0.6446709686557994,0.48769414328662536
1.0687016032758532,0.23369155483912585,-0.4541973175538096,-0.5785154255559966,-0.5082578340119684,-0.229021339968829,-0.5002543533843788,-1.0984150668832917,-0.6008184256649192,0.009485266626281274
0.9256279812204478,0.31976710382525475,-0.37669815684944274,-0.3117021178713468,-0.18649846906940265,0.1096893418885644,-0.35947534261081515,-1.1981364987347565,-0.19964924631364106,0.1810289887169785
1.2804761304684307,0.01149374946128214,-0.01813539609645566,0.019725414915755676,0.29197875796393136,0.522034801156932,-0.5027228890359929,-1.4490254743835562,0.10455341183987298,-0.06705291667552409
1.6246316362193163,-0.35401612419566425,-0.42810379676330446,-0.34211572821512654,-0.6436767030080206,0.13378182700253793,-0.5864432658538868,-1.1715422184018855,0.4942536467190859,-0.6865649037445013
1.5880712852105714,-0.5792676361008567,-0.4091096266970725,-0.33354361545837924,-0.3458641953770311,0.2715372651999315,-0.49854114774462593,-1.2601083856414979,0.38549763687510746,-0.44839638324323733
1.5179989221950665,-0.590096752971006,-0.17947883766064798,-0.3634651838142493,0.41081311641940693,0.4740246332494912,-0.6027013901552989,-1.3396156785126774,-0.23803577636372536,-0.1836570966168835
1.4089104303160107,-0.7249818836939399,-0.4518652934861522,-0.48342083809935305,0.2672676384754745,0.410153868628975,-0.45018600811006904,-1.3305618954124852,-0.09448548257676026,-0.2886539812842482
1.693217961924735,-0.09905601332854266,-0.2052037376697045,-0.8443770670081183,-0.31328154575267364,-0.092920711325084,-0.8271997970339248,-1.0471966853404826,0.13492501099229318,-0.6881891585446708
0.8138789211400451,-1.5215172668979535,0.19842348159538803,0.9239279713058887,2.098687603338227,1.4270259523339457,-0.4493686433349904,-1.9361975598637535,-0.4773634548657786,0.46825516875673306
1.0689203924406778,-2.787009611617475,-0.7240290839708047,0.013134832277912718,-0.06762102117648469,0.043107551169604366,-1.1078298425210296,-1.1650725144099718,0.16371105955251447,-0.9332848192369875
0.5341394861104038,-3.027250709053385,-0.2369462743230483,0.5361609147254871,0.9030823898639238,0.5445416572126613,-1.0816217806757982,-1.3803270394545817,0.827895990704252,-0.8019289737986227
0.6736284930322631,-2.6456153502651873,0.5286898083648502,0.9141429899314072,1.6115246480724743,1.2397553639293777,-0.775037259497838,-1.7381584089032238,2.1514168784918763,-0.5800951195577689
-1.6788549644415323,-10.298380872217136,-1.1405570777790957,3.0361167084317446,2.3474637741412896,1.9567173193521967,-1.2218273175336953,-1.9724233046020636,2.2645610289666913,0.16126672343591542
0.09947931612495078,-3.0025097283903226,2.5664202607295707,-1.6241697093758372,1.9585292058408765,-0.5896220719913255,-2.2265086580573805,-0.9063247631112277,1.6437529192678737,-2.020106876065751
0.5155964601669341,-3.752183948005815,1.8638636389594596,-1.207094904902466,0.5328794783219175,-0.4052875609391112,-1.5554155291301022,-0.9558994400162659,1.5139613158607095,-0.47798391174137433
0.8207963268627124,-2.187960454269422,2.2368213434387028,-2.3069988590121855,0.31600512208466963,-0.8462652031779628,-1.7426309426340014,-0.6302695569634721,0.6265117557893212,-0.49567047251564533
0.9580143744052123,-2.6508590668700904,1.8958738194026046,-2.0536344137064217,-0.404285269886357,-0.8349235054445313,-1.5251617800862864,-0.7116422569106301,0.8784955670303674,-0.039616502786186066
1.3066956493069926,-1.5983973083292355,1.527531387061638,-0.951258611145024,-0.43222138899192425,0.6175404552881285,-1.5285300415719187,-1.5264836971552094,-0.23640619397263285,-0.7168644926401613
1.8825841085901898,-1.1801340242167302,0.9930126278558699,-1.643223148216447,-1.602616702612292,0.34376230455758977,-1.4570853815429454,-1.1841246670287209,-0.029327532078680305,-1.1041371172821275
2.0765568367144462,-0.07126127936354097,1.6899000767624606,-1.5311212416951783,-1.7015213310174362,0.7009734209159107,-1.0904332002121992,-1.7720433277118197,0.7184934623327134,-0.5578030427095846
1.8774989698651472,-0.842169756159508,0.876309852820918,-1.3622907887802906,-1.2155911647165707,0.8073112849422356,-1.3017078433182,-1.3242753239258693,-0.398579269350746,-0.473886895447409
1.845651704703244,-0.7354613193361926,0.8202527957918965,-1.2418366642901708,-1.1128365478023616,0.7769366102221272,-1.0224697468384425,-0.6974329222587448,-0.3895312414154147,-0.4952144734813667
1.8712393439312438,-0.7434508776103833,0.6761371268990675,-1.3074321277532492,-1.0763887793097169,0.7877134287726643,-1.0553587617758329,-0.586035308613316,-0.5577864507670084,-0.3911877487012366
1.9062947978135008,-0.6860242539177913,0.8149350978649097,-1.1162527276087602,-0.9632557297153387,0.9093191877188221,-0.9818395693945335,-0.6983341945449884,-0.5493478283135583,-0.04005695159949955
1.3381730020322526,-1.146246130352808,0.9608616929544275,-0.41963088684948335,-0.04982929056698723,1.2741244490998958,-1.1084785161293147,-0.9115723270717969,-1.176292187050904,-0.1123912977447804
1.8720677626002618,-0.8803820126830338,0.5562280940412792,-0.9034750941045353,-1.2696379225148968,0.9130962518651908,-1.0662729521638332,-0.583490322213905,-0.0523946808966824,-0.5607270708750227
2.1692535684831027,-0.8049508784637186,0.5671678211895632,-1.3798973836711577,-1.506701327545662,0.6882165335599323,-1.1067567621677652,-0.5052203592315214,-0.12005923447971181,-0.6546680768756266
1.8972533174006676,-1.161427831802521,0.7781388884728929,-0.7694192280488525,-0.052580183938614855,1.5237677996246353,-0.8597587944249332,-0.9074899839143007,-0.7500612889290919,0.3093746385137002
1.7796320287856735,-0.667568421746855,1.0360683039357783,-0.6892311421026627,0.14222621824119477,1.5912022855751646,-1.0368535529594052,-0.8673002187526906,-0.21132891542288176,-0.14917672318375771
2.0349601242280135,-0.9577657079201402,0.5867421257397402,-0.8840699896394425,-0.9050982068493839,1.213599855722619,-1.0281390947991873,-0.6396977119324866,0.16545662850640197,-0.4511417469878328
1.901500193878309,-0.9077951605555573,0.4682537344907795,-1.044929522903383,-0.8447740156124176,1.1295748782168462,-1.0535772574390425,-0.5648480390989336,-0.08575254112286215,-0.3657863067403965
1.9568616108597399,-0.743101429258106,0.5186445152592692,-1.3138837478425347,-0.8874410564907828,0.9652067535096173,-1.117535108143126,-0.5034416366353882,-0.3656056227366132,-0.37255308787263536
1.8984848526847276,-0.6004995858226769,0.4582088561249294,-1.2333470461160227,-1.0464060726631415,0.9653462881036406,-1.0601007985612327,-0.49288974006329744,-0.20215847862956013,-0.30972201215503536
1.7580346543793748,-0.6383857257436687,0.7673910099236961,-0.4014757871530021,-0.10489138535925975,1.7797040244220792,-0.8321102576563291,-0.8658079400067563,0.30679630289594717,0.019677075935049613
1.7255626757315494,-0.4935760363568295,0.7882035833164717,-0.5562174000267003,-0.2887685704530848,1.4953742481180266,-0.9066785776959535,-0.803522032385572,-0.016995290925310217,0.09408218705548138
1.5535659706355038,-0.9097441689554531,0.26834493269691695,-0.8649384568083133,-0.9878615432205362,0.9407341081948604,-1.1420899134408735,-0.47480915842870963,-0.4433659110318924,-0.30673653045075716
1.7609114898695837,-0.4691862838137536,0.5341384423279241,-1.0382330212130522,-0.8166620854558827,1.0246722247451514,-1.077155382151348,-0.5334770047665078,-0.24928523671537364,-0.14445773537009157
1.546069259849584,-0.6888002127360875,1.4169394420193777,0.5716077659113352,1.2962772053871972,1.9152748249592957,0.4874064832195901,1.0539323871631907,-0.0160141920025541,0.7667043648992515
0.8054029200250794,-1.1410116411667957,1.7277009268495676,2.480489996021734,2.176584271129016,2.9649671012597785,0.4415057100208309,0.6180057232814612,1.7615889298248626,0.11431775859155827
1.9059590422649721,-0.6031534073027556,0.9041982427839869,0.02890577222637813,-0.8757453380192765,0.6179312122600709,-0.1438637354185814,1.7518087380378362,0.9542648217977739,-0.6081205522813683
2.04687499410106,-0.400642429062024,1.0252431389017473,-0.2850794300011091,-0.807994065903977,0.3073117821457581,-0.2851766631304054,1.7994918267649482,0.26007655266378343,-0.1757690251049668
1.2106449717180447,-1.2629931977939899,1.6596289145750476,1.3253230556635553,2.447667076025591,2.163169033605157,0.30003549056267426,0.7593943760280187,-0.8465272484684155,1.551248411993286
2.307821070316207,0.13234202885923926,1.5136268214724455,1.4646348547960064,0.2878042638749614,-0.008074779285056208,-0.5633745483140942,1.2255430481300722,1.2208716993045508,-0.1333177300419785
2.422224780287204,-0.3746601144749439,0.5289094445638002,0.48702006072660187,0.15459772459577228,0.03827010945732853,0.18087022304754538,1.1304943534134386,1.0972603672563623,-0.3637306184802353
2.615860064304335,-0.33671615214819944,0.019962288926201374,-0.40834054675119164,-0.46722236439432785,-0.7327363973616945,0.19011779854408187,1.3957515552102961,0.17610514890057077,-0.27714338643830533
2.451378402761756,-0.5591394145253207,-0.020938096359308142,-0.45122893834544425,0.2608186147710803,-0.3458007561310333,0.5031371100463453,1.1774645630020448,-0.4082581600113858,0.21514680699081773
2.569623496415609,-0.2484769154777301,0.1482073807575968,-0.22754852753758179,0.027095649890133265,-0.39632126856707844,0.338437694839197,1.2130463390389994,0.29515675440422195,-0.2611327026288072
2.5128808807317724,-0.4131675782971717,0.1023048644649647,0.05089637578577232,0.24455644890661113,-0.1157423921528185,0.5240962970323856,1.0845138155528942,0.40682314621818877,-0.05651678222833362
2.456719706114707,-0.31844072310596644,0.1385270364497774,-0.1416346099684941,0.42835553396111337,-0.2304105891597672,0.5513075808087119,1.0625814004505878,-0.32244505993828787,0.21647659654790705
2.500239137681349,-0.3458891046702618,0.03063646480930983,-0.2078114797859206,0.14267335799671063,-0.3852493972774636,0.4878073064939557,1.1706034415144968,-0.13884624744417134,-0.09162334526054774
2.4709977638348133,-0.3323782765184295,-0.2385340921672517,-0.4990931621395972,-0.3383700845355602,-0.34861699435338095,-0.13753574203792782,0.12962439897190725,-0.08647849660055659,-0.33789410443984313
2.3918414550793154,-0.33526381311365855,0.1336191120301009,0.22835608607356533,0.48060679414747454,-0.0078042363172427,0.6606298507946772,0.9914621343873554,0.20034186229519269,0.005843699371779864
2.299982359233731,-0.10212357928087364,-0.43671870126452206,-0.3287193666789095,-0.0023659824722434344,-0.31304258220886133,0.2983159362803965,1.4425346264934171,0.29635153937351477,-0.654058211026665
2.462879149454472,-0.4101912443686299,-0.1583629712022231,-0.17861808763199646,0.13156054840947215,-0.2747137368811684,0.5594992811397016,1.1711142928046585,0.09305385959087023,-0.16531650271929124
2.4425615203376383,-0.3772283540479916,-0.16467088231182103,-0.23885415901718152,0.13819003253628445,-0.2800785210212276,0.5999856022569581,1.1699522207183413,0.07749751963947683,-0.07819181489762533
2.369267675444797,-0.20020122414788086,0.05047049983360005,-0.15640485223329118,0.3175995405489691,-0.3468821419016558,0.5283154565937129,1.130922147379581,-0.13663494566292866,0.08362523403950232
2.242935166695208,-0.22575798743494133,0.20703676317316635,0.43546262310979794,0.7968386212367148,-0.07491000301911094,0.4612760122451531,1.0013149346588943,-0.20719061292855037,0.0014152913894042158
2.1534185291323333,-0.3675616128484923,0.17825935447511057,0.7037573298675445,0.6770652601501393,0.04329324229833692,0.609183839299062,0.9133715368873466,0.35139341033628174,-0.03744166217630718
2.450379709867085,-0.4467315833330552,-0.13392123689578783,-0.012271958604199584,0.11317665584272836,-0.2597301698447458,0.5527570773282732,1.130560692057207,0.46245450144562794,-0.36076799134645193
2.2934228205006737,-0.30805092010380464,0.4407645045116456,0.8887526198584088,1.0855074267490161,0.4445712713457175,0.7627658786068215,0.7268511190631997,0.8320808023690738,-0.06886511038520676
2.473447521253396,-0.3117184248096574,0.1150374959109091,0.43644973982056373,0.1813676218055964,-0.09348447827592214,0.5961228447184141,1.0243018376999902,0.9453901862506423,-0.4894945751755654
2.556568135559885,-0.3572243945478429,-0.024877481502961832,0.033470537069648636,-0.07229102235541766,-0.35687028644159025,0.530305524878781,1.1501098051129413,0.6210452980341273,-0.4943640165580774
2.396614668186478,-0.3536228446983399,0.11651711563161975,0.3300553524859526,0.60000880865892,-0.027948970693831125,0.685648316669672,0.9772876187974129,0.1564234836113754,-0.02985923653857922
2.564438725011273,-0.3384048717755055,0.029499879652204727,-0.021008835542709135,0.26467897166631543,-0.2824327880613313,0.5568252624781456,1.1212178864765823,0.09122802288516293,-0.2323354860489585
1.456638520641089,0.7983790723957072,-0.9110888677173123,-0.21408723258357368,1.0742709904833267,0.14218313335421962,-0.12757922990737466,1.8358681736713014,0.20560275582245754,-0.8989705442479531
2.3376954626533717,-0.31029022452151656,-0.28339102796833215,-0.06533711301995647,-0.04677487634196729,-0.48846627149406996,0.4564146407815975,1.2167929687238555,0.3481909884822611,-0.2990708125381305
2.0293632157579258,0.04315116865232937,-0.0833277052130027,0.1403856087573962,0.8315978135007911,-0.17327520254492346,0.400499892494094,1.1413769732057455,-0.08636875564385445,0.027033871880136284
2.3240860942518076,-0.24511796191105162,-0.16594574002568296,0.03732216205579813,0.29124324890399234,-0.24537278574445506,0.49273420257726275,1.1177765490512515,0.5405699052052874,-0.15672547431438394
2.325807857019286,-0.20608171866430974,-0.20836755708275118,0.055255043005991815,0.18757393303746575,-0.21141128631849962,0.5598734998971122,1.1245036710539567,0.8358112312666875,-0.1629980845562504
2.315758659402458,-0.16183656854767592,-0.3465677691020516,-0.19024925981297167,-0.03376877723454411,-0.4819669698622827,0.526136055983548,1.2457026255912333,0.41753428538337023,-0.164326015074563
2.273299683274646,-0.1608092993696968,-0.16092343743028326,0.02829984760644413,0.43951650439447887,-0.2761811233218829,0.5238871865951913,1.11262193955955,0.23804685682102492,-0.03647916377907855
2.6541076033562456,-0.29989528164434776,0.06617962977644504,-0.08336911632166404,0.4487843942069673,-0.2367129376038131,0.5362890886868997,1.083261355546911,0.23414661386723606,-0.13869790779920071
2.5116882666834304,-0.1872988975736573,-0.17963260292265448,-0.25055577537063195,-0.043256058182659464,-0.5263041345884095,0.49499192985044094,1.2596650641187543,0.437521961499923,-0.38853789895336205
2.4216139565381574,-0.24779316965918105,-0.056443848432885066,-0.11496986427435994,0.5572315573274126,-0.2615672159634102,0.6231713592089444,1.1151291579596712,-0.09280151122177592,0.052041582285579306
2.5295361120505158,-0.30731583606961654,-0.052110884770418156,-0.1492779766587393,0.036812663152246954,-0.6033220152004651,0.5115963302117289,1.1950811867915756,0.1211374043102723,-0.2626061581687571
2.4731184182607686,-0.31056574944954707,-0.0513412458759739,-0.1188408654922226,0.021874557865828308,-0.6167630109216472,0.54512573499588,1.1853650413219385,0.12279469981683035,-0.156619082568467
2.170312352561724,-0.36343778967738244,0.49421746399185357,0.9528243508505927,1.7214958862742644,0.5369540610226587,0.9760647441194036,0.5671513378395174,0.08552178558007278,0.589927800955527
2.2702800208157043,-0.30249903676993845,-0.16108756741124175,0.14456167057190494,0.07119921434550025,-0.4986468335205303,0.5697321917982491,1.1963698664367999,0.3972408162481301,-0.4786032246900649
2.069264142762413,-0.23151290098017474,-0.15548568825939307,0.14081190406298622,0.3177628391151572,-0.44713618856742304,0.7904837494091723,1.1181425470286142,-0.09404375557586676,0.09702272318138988
2.076917361916223,-0.22224654064055732,-0.06776422711760338,0.3340577550724354,0.420989232269806,-0.2842640766537207,0.8740095684482416,1.030730675990321,0.21538120277333944,0.07233767748274073
1.7403306651533865,-0.0014381755821938152,0.23061458444728797,0.7659273353272364,1.2548600351568513,0.5346865904272766,0.11395599404965051,-1.02715635593857,-0.12396695782301574,0.499591810529274
1.9151708039181214,-0.0891932607893665,-0.12097530656468636,0.4474716739096938,0.08504202206117219,0.012590293215055072,0.10215732021926721,-0.7794963023519921,0.507043390160324,0.0041163975557965944
1.7896797333207455,-0.11281412738886401,-0.02320638195625471,0.8144393083437258,0.32258953184556804,0.15982360941835247,0.06263157106525241,-0.8501256293225631,0.5583035862225657,-0.052319311207483406
1.9708825428216554,-0.05648542537856767,0.001033198692263136,0.53976679118071,0.35009255552125834,-0.5400757199722804,0.5894109907275281,1.1395407258932677,-0.01865170916779458,-0.12776840824841101
1.973249329963865,-0.21902815487742902,0.0768572589649352,0.7956721431610846,0.3428476739785609,-0.429696742485889,0.6741795993656937,1.0284302422964853,0.2921545660645463,-0.1746870382837373
2.1698462980472932,-0.2471377831720311,0.05091663912936513,0.5046999706223751,0.27324577825325447,-0.4427975878844912,0.7155304584851006,1.0397727761160223,0.32316623463713356,-0.13905167528836615
2.179968723853926,-0.19319393878965746,0.004555008904291822,0.26697672507665093,0.17099109621766498,-0.5295942901894257,0.8015321419735011,1.0739141592937782,0.22664626605181976,0.08745340118388287
2.050432702454986,0.09533674852588685,-0.08871499799970858,-0.11342093482900771,0.08870520477297372,-0.8442087787718654,0.5033848486341119,1.3331403702049334,-0.12190129160085571,0.1131179702764005
1.8763227386793278,-0.11112344501978379,0.06421962108400138,0.22568875433449137,0.10411473949981588,-0.8817760671574545,0.7355115299223313,1.1342455531886944,-0.373708791965219,0.5912617527042318
1.917541987659271,-0.22802389159560763,-0.1672212519153115,0.06242305928651084,-0.02429069262003431,-0.8196939025760125,0.9371403937289947,1.1590050391125977,-0.38663420729747544,0.6307897690647957
1.6441699937617034,0.15670218832430294,0.19485135976872084,0.4459922234222253,0.9516926528413387,-0.4288076640288185,0.6962052689708085,1.0773468444255614,-0.3983086959261622,0.6422661201912866
1.7265491408209868,-0.10463814709087492,0.03131151562767712,0.5321059871837877,0.0634539936962299,-0.8677937939565433,0.7059012889800325,1.1581849246168707,-0.14162586997662419,0.311621870994356
1.4689982601003835,-0.12559781526996716,0.011436324370995553,0.9693591062917489,0.8727499478456292,-0.22912698588401736,0.8592299265900004,0.9965181728606083,-0.15496797095013046,0.4544066011381171
1.6433308196425638,0.1484258179743216,-0.03593800542314192,0.4620289818592352,0.14898828073732584,-0.7640879874377997,0.6553938717925494,1.2277615671930813,0.2459017789531111,0.10288214731749767
1.599407757897981,-0.08105688929191722,0.3971649634652419,1.1868815533003878,0.9239268803870154,-0.20617368896498153,0.8407435389651675,0.8460264415033811,0.28573372358443483,0.7117935275639011
1.7050207789098515,-0.17533017832976605,-0.04991372881322938,0.6590917834731771,-0.07101885416597299,-0.8367651640092698,0.7079354539624255,1.1887212243815997,0.1201330407180998,0.3196840876487932
1.7491108843130172,-0.04140626364739534,0.05080723985800646,0.43365090118968347,0.1662028284182377,-0.7408368331200638,0.6906470964479794,1.1573793039755245,0.1375638710050961,0.46973909792088575
1.108698586416198,0.13482008971892961,0.33274018749869705,1.4752059991048327,2.303582583733662,0.4957646958833214,0.8966043830936795,0.7722533729439143,-0.5951496925014306,1.2620480365925046
0.7180486394118688,0.5391879215238182,0.19282660501457646,2.107828807059561,1.4902682632876703,0.09937801807178158,0.3795782574902781,1.0735326903226998,0.8261512685222953,-0.15195337062758646
0.6735880572481245,0.3773714008275658,0.09519121282122112,2.1477189879382212,0.7482705220436903,-0.4307099009061523,-0.12160140011738857,0.5887325092686556,0.27718594705995825,-0.4356411695669452
0.8033229737015424,0.49841589330204916,-0.2991192007764372,1.5272809972009824,0.5611522835732397,-0.31623287891668034,-0.0157449467771033,0.7598049224598369,0.8017364934232764,-0.4087121340026562
1.2615565622941278,0.4389757230536756,-0.46690109906884036,0.30925137146043363,-0.14488013470973138,-0.9597608955076181,0.03155748470924735,0.931615328755943,0.22529982221890377,0.10956850613874848
1.143137751774669,0.08502578107592464,-0.3384470671918627,0.6322647304305095,-0.1017157610197514,-0.9459107001770151,0.19635355019034376,0.7209311044887249,0.026659384089379946,0.39221529552353673
0.8719394151253896,0.6185952643092318,-0.5020388684425712,0.5533439687948233,0.5406918746299798,-0.5355390641332278,0.1043577573268521,0.8569846830128722,0.18922299093870795,0.5088631307669295
1.168524903064169,0.08705123095454761,-0.3800492776199494,0.4902479412448965,0.23915535110013725,-0.8147632042133497,0.3964649134192,0.6559587548567273,-0.6219038078343201,0.805059459296662
0.676009341978725,0.18657457324645288,0.10694601130173029,1.6572094562824775,1.2906707465193663,-0.5494158528632825,0.13106690857077502,0.4961187421612212,-1.357792000106386,0.4617340881577949
1.4984054841010401,0.08803197074300168,-0.6511684998755666,-0.16456481597825245,-0.40476040832856053,-1.0744274391763269,0.2936213185810247,0.9684667982758686,-0.2633535725324617,0.027285449074731658
1.432298535930674,0.06281338750044133,-0.5435133553935001,0.06372356416623635,-0.001964344213288854,-0.8378273398635045,0.39496005008720236,0.8629253844325034,-0.5801337501163566,0.15246605871044325
1.195371820679277,0.1382429341919816,-0.04536471498064506,0.88205121088946,0.9292408100989925,-0.1701969605055054,0.11922531121520429,-0.07166777402240898,-0.5573131825717088,0.3180466288658338
1.3637638754295296,0.05837523003607688,-0.44830716267417375,0.5355514394305142,-0.04151031358006105,-0.49585740811312096,0.2364369309566887,0.11766733526112698,-0.004748072051596419,0.037865102812222814
1.6177253994854244,-0.08925266584630151,-0.45296105209309045,0.01977101760580734,-0.04412060814519203,-0.522816713163995,0.2811809917717361,0.14146504415123975,-0.19497761900126934,0.12040886617078553
1.2860763428886088,0.16332625634619863,-0.6206982458661614,0.09031380960273641,0.46045560949535325,-0.25180378873995196,0.2256711351826005,0.2018967308553096,-0.42281620199117237,0.20197957307431386
1.4336071370141337,0.25585006242879443,-0.5128354681647703,-0.35792072552664794,0.020641142123302553,-0.473039325928551,-0.4232825834181594,-0.9483157401387587,-0.7229854468215976,0.21946023469936102
1.4699387766002872,0.13985402607328917,-0.4742588736866837,0.10911070772391433,0.11123430228771088,-0.4531990584807377,0.25516679177972645,0.145914615790782,-0.15378479815430318,0.15028019972273726
1.4722571701599882,0.2053009354089154,-0.500821907553711,0.07993057532824499,0.08229514278040119,-0.44193561909837575,0.33444104263026153,0.143463373332588,-0.10208778259092009,0.18156631668410206
1.490184968806311,-0.18051638500201542,-0.6428469797828055,-0.07282288058276357,-0.04388550332627529,-0.6247305921490877,0.2987149709450307,0.19314349340259182,-0.5238411765072601,0.18292881643435627
1.7390285821211475,0.07328790134381552,-0.4901091514453458,-0.4985568322164742,-0.5001402284154901,-0.9837092472463718,0.22083430836546913,0.28338597892009654,-0.2531537153365588,-0.010347581577650934
1.5541213296871503,-0.0817684071619144,-0.41787279658955073,0.003346180807095322,0.49742943665174355,-0.2790950914059819,0.5287080256650899,-0.016784082798463714,-0.649491131499051,0.6478804302639221
1.4418209770624464,-0.10937106889773958,-0.27714333267476227,0.1594885788045046,0.43647330650983346,-0.4120627347606658,0.4802086796251295,-0.03965799815840209,-0.6821213445231548,0.36624426886079864
0.5015039142738499,-0.11964106250935093,0.9107338159880726,2.657533329255137,3.0630796339331945,0.8695058697241511,0.44786941920630235,-0.8604548490228996,-1.310987744719125,0.94978542976285
1.8637341687457003,-0.2944508211793771,-0.3085818642449769,0.46967475272018466,0.029895841550520327,-0.27369720202673103,0.23234103993877026,0.0264988068963761,0.5159751301476125,-0.6306579773592397
1.6022854528923822,-0.07750383051392343,-0.06759408699262232,0.636397861278213,0.48795827284313537,-0.24254092283674258,-0.04342112427643892,0.02812370677769169,0.3552449220342674,-0.6549115860518616
0.6292264037538088,0.31072455862950293,0.8994960249727458,2.751944662835281,2.7231961673122496,1.1632680961937332,-0.04640665904472109,-0.6614465849486719,1.1869030133105218,-0.028833575943618368
1.306196777246011,-0.011773064596695883,0.06104005694984145,2.005425670488695,0.7905668750591,0.6066632255071653,-0.01154014978459422,-0.23602570843637682,2.7010716225933074,-0.9812513396893401
1.8002204169745986,-0.18729418120164537,-0.09723902879172593,0.5741513098492711,0.23650131869421012,-0.17138613663796987,0.059622809341990844,-0.06756355970768443,1.2600060468641756,-0.3562653557536488
1.4674171306496875,-0.10886455421285714,0.18404053561852754,1.093474087787476,0.8614895490473559,-0.03478383345007971,0.11510264520101612,-0.24427747624557977,0.6453879182961026,0.03677401744398471
1.5688878887652555,0.08964540314281927,0.12285385546421072,0.6892922066304734,0.6321199858392849,-0.608628857570769,-0.4010501954734957,0.0826583589303296,-0.12564033987177312,-0.3154018491689708
1.6864264404156324,0.12894856882631697,-0.29525521981583647,0.0906642966284327,-0.03153442402524572,-0.6221636847318041,-0.007821442057641575,0.1827476231460232,0.5060048877233077,0.027431543411640388
1.763638757368744,-0.06582460012334121,-0.17890078443161386,0.11811675799625831,0.20130387746823014,-0.47959886648841443,0.17440939969328925,0.03841078421816172,0.34179934297621256,0.3147591681712852
1.9539631629213696,-0.15197520063775033,-0.5546145848383647,-0.5626098356788287,-0.37636904273344507,-0.9563825738129927,-0.13493373375982798,0.4500280094787765,-0.07875816511567853,-0.13686224031748895
2.022042910154229,-0.3970381057676666,-0.38681075461850467,-0.3829594591090253,-0.20559655429410453,-0.8031264117696696,0.033705883420856765,0.26896280853131455,-0.20672436355846271,0.02018914957354091
1.7970373527862726,-0.22696129117992572,-0.10710262540460293,-0.062469950191609065,0.33762075833653765,-0.619312899013027,-0.017428563004913997,0.13715896445737621,-0.2926695743462775,0.16158674231622402
1.3333152180593824,-0.07332499022737639,0.13758864845387714,0.9998932514635022,2.0656225789704887,0.4226975650702827,0.1809663277459751,-0.2285566221915603,-0.9449462252486582,0.7944065992397703
2.053894312028066,-0.5233119511716476,-0.540913160149907,-0.058324236753098314,0.06490779822195904,-0.5465736244825292,-0.22918859666889024,0.34400274959540633,-0.02775850529776513,-0.8119893294581915
2.4032544004196583,-0.5728997238919435,-0.2083477029988781,-0.12772286999371385,0.15960686089770673,-0.4573097458439362,-0.06994464859916469,0.1490843148062416,0.032625080398394936,-0.4978302607402642
2.2112508528178774,-0.21825372037910015,-0.4666618805158059,-0.4769496929509756,0.013480946937805285,-0.6006780942151082,-0.27813965951072595,0.423454833921693,0.10007751522192414,-0.6018269613669166
1.8797141803082753,-0.28260419376798596,0.04053251512685926,0.7128725433670086,1.3530959167208594,0.3391614712800515,0.12049266295998384,-0.1496926959582616,-0.0339563259940739,0.12982236900751765
2.3117963256758536,-0.38682552693333977,-0.2874820441761739,0.028988014872109044,-0.1228419905023315,-0.46507395066474727,-0.08566046219537206,0.20269026303303816,0.5531994769198612,-0.6291071797711284
2.1962035891189466,-0.5829079991294451,-0.10467900063566755,0.15724880990040999,0.48768958134766144,-0.22929702185084866,-0.0703234962725842,0.04751844832751137,0.12233134650913509,-0.2942746119209099
2.397804527121578,-0.39014204411895786,-0.1955917290731252,-0.2914119634738462,0.10793062914205122,-0.5516611456146326,-0.13912847480380403,0.22922104810628077,-0.1605151415163528,-0.30498277153984854
2.47774030086234,-0.38483657670731786,-0.2743160127106722,-0.301804591079002,0.053737535580844216,-0.4591106893145495,-0.03488881934579997,0.22798515330534466,-0.014079599882913041,-0.3843552887391685
2.4099830074283735,-0.2517214883887683,-0.2933008166982965,-0.3223111225751978,0.23227438769987077,-0.38064318444178785,-0.11589463565710309,0.27202359699819606,0.026017750707949445,-0.39243984220481387
2.5654323024404966,-0.4707549350938662,-0.387810194176342,-0.5354249998997442,-0.003438906788706436,-0.1393985270848433,-0.5934764613658432,-0.9491758575299193,0.10296857825306684,-0.504912282156684
